{2.706,2.156,-2.76},
{2.70599,2.15598,-2.76019},
{2.70599,2.15598,-2.76027},
{2.70598,2.15597,-2.76036},
{2.70598,2.15596,-2.76044},
{2.70597,2.15595,-2.76053},
{2.70593,2.15589,-2.7613},
{2.70592,2.15587,-2.7615},
{2.70591,2.15585,-2.7617},
{2.7059,2.15583,-2.7619},
{2.70589,2.15581,-2.7621},
{2.70588,2.1558,-2.7623},
{2.70587,2.15578,-2.7625},
{2.70586,2.15576,-2.7627},
{2.70584,2.15574,-2.7629},
{2.70583,2.15572,-2.7631},
{2.70582,2.15571,-2.76331},
{2.70581,2.15569,-2.76351},
{2.7058,2.15567,-2.76371},
{2.7057,2.15551,-2.76551},
{2.70568,2.15548,-2.76588},
{2.70566,2.15544,-2.76625},
{2.70564,2.15541,-2.76662},
{2.70562,2.15538,-2.76699},
{2.7056,2.15534,-2.76736},
{2.70558,2.15531,-2.76773},
{2.70556,2.15528,-2.7681},
{2.70554,2.15524,-2.76847},
{2.70552,2.15521,-2.76884},
{2.7055,2.15518,-2.76921},
{2.70548,2.15515,-2.76958},
{2.70546,2.15511,-2.76995},
{2.70544,2.15508,-2.77032},
{2.70542,2.15505,-2.77069},
{2.7054,2.15501,-2.77105},
{2.70538,2.15498,-2.77142},
{2.70536,2.15495,-2.77179},
{2.70534,2.15492,-2.77216},
{2.70517,2.15465,-2.77518},
{2.70514,2.15459,-2.77576},
{2.7051,2.15454,-2.77634},
{2.70507,2.15449,-2.77692},
{2.70503,2.15444,-2.7775},
{2.705,2.15438,-2.77808},
{2.70496,2.15433,-2.77866},
{2.70493,2.15428,-2.77924},
{2.7049,2.15423,-2.77981},
{2.70486,2.15417,-2.78039},
{2.70483,2.15412,-2.78097},
{2.70479,2.15407,-2.78155},
{2.70476,2.15401,-2.78213},
{2.70473,2.15396,-2.78271},
{2.70469,2.15391,-2.78329},
{2.70466,2.15386,-2.78387},
{2.70462,2.1538,-2.78445},
{2.70459,2.15375,-2.78503},
{2.70455,2.1537,-2.78561},
{2.70452,2.15365,-2.78619},
{2.70449,2.15359,-2.78677},
{2.70445,2.15354,-2.78735},
{2.70442,2.15349,-2.78792},
{2.70438,2.15344,-2.7885},
{2.70435,2.15338,-2.78908},
{2.70432,2.15333,-2.78966},
{2.70428,2.15328,-2.79024},
{2.70401,2.15285,-2.7949},
{2.70395,2.15278,-2.79565},
{2.7039,2.1527,-2.79639},
{2.70385,2.15263,-2.79714},
{2.7038,2.15255,-2.79788},
{2.70374,2.15247,-2.79863},
{2.70369,2.1524,-2.79937},
{2.70364,2.15232,-2.80012},
{2.70358,2.15225,-2.80086},
{2.70353,2.15217,-2.80161},
{2.70348,2.15209,-2.80236},
{2.70343,2.15202,-2.8031},
{2.70337,2.15194,-2.80385},
{2.70332,2.15187,-2.80459},
{2.70327,2.15179,-2.80534},
{2.70322,2.15171,-2.80608},
{2.70316,2.15164,-2.80683},
{2.70311,2.15156,-2.80758},
{2.70306,2.15149,-2.80832},
{2.70301,2.15141,-2.80907},
{2.70295,2.15133,-2.80981},
{2.7029,2.15126,-2.81056},
{2.70285,2.15118,-2.8113},
{2.7028,2.15111,-2.81205},
{2.70274,2.15103,-2.81279},
{2.70269,2.15095,-2.81354},
{2.70264,2.15088,-2.81429},
{2.70259,2.1508,-2.81503},
{2.70253,2.15073,-2.81578},
{2.70248,2.15065,-2.81652},
{2.70243,2.15057,-2.81727},
{2.70238,2.1505,-2.81801},
{2.70232,2.15042,-2.81876},
{2.70227,2.15035,-2.81951},
{2.70185,2.14974,-2.82537},
{2.70178,2.14964,-2.82616},
{2.7017,2.14954,-2.82695},
{2.70163,2.14944,-2.82774},
{2.70155,2.14933,-2.82853},
{2.70148,2.14923,-2.82931},
{2.7014,2.14913,-2.8301},
{2.70133,2.14903,-2.83089},
{2.70125,2.14893,-2.83168},
{2.70118,2.14882,-2.83247},
{2.7011,2.14872,-2.83326},
{2.70103,2.14862,-2.83405},
{2.70095,2.14852,-2.83484},
{2.70088,2.14842,-2.83563},
{2.7008,2.14831,-2.83642},
{2.70073,2.14821,-2.8372},
{2.70065,2.14811,-2.83799},
{2.70058,2.14801,-2.83878},
{2.7005,2.14791,-2.83957},
{2.70043,2.1478,-2.84036},
{2.70035,2.1477,-2.84115},
{2.70028,2.1476,-2.84194},
{2.7002,2.1475,-2.84273},
{2.70012,2.14739,-2.84352},
{2.70005,2.14729,-2.8443},
{2.69997,2.14719,-2.84509},
{2.6999,2.14709,-2.84588},
{2.69982,2.14699,-2.84667},
{2.69975,2.14688,-2.84746},
{2.69967,2.14678,-2.84825},
{2.6996,2.14668,-2.84904},
{2.69952,2.14658,-2.84983},
{2.69945,2.14648,-2.85062},
{2.69937,2.14637,-2.8514},
{2.6993,2.14627,-2.85219},
{2.69922,2.14617,-2.85298},
{2.69915,2.14607,-2.85377},
{2.69907,2.14597,-2.85456},
{2.699,2.14586,-2.85535},
{2.69892,2.14576,-2.85614},
{2.69885,2.14566,-2.85693},
{2.69826,2.14486,-2.86299},
{2.69816,2.14473,-2.86377},
{2.69805,2.1446,-2.86456},
{2.69795,2.14447,-2.86534},
{2.69785,2.14434,-2.86612},
{2.69775,2.14421,-2.86691},
{2.69765,2.14408,-2.86769},
{2.69754,2.14395,-2.86848},
{2.69744,2.14382,-2.86926},
{2.69734,2.14369,-2.87004},
{2.69724,2.14356,-2.87083},
{2.69713,2.14343,-2.87161},
{2.69703,2.1433,-2.8724},
{2.69693,2.14317,-2.87318},
{2.69683,2.14304,-2.87396},
{2.69673,2.14291,-2.87475},
{2.69662,2.14278,-2.87553},
{2.69652,2.14265,-2.87632},
{2.69642,2.14252,-2.8771},
{2.69632,2.14239,-2.87789},
{2.69622,2.14226,-2.87867},
{2.69611,2.14213,-2.87945},
{2.69601,2.142,-2.88024},
{2.69591,2.14187,-2.88102},
{2.69581,2.14174,-2.88181},
{2.6957,2.14161,-2.88259},
{2.6956,2.14148,-2.88337},
{2.6955,2.14135,-2.88416},
{2.6954,2.14122,-2.88494},
{2.6953,2.14109,-2.88573},
{2.69519,2.14096,-2.88651},
{2.69509,2.14083,-2.88729},
{2.69499,2.1407,-2.88808},
{2.69489,2.14057,-2.88886},
{2.69479,2.14044,-2.88965},
{2.69468,2.14031,-2.89043},
{2.69458,2.14018,-2.89121},
{2.69448,2.14005,-2.892},
{2.69438,2.13992,-2.89278},
{2.69428,2.13979,-2.89357},
{2.69417,2.13966,-2.89435},
{2.69407,2.13953,-2.89513},
{2.69397,2.1394,-2.89592},
{2.69387,2.13927,-2.8967},
{2.69376,2.13914,-2.89749},
{2.69366,2.13901,-2.89827},
{2.69356,2.13888,-2.89905},
{2.69279,2.1379,-2.90493},
{2.69266,2.13774,-2.90572},
{2.69253,2.13759,-2.9065},
{2.69239,2.13743,-2.90729},
{2.69226,2.13727,-2.90808},
{2.69213,2.13711,-2.90886},
{2.69199,2.13695,-2.90965},
{2.69186,2.13679,-2.91043},
{2.69173,2.13663,-2.91122},
{2.69159,2.13647,-2.91201},
{2.69146,2.13631,-2.91279},
{2.69133,2.13615,-2.91358},
{2.69119,2.13599,-2.91436},
{2.69106,2.13584,-2.91515},
{2.69093,2.13568,-2.91594},
{2.69079,2.13552,-2.91672},
{2.69066,2.13536,-2.91751},
{2.69053,2.1352,-2.9183},
{2.69039,2.13504,-2.91908},
{2.69026,2.13488,-2.91987},
{2.69013,2.13472,-2.92065},
{2.68999,2.13456,-2.92144},
{2.68986,2.1344,-2.92223},
{2.68973,2.13425,-2.92301},
{2.68959,2.13409,-2.9238},
{2.68946,2.13393,-2.92458},
{2.68933,2.13377,-2.92537},
{2.68919,2.13361,-2.92616},
{2.68906,2.13345,-2.92694},
{2.68893,2.13329,-2.92773},
{2.68879,2.13313,-2.92851},
{2.68866,2.13297,-2.9293},
{2.68853,2.13281,-2.93009},
{2.6884,2.13266,-2.93087},
{2.68826,2.1325,-2.93166},
{2.68813,2.13234,-2.93245},
{2.688,2.13218,-2.93323},
{2.68786,2.13202,-2.93402},
{2.68773,2.13186,-2.9348},
{2.6876,2.1317,-2.93559},
{2.68746,2.13154,-2.93638},
{2.68733,2.13138,-2.93716},
{2.6872,2.13122,-2.93795},
{2.68706,2.13106,-2.93873},
{2.68693,2.13091,-2.93952},
{2.6868,2.13075,-2.94031},
{2.68666,2.13059,-2.94109},
{2.68653,2.13043,-2.94188},
{2.6864,2.13027,-2.94267},
{2.68626,2.13011,-2.94345},
{2.68613,2.12995,-2.94424},
{2.686,2.12979,-2.94502},
{2.68586,2.12963,-2.94581},
{2.68573,2.12947,-2.9466},
{2.68476,2.12831,-2.95232},
{2.68459,2.12813,-2.9531},
{2.68442,2.12794,-2.95389},
{2.68425,2.12775,-2.95467},
{2.68408,2.12756,-2.95546},
{2.68391,2.12737,-2.95624},
{2.68374,2.12719,-2.95703},
{2.68357,2.127,-2.95781},
{2.6834,2.12681,-2.9586},
{2.68323,2.12662,-2.95938},
{2.68306,2.12643,-2.96017},
{2.6829,2.12625,-2.96095},
{2.68273,2.12606,-2.96174},
{2.68256,2.12587,-2.96252},
{2.68239,2.12568,-2.96331},
{2.68222,2.12549,-2.96409},
{2.68205,2.12531,-2.96487},
{2.68188,2.12512,-2.96566},
{2.68171,2.12493,-2.96644},
{2.68154,2.12474,-2.96723},
{2.68137,2.12455,-2.96801},
{2.68121,2.12436,-2.9688},
{2.68104,2.12418,-2.96958},
{2.68087,2.12399,-2.97037},
{2.6807,2.1238,-2.97115},
{2.68053,2.12361,-2.97194},
{2.68036,2.12342,-2.97272},
{2.68019,2.12324,-2.97351},
{2.68002,2.12305,-2.97429},
{2.67985,2.12286,-2.97508},
{2.67968,2.12267,-2.97586},
{2.67951,2.12248,-2.97665},
{2.67935,2.1223,-2.97743},
{2.67918,2.12211,-2.97822},
{2.67901,2.12192,-2.979},
{2.67884,2.12173,-2.97979},
{2.67867,2.12154,-2.98057},
{2.6785,2.12136,-2.98136},
{2.67833,2.12117,-2.98214},
{2.67816,2.12098,-2.98293},
{2.67799,2.12079,-2.98371},
{2.67782,2.1206,-2.9845},
{2.67766,2.12042,-2.98528},
{2.67749,2.12023,-2.98607},
{2.67732,2.12004,-2.98685},
{2.67715,2.11985,-2.98764},
{2.67698,2.11966,-2.98842},
{2.67681,2.11948,-2.98921},
{2.67664,2.11929,-2.98999},
{2.67647,2.1191,-2.99078},
{2.6763,2.11891,-2.99156},
{2.67613,2.11872,-2.99235},
{2.67596,2.11854,-2.99313},
{2.6758,2.11835,-2.99392},
{2.67563,2.11816,-2.9947},
{2.67546,2.11797,-2.99549},
{2.67529,2.11778,-2.99627},
{2.67512,2.1176,-2.99706},
{2.67495,2.11741,-2.99784},
{2.67478,2.11722,-2.99863},
{2.67461,2.11703,-2.99941},
{2.67339,2.11568,-3.00493},
{2.67318,2.11547,-3.00572},
{2.67297,2.11525,-3.00651},
{2.67276,2.11504,-3.00729},
{2.67255,2.11482,-3.00808},
{2.67234,2.1146,-3.00886},
{2.67213,2.11439,-3.00965},
{2.67193,2.11417,-3.01043},
{2.67172,2.11396,-3.01122},
{2.67151,2.11374,-3.01201},
{2.6713,2.11352,-3.01279},
{2.67109,2.11331,-3.01358},
{2.67088,2.11309,-3.01436},
{2.67067,2.11288,-3.01515},
{2.67046,2.11266,-3.01593},
{2.67025,2.11245,-3.01672},
{2.67005,2.11223,-3.01751},
{2.66984,2.11201,-3.01829},
{2.66963,2.1118,-3.01908},
{2.66942,2.11158,-3.01986},
{2.66921,2.11137,-3.02065},
{2.669,2.11115,-3.02143},
{2.66879,2.11093,-3.02222},
{2.66858,2.11072,-3.02301},
{2.66838,2.1105,-3.02379},
{2.66817,2.11029,-3.02458},
{2.66796,2.11007,-3.02536},
{2.66775,2.10985,-3.02615},
{2.66754,2.10964,-3.02693},
{2.66733,2.10942,-3.02772},
{2.66712,2.10921,-3.02851},
{2.66691,2.10899,-3.02929},
{2.6667,2.10877,-3.03008},
{2.6665,2.10856,-3.03086},
{2.66629,2.10834,-3.03165},
{2.66608,2.10813,-3.03243},
{2.66587,2.10791,-3.03322},
{2.66566,2.1077,-3.03401},
{2.66545,2.10748,-3.03479},
{2.66524,2.10726,-3.03558},
{2.66503,2.10705,-3.03636},
{2.66483,2.10683,-3.03715},
{2.66462,2.10662,-3.03793},
{2.66441,2.1064,-3.03872},
{2.6642,2.10618,-3.03951},
{2.66399,2.10597,-3.04029},
{2.66378,2.10575,-3.04108},
{2.66357,2.10554,-3.04186},
{2.66336,2.10532,-3.04265},
{2.66315,2.1051,-3.04344},
{2.66295,2.10489,-3.04422},
{2.66274,2.10467,-3.04501},
{2.66253,2.10446,-3.04579},
{2.66232,2.10424,-3.04658},
{2.66211,2.10402,-3.04736},
{2.6619,2.10381,-3.04815},
{2.66169,2.10359,-3.04894},
{2.66148,2.10338,-3.04972},
{2.66127,2.10316,-3.05051},
{2.66107,2.10295,-3.05129},
{2.66086,2.10273,-3.05208},
{2.66065,2.10251,-3.05286},
{2.66044,2.1023,-3.05365},
{2.66023,2.10208,-3.05444},
{2.66002,2.10187,-3.05522},
{2.65981,2.10165,-3.05601},
{2.65837,2.10017,-3.06132},
{2.65812,2.09993,-3.06211},
{2.65787,2.09969,-3.06289},
{2.65761,2.09945,-3.06368},
{2.65736,2.09921,-3.06446},
{2.65711,2.09896,-3.06525},
{2.65685,2.09872,-3.06604},
{2.6566,2.09848,-3.06682},
{2.65635,2.09824,-3.06761},
{2.6561,2.098,-3.06839},
{2.65584,2.09776,-3.06918},
{2.65559,2.09751,-3.06996},
{2.65534,2.09727,-3.07075},
{2.65508,2.09703,-3.07153},
{2.65483,2.09679,-3.07232},
{2.65458,2.09655,-3.0731},
{2.65433,2.09631,-3.07389},
{2.65407,2.09606,-3.07467},
{2.65382,2.09582,-3.07546},
{2.65357,2.09558,-3.07624},
{2.65331,2.09534,-3.07703},
{2.65306,2.0951,-3.07781},
{2.65281,2.09486,-3.0786},
{2.65256,2.09462,-3.07938},
{2.6523,2.09437,-3.08017},
{2.65205,2.09413,-3.08095},
{2.6518,2.09389,-3.08174},
{2.65154,2.09365,-3.08252},
{2.65129,2.09341,-3.08331},
{2.65104,2.09317,-3.08409},
{2.65078,2.09292,-3.08488},
{2.65053,2.09268,-3.08566},
{2.65028,2.09244,-3.08645},
{2.65003,2.0922,-3.08723},
{2.64977,2.09196,-3.08802},
{2.64952,2.09172,-3.0888},
{2.64927,2.09147,-3.08959},
{2.64901,2.09123,-3.09037},
{2.64876,2.09099,-3.09116},
{2.64851,2.09075,-3.09194},
{2.64826,2.09051,-3.09273},
{2.648,2.09027,-3.09351},
{2.64775,2.09003,-3.0943},
{2.6475,2.08978,-3.09508},
{2.64724,2.08954,-3.09587},
{2.64699,2.0893,-3.09666},
{2.64674,2.08906,-3.09744},
{2.64649,2.08882,-3.09823},
{2.64623,2.08858,-3.09901},
{2.64598,2.08833,-3.0998},
{2.64573,2.08809,-3.10058},
{2.64547,2.08785,-3.10137},
{2.64522,2.08761,-3.10215},
{2.64497,2.08737,-3.10294},
{2.64472,2.08713,-3.10372},
{2.64446,2.08688,-3.10451},
{2.64421,2.08664,-3.10529},
{2.64396,2.0864,-3.10608},
{2.6437,2.08616,-3.10686},
{2.64345,2.08592,-3.10765},
{2.6432,2.08568,-3.10843},
{2.64295,2.08544,-3.10922},
{2.64269,2.08519,-3.11},
{2.64244,2.08495,-3.11079},
{2.64219,2.08471,-3.11157},
{2.64193,2.08447,-3.11236},
{2.64168,2.08423,-3.11314},
{2.64143,2.08399,-3.11393},
{2.64118,2.08374,-3.11471},
{2.64092,2.0835,-3.1155},
{2.64067,2.08326,-3.11628},
{2.64042,2.08302,-3.11707},
{2.63875,2.08144,-3.12215},
{2.63845,2.08118,-3.12294},
{2.63815,2.08091,-3.12373},
{2.63785,2.08065,-3.12451},
{2.63755,2.08038,-3.1253},
{2.63725,2.08012,-3.12608},
{2.63695,2.07986,-3.12687},
{2.63665,2.07959,-3.12765},
{2.63635,2.07933,-3.12844},
{2.63605,2.07907,-3.12923},
{2.63575,2.0788,-3.13001},
{2.63545,2.07854,-3.1308},
{2.63515,2.07827,-3.13158},
{2.63485,2.07801,-3.13237},
{2.63455,2.07775,-3.13315},
{2.63425,2.07748,-3.13394},
{2.63395,2.07722,-3.13472},
{2.63365,2.07695,-3.13551},
{2.63335,2.07669,-3.1363},
{2.63304,2.07643,-3.13708},
{2.63274,2.07616,-3.13787},
{2.63244,2.0759,-3.13865},
{2.63214,2.07563,-3.13944},
{2.63184,2.07537,-3.14022},
{2.63154,2.07511,-3.14101},
{2.63124,2.07484,3.14139},
{2.63094,2.07458,3.1406},
{2.63064,2.07432,3.13982},
{2.63034,2.07405,3.13903},
{2.63004,2.07379,3.13825},
{2.62974,2.07352,3.13746},
{2.62944,2.07326,3.13668},
{2.62914,2.073,3.13589},
{2.62884,2.07273,3.13511},
{2.62854,2.07247,3.13432},
{2.62824,2.0722,3.13353},
{2.62794,2.07194,3.13275},
{2.62764,2.07168,3.13196},
{2.62734,2.07141,3.13118},
{2.62704,2.07115,3.13039},
{2.62674,2.07088,3.12961},
{2.62644,2.07062,3.12882},
{2.62614,2.07036,3.12803},
{2.62584,2.07009,3.12725},
{2.62554,2.06983,3.12646},
{2.62524,2.06956,3.12568},
{2.62494,2.0693,3.12489},
{2.62464,2.06904,3.12411},
{2.62434,2.06877,3.12332},
{2.62404,2.06851,3.12254},
{2.62374,2.06825,3.12175},
{2.62344,2.06798,3.12096},
{2.62314,2.06772,3.12018},
{2.62284,2.06745,3.11939},
{2.62254,2.06719,3.11861},
{2.62224,2.06693,3.11782},
{2.62194,2.06666,3.11704},
{2.62164,2.0664,3.11625},
{2.62134,2.06613,3.11546},
{2.62104,2.06587,3.11468},
{2.62074,2.06561,3.11389},
{2.62044,2.06534,3.11311},
{2.62013,2.06508,3.11232},
{2.61983,2.06481,3.11154},
{2.61953,2.06455,3.11075},
{2.61923,2.06429,3.10997},
{2.61893,2.06402,3.10918},
{2.61863,2.06376,3.10839},
{2.61833,2.06349,3.10761},
{2.61803,2.06323,3.10682},
{2.61773,2.06297,3.10604},
{2.61743,2.0627,3.10525},
{2.61713,2.06244,3.10447},
{2.61683,2.06218,3.10368},
{2.61653,2.06191,3.10289},
{2.61623,2.06165,3.10211},
{2.61593,2.06138,3.10132},
{2.61407,2.05975,3.09648},
{2.61372,2.05947,3.09569},
{2.61337,2.05919,3.09491},
{2.61302,2.05891,3.09412},
{2.61267,2.05863,3.09334},
{2.61232,2.05834,3.09255},
{2.61197,2.05806,3.09177},
{2.61162,2.05778,3.09098},
{2.61127,2.0575,3.0902},
{2.61092,2.05722,3.08941},
{2.61057,2.05693,3.08863},
{2.61022,2.05665,3.08784},
{2.60987,2.05637,3.08706},
{2.60952,2.05609,3.08627},
{2.60916,2.05581,3.08549},
{2.60881,2.05553,3.0847},
{2.60846,2.05524,3.08392},
{2.60811,2.05496,3.08313},
{2.60776,2.05468,3.08235},
{2.60741,2.0544,3.08156},
{2.60706,2.05412,3.08078},
{2.60671,2.05383,3.07999},
{2.60636,2.05355,3.07921},
{2.60601,2.05327,3.07842},
{2.60566,2.05299,3.07763},
{2.60531,2.05271,3.07685},
{2.60496,2.05242,3.07606},
{2.60461,2.05214,3.07528},
{2.60425,2.05186,3.07449},
{2.6039,2.05158,3.07371},
{2.60355,2.0513,3.07292},
{2.6032,2.05101,3.07214},
{2.60285,2.05073,3.07135},
{2.6025,2.05045,3.07057},
{2.60215,2.05017,3.06978},
{2.6018,2.04989,3.069},
{2.60145,2.0496,3.06821},
{2.6011,2.04932,3.06743},
{2.60075,2.04904,3.06664},
{2.6004,2.04876,3.06586},
{2.60005,2.04848,3.06507},
{2.5997,2.0482,3.06429},
{2.59934,2.04791,3.0635},
{2.59899,2.04763,3.06272},
{2.59864,2.04735,3.06193},
{2.59829,2.04707,3.06115},
{2.59794,2.04679,3.06036},
{2.59759,2.0465,3.05958},
{2.59724,2.04622,3.05879},
{2.59689,2.04594,3.058},
{2.59654,2.04566,3.05722},
{2.59619,2.04538,3.05643},
{2.59584,2.04509,3.05565},
{2.59549,2.04481,3.05486},
{2.59514,2.04453,3.05408},
{2.59479,2.04425,3.05329},
{2.59443,2.04397,3.05251},
{2.59408,2.04368,3.05172},
{2.59373,2.0434,3.05094},
{2.59338,2.04312,3.05015},
{2.59303,2.04284,3.04937},
{2.59268,2.04256,3.04858},
{2.59233,2.04227,3.0478},
{2.59198,2.04199,3.04701},
{2.59163,2.04171,3.04623},
{2.59128,2.04143,3.04544},
{2.59093,2.04115,3.04466},
{2.59058,2.04087,3.04387},
{2.59023,2.04058,3.04309},
{2.58988,2.0403,3.0423},
{2.58952,2.04002,3.04152},
{2.58917,2.03974,3.04073},
{2.58882,2.03946,3.03994},
{2.58847,2.03917,3.03916},
{2.58812,2.03889,3.03837},
{2.58777,2.03861,3.03759},
{2.58742,2.03833,3.0368},
{2.58707,2.03805,3.03602},
{2.58672,2.03776,3.03523},
{2.58637,2.03748,3.03445},
{2.58602,2.0372,3.03366},
{2.58567,2.03692,3.03288},
{2.58532,2.03664,3.03209},
{2.58325,2.03499,3.02751},
{2.58284,2.03469,3.02673},
{2.58244,2.0344,3.02594},
{2.58204,2.0341,3.02516},
{2.58163,2.03381,3.02437},
{2.58123,2.03351,3.02358},
{2.58083,2.03322,3.0228},
{2.58042,2.03292,3.02201},
{2.58002,2.03263,3.02123},
{2.57962,2.03233,3.02044},
{2.57922,2.03204,3.01966},
{2.57881,2.03175,3.01887},
{2.57841,2.03145,3.01809},
{2.57801,2.03116,3.0173},
{2.5776,2.03086,3.01651},
{2.5772,2.03057,3.01573},
{2.5768,2.03027,3.01494},
{2.57639,2.02998,3.01416},
{2.57599,2.02968,3.01337},
{2.57559,2.02939,3.01259},
{2.57518,2.02909,3.0118},
{2.57478,2.0288,3.01102},
{2.57438,2.02851,3.01023},
{2.57398,2.02821,3.00944},
{2.57357,2.02792,3.00866},
{2.57317,2.02762,3.00787},
{2.57277,2.02733,3.00709},
{2.57236,2.02703,3.0063},
{2.57196,2.02674,3.00552},
{2.57156,2.02644,3.00473},
{2.57115,2.02615,3.00395},
{2.57075,2.02585,3.00316},
{2.57035,2.02556,3.00237},
{2.56994,2.02526,3.00159},
{2.56954,2.02497,3.0008},
{2.56914,2.02468,3.00002},
{2.56873,2.02438,2.99923},
{2.56833,2.02409,2.99845},
{2.56793,2.02379,2.99766},
{2.56753,2.0235,2.99688},
{2.56712,2.0232,2.99609},
{2.56672,2.02291,2.9953},
{2.56632,2.02261,2.99452},
{2.56591,2.02232,2.99373},
{2.56551,2.02202,2.99295},
{2.56511,2.02173,2.99216},
{2.5647,2.02143,2.99138},
{2.5643,2.02114,2.99059},
{2.5639,2.02085,2.98981},
{2.56349,2.02055,2.98902},
{2.56309,2.02026,2.98823},
{2.56269,2.01996,2.98745},
{2.56229,2.01967,2.98666},
{2.56188,2.01937,2.98588},
{2.56148,2.01908,2.98509},
{2.56108,2.01878,2.98431},
{2.56067,2.01849,2.98352},
{2.56027,2.01819,2.98274},
{2.55987,2.0179,2.98195},
{2.55946,2.01761,2.98116},
{2.55906,2.01731,2.98038},
{2.55866,2.01702,2.97959},
{2.55825,2.01672,2.97881},
{2.55785,2.01643,2.97802},
{2.55745,2.01613,2.97724},
{2.55704,2.01584,2.97645},
{2.55664,2.01554,2.97567},
{2.55624,2.01525,2.97488},
{2.55584,2.01495,2.97409},
{2.55543,2.01466,2.97331},
{2.55503,2.01436,2.97252},
{2.55463,2.01407,2.97174},
{2.55422,2.01378,2.97095},
{2.55382,2.01348,2.97017},
{2.55342,2.01319,2.96938},
{2.55301,2.01289,2.9686},
{2.55261,2.0126,2.96781},
{2.55221,2.0123,2.96702},
{2.5518,2.01201,2.96624},
{2.5514,2.01171,2.96545},
{2.551,2.01142,2.96467},
{2.5506,2.01112,2.96388},
{2.55019,2.01083,2.9631},
{2.54979,2.01053,2.96231},
{2.54939,2.01024,2.96153},
{2.54898,2.00995,2.96074},
{2.54858,2.00965,2.95995},
{2.54818,2.00936,2.95917},
{2.54592,2.00774,2.95486},
{2.54546,2.00743,2.95408},
{2.545,2.00713,2.95329},
{2.54455,2.00683,2.95251},
{2.54409,2.00653,2.95172},
{2.54363,2.00623,2.95094},
{2.54318,2.00593,2.95015},
{2.54272,2.00563,2.94937},
{2.54226,2.00533,2.94858},
{2.54181,2.00503,2.9478},
{2.54135,2.00472,2.94701},
{2.54089,2.00442,2.94623},
{2.54044,2.00412,2.94544},
{2.53998,2.00382,2.94466},
{2.53952,2.00352,2.94387},
{2.53907,2.00322,2.94308},
{2.53861,2.00292,2.9423},
{2.53815,2.00262,2.94151},
{2.53769,2.00231,2.94073},
{2.53724,2.00201,2.93994},
{2.53678,2.00171,2.93916},
{2.53632,2.00141,2.93837},
{2.53587,2.00111,2.93759},
{2.53541,2.00081,2.9368},
{2.53495,2.00051,2.93602},
{2.5345,2.00021,2.93523},
{2.53404,1.99991,2.93445},
{2.53358,1.9996,2.93366},
{2.53313,1.9993,2.93288},
{2.53267,1.999,2.93209},
{2.53221,1.9987,2.93131},
{2.53176,1.9984,2.93052},
{2.5313,1.9981,2.92974},
{2.53084,1.9978,2.92895},
{2.53039,1.9975,2.92817},
{2.52993,1.99719,2.92738},
{2.52947,1.99689,2.92659},
{2.52902,1.99659,2.92581},
{2.52856,1.99629,2.92502},
{2.5281,1.99599,2.92424},
{2.52765,1.99569,2.92345},
{2.52719,1.99539,2.92267},
{2.52673,1.99509,2.92188},
{2.52628,1.99479,2.9211},
{2.52582,1.99448,2.92031},
{2.52536,1.99418,2.91953},
{2.52491,1.99388,2.91874},
{2.52445,1.99358,2.91796},
{2.52399,1.99328,2.91717},
{2.52354,1.99298,2.91639},
{2.52308,1.99268,2.9156},
{2.52262,1.99238,2.91482},
{2.52217,1.99207,2.91403},
{2.52171,1.99177,2.91325},
{2.52125,1.99147,2.91246},
{2.52079,1.99117,2.91167},
{2.52034,1.99087,2.91089},
{2.51988,1.99057,2.9101},
{2.51942,1.99027,2.90932},
{2.51897,1.98997,2.90853},
{2.51851,1.98967,2.90775},
{2.51805,1.98936,2.90696},
{2.5176,1.98906,2.90618},
{2.51714,1.98876,2.90539},
{2.51668,1.98846,2.90461},
{2.51623,1.98816,2.90382},
{2.51577,1.98786,2.90304},
{2.51531,1.98756,2.90225},
{2.51486,1.98726,2.90147},
{2.5144,1.98695,2.90068},
{2.51394,1.98665,2.8999},
{2.51349,1.98635,2.89911},
{2.51303,1.98605,2.89833},
{2.51257,1.98575,2.89754},
{2.51212,1.98545,2.89676},
{2.51166,1.98515,2.89597},
{2.5112,1.98485,2.89518},
{2.51075,1.98455,2.8944},
{2.51029,1.98424,2.89361},
{2.50983,1.98394,2.89283},
{2.50938,1.98364,2.89204},
{2.50892,1.98334,2.89126},
{2.50846,1.98304,2.89047},
{2.50801,1.98274,2.88969},
{2.50755,1.98244,2.8889},
{2.50709,1.98214,2.88812},
{2.50664,1.98183,2.88733},
{2.50618,1.98153,2.88655},
{2.50572,1.98123,2.88576},
{2.50527,1.98093,2.88498},
{2.50481,1.98063,2.88419},
{2.50435,1.98033,2.88341},
{2.50197,1.97879,2.87939},
{2.50146,1.97849,2.87861},
{2.50095,1.97819,2.87782},
{2.50043,1.97789,2.87704},
{2.49992,1.97759,2.87625},
{2.49941,1.97728,2.87547},
{2.4989,1.97698,2.87468},
{2.49839,1.97668,2.87389},
{2.49788,1.97638,2.87311},
{2.49737,1.97608,2.87232},
{2.49686,1.97578,2.87154},
{2.49635,1.97548,2.87075},
{2.49584,1.97518,2.86997},
{2.49533,1.97488,2.86918},
{2.49482,1.97458,2.8684},
{2.49431,1.97427,2.86761},
{2.4938,1.97397,2.86682},
{2.49329,1.97367,2.86604},
{2.49278,1.97337,2.86525},
{2.49227,1.97307,2.86447},
{2.49176,1.97277,2.86368},
{2.49125,1.97247,2.8629},
{2.49074,1.97217,2.86211},
{2.49023,1.97187,2.86133},
{2.48972,1.97157,2.86054},
{2.48921,1.97126,2.85975},
{2.4887,1.97096,2.85897},
{2.48819,1.97066,2.85818},
{2.48768,1.97036,2.8574},
{2.48717,1.97006,2.85661},
{2.48666,1.96976,2.85583},
{2.48615,1.96946,2.85504},
{2.48564,1.96916,2.85426},
{2.48513,1.96886,2.85347},
{2.48462,1.96856,2.85268},
{2.48411,1.96825,2.8519},
{2.4836,1.96795,2.85111},
{2.48309,1.96765,2.85033},
{2.48258,1.96735,2.84954},
{2.48207,1.96705,2.84876},
{2.48156,1.96675,2.84797},
{2.48105,1.96645,2.84719},
{2.48054,1.96615,2.8464},
{2.48003,1.96585,2.84562},
{2.47952,1.96555,2.84483},
{2.47901,1.96524,2.84404},
{2.4785,1.96494,2.84326},
{2.47799,1.96464,2.84247},
{2.47748,1.96434,2.84169},
{2.47697,1.96404,2.8409},
{2.47646,1.96374,2.84012},
{2.47595,1.96344,2.83933},
{2.47544,1.96314,2.83855},
{2.47493,1.96284,2.83776},
{2.47442,1.96253,2.83697},
{2.4739,1.96223,2.83619},
{2.47339,1.96193,2.8354},
{2.47288,1.96163,2.83462},
{2.47237,1.96133,2.83383},
{2.47186,1.96103,2.83305},
{2.47135,1.96073,2.83226},
{2.47084,1.96043,2.83148},
{2.47033,1.96013,2.83069},
{2.46982,1.95983,2.8299},
{2.46931,1.95952,2.82912},
{2.4688,1.95922,2.82833},
{2.46829,1.95892,2.82755},
{2.46778,1.95862,2.82676},
{2.46727,1.95832,2.82598},
{2.46676,1.95802,2.82519},
{2.46625,1.95772,2.82441},
{2.46574,1.95742,2.82362},
{2.46523,1.95712,2.82283},
{2.46472,1.95682,2.82205},
{2.46421,1.95651,2.82126},
{2.4637,1.95621,2.82048},
{2.46319,1.95591,2.81969},
{2.46268,1.95561,2.81891},
{2.46217,1.95531,2.81812},
{2.46166,1.95501,2.81734},
{2.46115,1.95471,2.81655},
{2.46064,1.95441,2.81576},
{2.46013,1.95411,2.81498},
{2.45962,1.95381,2.81419},
{2.45911,1.9535,2.81341},
{2.4586,1.9532,2.81262},
{2.45809,1.9529,2.81184},
{2.45758,1.9526,2.81105},
{2.45707,1.9523,2.81027},
{2.45656,1.952,2.80948},
{2.45605,1.9517,2.80869},
{2.45554,1.9514,2.80791},
{2.45503,1.9511,2.80712},
{2.45452,1.9508,2.80634},
{2.45401,1.95049,2.80555},
{2.4535,1.95019,2.80477},
{2.45104,1.94878,2.80106},
{2.45048,1.94848,2.80027},
{2.44992,1.94819,2.79949},
{2.44935,1.9479,2.7987},
{2.44879,1.9476,2.79792},
{2.44823,1.94731,2.79713},
{2.44767,1.94701,2.79635},
{2.4471,1.94672,2.79556},
{2.44654,1.94643,2.79478},
{2.44598,1.94613,2.79399},
{2.44542,1.94584,2.7932},
{2.44485,1.94555,2.79242},
{2.44429,1.94525,2.79163},
{2.44373,1.94496,2.79085},
{2.44317,1.94466,2.79006},
{2.4426,1.94437,2.78928},
{2.44204,1.94408,2.78849},
{2.44148,1.94378,2.78771},
{2.44092,1.94349,2.78692},
{2.44035,1.9432,2.78614},
{2.43979,1.9429,2.78535},
{2.43923,1.94261,2.78457},
{2.43867,1.94231,2.78378},
{2.4381,1.94202,2.783},
{2.43754,1.94173,2.78221},
{2.43698,1.94143,2.78143},
{2.43642,1.94114,2.78064},
{2.43585,1.94084,2.77986},
{2.43529,1.94055,2.77907},
{2.43473,1.94026,2.77828},
{2.43417,1.93996,2.7775},
{2.4336,1.93967,2.77671},
{2.43304,1.93938,2.77593},
{2.43248,1.93908,2.77514},
{2.43192,1.93879,2.77436},
{2.43135,1.93849,2.77357},
{2.43079,1.9382,2.77279},
{2.43023,1.93791,2.772},
{2.42967,1.93761,2.77122},
{2.4291,1.93732,2.77043},
{2.42854,1.93702,2.76965},
{2.42798,1.93673,2.76886},
{2.42742,1.93644,2.76808},
{2.42685,1.93614,2.76729},
{2.42629,1.93585,2.76651},
{2.42573,1.93556,2.76572},
{2.42517,1.93526,2.76493},
{2.4246,1.93497,2.76415},
{2.42404,1.93467,2.76336},
{2.42348,1.93438,2.76258},
{2.42292,1.93409,2.76179},
{2.42235,1.93379,2.76101},
{2.42179,1.9335,2.76022},
{2.42123,1.9332,2.75944},
{2.42067,1.93291,2.75865},
{2.4201,1.93262,2.75787},
{2.41954,1.93232,2.75708},
{2.41898,1.93203,2.7563},
{2.41842,1.93174,2.75551},
{2.41786,1.93144,2.75473},
{2.41729,1.93115,2.75394},
{2.41673,1.93085,2.75316},
{2.41617,1.93056,2.75237},
{2.41561,1.93027,2.75159},
{2.41504,1.92997,2.7508},
{2.41448,1.92968,2.75001},
{2.41392,1.92939,2.74923},
{2.41336,1.92909,2.74844},
{2.41279,1.9288,2.74766},
{2.41223,1.9285,2.74687},
{2.41167,1.92821,2.74609},
{2.41111,1.92792,2.7453},
{2.41054,1.92762,2.74452},
{2.40998,1.92733,2.74373},
{2.40942,1.92703,2.74295},
{2.40886,1.92674,2.74216},
{2.40829,1.92645,2.74138},
{2.40773,1.92615,2.74059},
{2.40717,1.92586,2.73981},
{2.40661,1.92557,2.73902},
{2.40604,1.92527,2.73824},
{2.40548,1.92498,2.73745},
{2.40492,1.92468,2.73667},
{2.40436,1.92439,2.73588},
{2.40379,1.9241,2.73509},
{2.40323,1.9238,2.73431},
{2.40267,1.92351,2.73352},
{2.40211,1.92321,2.73274},
{2.40154,1.92292,2.73195},
{2.40098,1.92263,2.73117},
{2.40042,1.92233,2.73038},
{2.39986,1.92204,2.7296},
{2.39929,1.92175,2.72881},
{2.39873,1.92145,2.72803},
{2.39817,1.92116,2.72724},
{2.39761,1.92086,2.72646},
{2.39704,1.92057,2.72567},
{2.39648,1.92028,2.72489},
{2.39592,1.91998,2.7241},
{2.39348,1.91871,2.72071},
{2.39287,1.91843,2.71992},
{2.39226,1.91816,2.71914},
{2.39165,1.91788,2.71835},
{2.39104,1.9176,2.71757},
{2.39042,1.91732,2.71678},
{2.38981,1.91704,2.71599},
{2.3892,1.91676,2.71521},
{2.38859,1.91648,2.71442},
{2.38798,1.9162,2.71364},
{2.38736,1.91592,2.71285},
{2.38675,1.91564,2.71207},
{2.38614,1.91536,2.71128},
{2.38553,1.91508,2.7105},
{2.38492,1.9148,2.70971},
{2.3843,1.91452,2.70892},
{2.38369,1.91424,2.70814},
{2.38308,1.91396,2.70735},
{2.38247,1.91369,2.70657},
{2.38186,1.91341,2.70578},
{2.38124,1.91313,2.705},
{2.38063,1.91285,2.70421},
{2.38002,1.91257,2.70343},
{2.37941,1.91229,2.70264},
{2.3788,1.91201,2.70185},
{2.37818,1.91173,2.70107},
{2.37757,1.91145,2.70028},
{2.37696,1.91117,2.6995},
{2.37635,1.91089,2.69871},
{2.37574,1.91061,2.69793},
{2.37512,1.91033,2.69714},
{2.37451,1.91005,2.69636},
{2.3739,1.90977,2.69557},
{2.37329,1.90949,2.69479},
{2.37268,1.90922,2.694},
{2.37206,1.90894,2.69321},
{2.37145,1.90866,2.69243},
{2.37084,1.90838,2.69164},
{2.37023,1.9081,2.69086},
{2.36962,1.90782,2.69007},
{2.36901,1.90754,2.68929},
{2.36839,1.90726,2.6885},
{2.36778,1.90698,2.68772},
{2.36717,1.9067,2.68693},
{2.36656,1.90642,2.68614},
{2.36595,1.90614,2.68536},
{2.36533,1.90586,2.68457},
{2.36472,1.90558,2.68379},
{2.36411,1.9053,2.683},
{2.3635,1.90502,2.68222},
{2.36289,1.90475,2.68143},
{2.36227,1.90447,2.68065},
{2.36166,1.90419,2.67986},
{2.36105,1.90391,2.67907},
{2.36044,1.90363,2.67829},
{2.35983,1.90335,2.6775},
{2.35921,1.90307,2.67672},
{2.3586,1.90279,2.67593},
{2.35799,1.90251,2.67515},
{2.35738,1.90223,2.67436},
{2.35677,1.90195,2.67358},
{2.35615,1.90167,2.67279},
{2.35554,1.90139,2.67201},
{2.35493,1.90111,2.67122},
{2.35432,1.90083,2.67043},
{2.35371,1.90055,2.66965},
{2.35309,1.90028,2.66886},
{2.35248,1.9,2.66808},
{2.35187,1.89972,2.66729},
{2.35126,1.89944,2.66651},
{2.35065,1.89916,2.66572},
{2.35003,1.89888,2.66494},
{2.34942,1.8986,2.66415},
{2.34881,1.89832,2.66336},
{2.3482,1.89804,2.66258},
{2.34759,1.89776,2.66179},
{2.34697,1.89748,2.66101},
{2.34636,1.8972,2.66022},
{2.34575,1.89692,2.65944},
{2.34514,1.89664,2.65865},
{2.34453,1.89636,2.65787},
{2.34391,1.89608,2.65708},
{2.3433,1.8958,2.6563},
{2.34269,1.89553,2.65551},
{2.34208,1.89525,2.65472},
{2.34147,1.89497,2.65394},
{2.34085,1.89469,2.65315},
{2.34024,1.89441,2.65237},
{2.33963,1.89413,2.65158},
{2.33902,1.89385,2.6508},
{2.33841,1.89357,2.65001},
{2.33779,1.89329,2.64923},
{2.33718,1.89301,2.64844},
{2.33657,1.89273,2.64765},
{2.33596,1.89245,2.64687},
{2.33535,1.89217,2.64608},
{2.33473,1.89189,2.6453},
{2.33412,1.89161,2.64451},
{2.33351,1.89133,2.64373},
{2.3329,1.89106,2.64294},
{2.33229,1.89078,2.64216},
{2.33167,1.8905,2.64137},
{2.33106,1.89022,2.64058},
{2.33045,1.88994,2.6398},
{2.32802,1.88887,2.63673},
{2.32736,1.88861,2.63595},
{2.3267,1.88835,2.63516},
{2.32604,1.88809,2.63438},
{2.32539,1.88784,2.63359},
{2.32473,1.88758,2.6328},
{2.32407,1.88732,2.63202},
{2.32341,1.88706,2.63123},
{2.32276,1.8868,2.63045},
{2.3221,1.88655,2.62966},
{2.32144,1.88629,2.62888},
{2.32078,1.88603,2.62809},
{2.32013,1.88577,2.62731},
{2.31947,1.88551,2.62652},
{2.31881,1.88526,2.62574},
{2.31815,1.885,2.62495},
{2.3175,1.88474,2.62417},
{2.31684,1.88448,2.62338},
{2.31618,1.88422,2.6226},
{2.31552,1.88397,2.62181},
{2.31487,1.88371,2.62103},
{2.31421,1.88345,2.62024},
{2.31355,1.88319,2.61945},
{2.31289,1.88293,2.61867},
{2.31224,1.88268,2.61788},
{2.31158,1.88242,2.6171},
{2.31092,1.88216,2.61631},
{2.31026,1.8819,2.61553},
{2.3096,1.88164,2.61474},
{2.30895,1.88139,2.61396},
{2.30829,1.88113,2.61317},
{2.30763,1.88087,2.61239},
{2.30697,1.88061,2.6116},
{2.30632,1.88035,2.61082},
{2.30566,1.8801,2.61003},
{2.305,1.87984,2.60925},
{2.30434,1.87958,2.60846},
{2.30369,1.87932,2.60768},
{2.30303,1.87906,2.60689},
{2.30237,1.87881,2.60611},
{2.30171,1.87855,2.60532},
{2.30106,1.87829,2.60453},
{2.3004,1.87803,2.60375},
{2.29974,1.87778,2.60296},
{2.29908,1.87752,2.60218},
{2.29843,1.87726,2.60139},
{2.29777,1.877,2.60061},
{2.29711,1.87674,2.59982},
{2.29645,1.87649,2.59904},
{2.2958,1.87623,2.59825},
{2.29514,1.87597,2.59747},
{2.29448,1.87571,2.59668},
{2.29382,1.87545,2.5959},
{2.29317,1.8752,2.59511},
{2.29251,1.87494,2.59433},
{2.29185,1.87468,2.59354},
{2.29119,1.87442,2.59276},
{2.29053,1.87416,2.59197},
{2.28988,1.87391,2.59118},
{2.28922,1.87365,2.5904},
{2.28856,1.87339,2.58961},
{2.2879,1.87313,2.58883},
{2.28725,1.87287,2.58804},
{2.28659,1.87262,2.58726},
{2.28593,1.87236,2.58647},
{2.28527,1.8721,2.58569},
{2.28462,1.87184,2.5849},
{2.28396,1.87158,2.58412},
{2.2833,1.87133,2.58333},
{2.28264,1.87107,2.58255},
{2.28199,1.87081,2.58176},
{2.28133,1.87055,2.58098},
{2.28067,1.87029,2.58019},
{2.28001,1.87004,2.57941},
{2.27936,1.86978,2.57862},
{2.2787,1.86952,2.57783},
{2.27804,1.86926,2.57705},
{2.27738,1.869,2.57626},
{2.27673,1.86875,2.57548},
{2.27607,1.86849,2.57469},
{2.27541,1.86823,2.57391},
{2.27475,1.86797,2.57312},
{2.2741,1.86771,2.57234},
{2.27344,1.86746,2.57155},
{2.27278,1.8672,2.57077},
{2.27212,1.86694,2.56998},
{2.27146,1.86668,2.5692},
{2.27081,1.86643,2.56841},
{2.27015,1.86617,2.56763},
{2.26949,1.86591,2.56684},
{2.26883,1.86565,2.56606},
{2.26818,1.86539,2.56527},
{2.26752,1.86514,2.56448},
{2.26686,1.86488,2.5637},
{2.2662,1.86462,2.56291},
{2.26555,1.86436,2.56213},
{2.26489,1.8641,2.56134},
{2.26423,1.86385,2.56056},
{2.26357,1.86359,2.55977},
{2.26292,1.86333,2.55899},
{2.26226,1.86307,2.5582},
{2.2616,1.86281,2.55742},
{2.26094,1.86256,2.55663},
{2.26029,1.8623,2.55585},
{2.25963,1.86204,2.55506},
{2.25897,1.86178,2.55428},
{2.25665,1.86091,2.55154},
{2.25595,1.86068,2.55076},
{2.25525,1.86045,2.54997},
{2.25455,1.86022,2.54919},
{2.25386,1.85999,2.5484},
{2.25316,1.85976,2.54762},
{2.25246,1.85953,2.54683},
{2.25176,1.8593,2.54605},
{2.25106,1.85907,2.54526},
{2.25037,1.85884,2.54447},
{2.24967,1.85861,2.54369},
{2.24897,1.85838,2.5429},
{2.24827,1.85815,2.54212},
{2.24758,1.85792,2.54133},
{2.24688,1.85769,2.54055},
{2.24618,1.85746,2.53976},
{2.24548,1.85723,2.53898},
{2.24479,1.857,2.53819},
{2.24409,1.85677,2.5374},
{2.24339,1.85654,2.53662},
{2.24269,1.85631,2.53583},
{2.24199,1.85608,2.53505},
{2.2413,1.85585,2.53426},
{2.2406,1.85562,2.53348},
{2.2399,1.85539,2.53269},
{2.2392,1.85516,2.53191},
{2.23851,1.85493,2.53112},
{2.23781,1.8547,2.53034},
{2.23711,1.85447,2.52955},
{2.23641,1.85424,2.52876},
{2.23571,1.85401,2.52798},
{2.23502,1.85378,2.52719},
{2.23432,1.85355,2.52641},
{2.23362,1.85332,2.52562},
{2.23292,1.85309,2.52484},
{2.23223,1.85286,2.52405},
{2.23153,1.85263,2.52327},
{2.23083,1.8524,2.52248},
{2.23013,1.85217,2.52169},
{2.22943,1.85194,2.52091},
{2.22874,1.85171,2.52012},
{2.22804,1.85148,2.51934},
{2.22734,1.85125,2.51855},
{2.22664,1.85102,2.51777},
{2.22595,1.8508,2.51698},
{2.22525,1.85057,2.5162},
{2.22455,1.85034,2.51541},
{2.22385,1.85011,2.51463},
{2.22315,1.84988,2.51384},
{2.22246,1.84965,2.51305},
{2.22176,1.84942,2.51227},
{2.22106,1.84919,2.51148},
{2.22036,1.84896,2.5107},
{2.21967,1.84873,2.50991},
{2.21897,1.8485,2.50913},
{2.21827,1.84827,2.50834},
{2.21757,1.84804,2.50756},
{2.21687,1.84781,2.50677},
{2.21618,1.84758,2.50598},
{2.21548,1.84735,2.5052},
{2.21478,1.84712,2.50441},
{2.21408,1.84689,2.50363},
{2.21339,1.84666,2.50284},
{2.21269,1.84643,2.50206},
{2.21199,1.8462,2.50127},
{2.21129,1.84597,2.50049},
{2.21059,1.84574,2.4997},
{2.2099,1.84551,2.49892},
{2.2092,1.84528,2.49813},
{2.2085,1.84505,2.49734},
{2.2078,1.84482,2.49656},
{2.20711,1.84459,2.49577},
{2.20641,1.84436,2.49499},
{2.20571,1.84413,2.4942},
{2.20501,1.8439,2.49342},
{2.20431,1.84367,2.49263},
{2.20362,1.84344,2.49185},
{2.20292,1.84321,2.49106},
{2.20222,1.84298,2.49027},
{2.20152,1.84275,2.48949},
{2.20083,1.84252,2.4887},
{2.20013,1.84229,2.48792},
{2.19943,1.84206,2.48713},
{2.19873,1.84183,2.48635},
{2.19803,1.8416,2.48556},
{2.19734,1.84137,2.48478},
{2.19664,1.84114,2.48399},
{2.19594,1.84091,2.48321},
{2.19524,1.84068,2.48242},
{2.19455,1.84045,2.48163},
{2.19385,1.84022,2.48085},
{2.19315,1.83999,2.48006},
{2.19245,1.83976,2.47928},
{2.19175,1.83953,2.47849},
{2.19106,1.8393,2.47771},
{2.19036,1.83907,2.47692},
{2.18966,1.83884,2.47614},
{2.18896,1.83861,2.47535},
{2.18827,1.83838,2.47456},
{2.18757,1.83815,2.47378},
{2.18687,1.83792,2.47299},
{2.18617,1.83769,2.47221},
{2.18547,1.83746,2.47142},
{2.18478,1.83723,2.47064},
{2.18408,1.837,2.46985},
{2.18338,1.83677,2.46907},
{2.18268,1.83654,2.46828},
{2.18199,1.83631,2.46749},
{2.17985,1.83563,2.46511},
{2.17912,1.83543,2.46432},
{2.17839,1.83523,2.46353},
{2.17766,1.83504,2.46275},
{2.17692,1.83484,2.46196},
{2.17619,1.83465,2.46118},
{2.17546,1.83445,2.46039},
{2.17473,1.83425,2.45961},
{2.174,1.83406,2.45882},
{2.17327,1.83386,2.45804},
{2.17254,1.83367,2.45725},
{2.1718,1.83347,2.45647},
{2.17107,1.83327,2.45568},
{2.17034,1.83308,2.4549},
{2.16961,1.83288,2.45411},
{2.16888,1.83268,2.45333},
{2.16815,1.83249,2.45254},
{2.16742,1.83229,2.45176},
{2.16668,1.8321,2.45097},
{2.16595,1.8319,2.45018},
{2.16522,1.8317,2.4494},
{2.16449,1.83151,2.44861},
{2.16376,1.83131,2.44783},
{2.16303,1.83112,2.44704},
{2.1623,1.83092,2.44626},
{2.16156,1.83072,2.44547},
{2.16083,1.83053,2.44469},
{2.1601,1.83033,2.4439},
{2.15937,1.83014,2.44312},
{2.15864,1.82994,2.44233},
{2.15791,1.82974,2.44155},
{2.15718,1.82955,2.44076},
{2.15644,1.82935,2.43998},
{2.15571,1.82916,2.43919},
{2.15498,1.82896,2.43841},
{2.15425,1.82876,2.43762},
{2.15352,1.82857,2.43683},
{2.15279,1.82837,2.43605},
{2.15206,1.82818,2.43526},
{2.15132,1.82798,2.43448},
{2.15059,1.82778,2.43369},
{2.14986,1.82759,2.43291},
{2.14913,1.82739,2.43212},
{2.1484,1.82719,2.43134},
{2.14767,1.827,2.43055},
{2.14694,1.8268,2.42977},
{2.1462,1.82661,2.42898},
{2.14547,1.82641,2.4282},
{2.14474,1.82621,2.42741},
{2.14401,1.82602,2.42663},
{2.14328,1.82582,2.42584},
{2.14255,1.82563,2.42506},
{2.14182,1.82543,2.42427},
{2.14108,1.82523,2.42348},
{2.14035,1.82504,2.4227},
{2.13962,1.82484,2.42191},
{2.13889,1.82465,2.42113},
{2.13816,1.82445,2.42034},
{2.13743,1.82425,2.41956},
{2.1367,1.82406,2.41877},
{2.13596,1.82386,2.41799},
{2.13523,1.82367,2.4172},
{2.1345,1.82347,2.41642},
{2.13377,1.82327,2.41563},
{2.13304,1.82308,2.41485},
{2.13231,1.82288,2.41406},
{2.13158,1.82268,2.41328},
{2.13084,1.82249,2.41249},
{2.13011,1.82229,2.41171},
{2.12938,1.8221,2.41092},
{2.12865,1.8219,2.41013},
{2.12792,1.8217,2.40935},
{2.12719,1.82151,2.40856},
{2.12646,1.82131,2.40778},
{2.12572,1.82112,2.40699},
{2.12499,1.82092,2.40621},
{2.12426,1.82072,2.40542},
{2.12353,1.82053,2.40464},
{2.1228,1.82033,2.40385},
{2.12207,1.82014,2.40307},
{2.12134,1.81994,2.40228},
{2.1206,1.81974,2.4015},
{2.11987,1.81955,2.40071},
{2.11914,1.81935,2.39993},
{2.11841,1.81916,2.39914},
{2.11768,1.81896,2.39836},
{2.11695,1.81876,2.39757},
{2.11622,1.81857,2.39678},
{2.11548,1.81837,2.396},
{2.11475,1.81817,2.39521},
{2.11402,1.81798,2.39443},
{2.11329,1.81778,2.39364},
{2.11256,1.81759,2.39286},
{2.11183,1.81739,2.39207},
{2.1111,1.81719,2.39129},
{2.11036,1.817,2.3905},
{2.10963,1.8168,2.38972},
{2.1089,1.81661,2.38893},
{2.10817,1.81641,2.38815},
{2.10744,1.81621,2.38736},
{2.10671,1.81602,2.38658},
{2.10598,1.81582,2.38579},
{2.10524,1.81563,2.38501},
{2.10451,1.81543,2.38422},
{2.10378,1.81523,2.38344},
{2.10305,1.81504,2.38265},
{2.10232,1.81484,2.38186},
{2.10159,1.81465,2.38108},
{2.10086,1.81445,2.38029},
{2.10012,1.81425,2.37951},
{2.09939,1.81406,2.37872},
{2.09747,1.81358,2.37668},
{2.09671,1.81342,2.3759},
{2.09596,1.81327,2.37511},
{2.0952,1.81311,2.37433},
{2.09444,1.81295,2.37354},
{2.09368,1.81279,2.37276},
{2.09293,1.81264,2.37197},
{2.09217,1.81248,2.37119},
{2.09141,1.81232,2.3704},
{2.09066,1.81216,2.36961},
{2.0899,1.81201,2.36883},
{2.08914,1.81185,2.36804},
{2.08838,1.81169,2.36726},
{2.08763,1.81153,2.36647},
{2.08687,1.81138,2.36569},
{2.08611,1.81122,2.3649},
{2.08535,1.81106,2.36412},
{2.0846,1.81091,2.36333},
{2.08384,1.81075,2.36254},
{2.08308,1.81059,2.36176},
{2.08232,1.81043,2.36097},
{2.08157,1.81028,2.36019},
{2.08081,1.81012,2.3594},
{2.08005,1.80996,2.35862},
{2.07929,1.8098,2.35783},
{2.07854,1.80965,2.35705},
{2.07778,1.80949,2.35626},
{2.07702,1.80933,2.35548},
{2.07626,1.80918,2.35469},
{2.07551,1.80902,2.3539},
{2.07475,1.80886,2.35312},
{2.07399,1.8087,2.35233},
{2.07323,1.80855,2.35155},
{2.07248,1.80839,2.35076},
{2.07172,1.80823,2.34998},
{2.07096,1.80807,2.34919},
{2.0702,1.80792,2.34841},
{2.06945,1.80776,2.34762},
{2.06869,1.8076,2.34683},
{2.06793,1.80744,2.34605},
{2.06717,1.80729,2.34526},
{2.06642,1.80713,2.34448},
{2.06566,1.80697,2.34369},
{2.0649,1.80682,2.34291},
{2.06414,1.80666,2.34212},
{2.06339,1.8065,2.34134},
{2.06263,1.80634,2.34055},
{2.06187,1.80619,2.33977},
{2.06111,1.80603,2.33898},
{2.06036,1.80587,2.33819},
{2.0596,1.80571,2.33741},
{2.05884,1.80556,2.33662},
{2.05808,1.8054,2.33584},
{2.05733,1.80524,2.33505},
{2.05657,1.80508,2.33427},
{2.05581,1.80493,2.33348},
{2.05505,1.80477,2.3327},
{2.0543,1.80461,2.33191},
{2.05354,1.80446,2.33112},
{2.05278,1.8043,2.33034},
{2.05202,1.80414,2.32955},
{2.05127,1.80398,2.32877},
{2.05051,1.80383,2.32798},
{2.04975,1.80367,2.3272},
{2.04899,1.80351,2.32641},
{2.04824,1.80335,2.32563},
{2.04748,1.8032,2.32484},
{2.04672,1.80304,2.32406},
{2.04596,1.80288,2.32327},
{2.04521,1.80273,2.32248},
{2.04445,1.80257,2.3217},
{2.04369,1.80241,2.32091},
{2.04293,1.80225,2.32013},
{2.04218,1.8021,2.31934},
{2.04142,1.80194,2.31856},
{2.04066,1.80178,2.31777},
{2.03991,1.80162,2.31699},
{2.03915,1.80147,2.3162},
{2.03839,1.80131,2.31541},
{2.03763,1.80115,2.31463},
{2.03688,1.80099,2.31384},
{2.03612,1.80084,2.31306},
{2.03536,1.80068,2.31227},
{2.0346,1.80052,2.31149},
{2.03385,1.80037,2.3107},
{2.03309,1.80021,2.30992},
{2.03233,1.80005,2.30913},
{2.03157,1.79989,2.30835},
{2.03082,1.79974,2.30756},
{2.03006,1.79958,2.30677},
{2.0293,1.79942,2.30599},
{2.02854,1.79926,2.3052},
{2.02779,1.79911,2.30442},
{2.02703,1.79895,2.30363},
{2.02627,1.79879,2.30285},
{2.02551,1.79863,2.30206},
{2.02476,1.79848,2.30128},
{2.024,1.79832,2.30049},
{2.02324,1.79816,2.2997},
{2.02248,1.79801,2.29892},
{2.02173,1.79785,2.29813},
{2.02097,1.79769,2.29735},
{2.02021,1.79753,2.29656},
{2.01945,1.79738,2.29578},
{2.0187,1.79722,2.29499},
{2.01794,1.79706,2.29421},
{2.01718,1.7969,2.29342},
{2.01642,1.79675,2.29264},
{2.01567,1.79659,2.29185},
{2.01491,1.79643,2.29106},
{2.01415,1.79628,2.29028},
{2.01339,1.79612,2.28949},
{2.01176,1.79581,2.28781},
{2.01098,1.79569,2.28702},
{2.01021,1.79558,2.28624},
{2.00943,1.79546,2.28545},
{2.00866,1.79535,2.28467},
{2.00788,1.79523,2.28388},
{2.00711,1.79512,2.2831},
{2.00633,1.795,2.28231},
{2.00556,1.79489,2.28153},
{2.00478,1.79477,2.28074},
{2.00401,1.79466,2.27996},
{2.00323,1.79454,2.27917},
{2.00246,1.79443,2.27838},
{2.00168,1.79431,2.2776},
{2.00091,1.7942,2.27681},
{2.00013,1.79408,2.27603},
{1.99936,1.79397,2.27524},
{1.99858,1.79385,2.27446},
{1.99781,1.79374,2.27367},
{1.99703,1.79362,2.27289},
{1.99626,1.79351,2.2721},
{1.99548,1.79339,2.27132},
{1.99471,1.79328,2.27053},
{1.99393,1.79316,2.26975},
{1.99316,1.79305,2.26896},
{1.99238,1.79293,2.26818},
{1.99161,1.79282,2.26739},
{1.99083,1.7927,2.26661},
{1.99006,1.79259,2.26582},
{1.98928,1.79247,2.26503},
{1.98851,1.79236,2.26425},
{1.98773,1.79224,2.26346},
{1.98696,1.79213,2.26268},
{1.98618,1.79201,2.26189},
{1.98541,1.7919,2.26111},
{1.98463,1.79178,2.26032},
{1.98386,1.79167,2.25954},
{1.98308,1.79155,2.25875},
{1.98231,1.79144,2.25797},
{1.98153,1.79132,2.25718},
{1.98076,1.79121,2.2564},
{1.97998,1.79109,2.25561},
{1.97921,1.79098,2.25483},
{1.97843,1.79086,2.25404},
{1.97766,1.79075,2.25326},
{1.97688,1.79063,2.25247},
{1.97611,1.79052,2.25168},
{1.97533,1.7904,2.2509},
{1.97455,1.79029,2.25011},
{1.97378,1.79017,2.24933},
{1.973,1.79006,2.24854},
{1.97223,1.78994,2.24776},
{1.97145,1.78983,2.24697},
{1.97068,1.78971,2.24619},
{1.9699,1.7896,2.2454},
{1.96913,1.78948,2.24462},
{1.96835,1.78937,2.24383},
{1.96758,1.78925,2.24305},
{1.9668,1.78914,2.24226},
{1.96603,1.78902,2.24148},
{1.96525,1.78891,2.24069},
{1.96448,1.78879,2.23991},
{1.9637,1.78868,2.23912},
{1.96293,1.78856,2.23833},
{1.96215,1.78845,2.23755},
{1.96138,1.78833,2.23676},
{1.9606,1.78822,2.23598},
{1.95983,1.7881,2.23519},
{1.95905,1.78799,2.23441},
{1.95828,1.78787,2.23362},
{1.9575,1.78776,2.23284},
{1.95673,1.78764,2.23205},
{1.95595,1.78753,2.23127},
{1.95518,1.78741,2.23048},
{1.9544,1.7873,2.2297},
{1.95363,1.78718,2.22891},
{1.95285,1.78707,2.22813},
{1.95208,1.78695,2.22734},
{1.9513,1.78684,2.22656},
{1.95053,1.78672,2.22577},
{1.94975,1.78661,2.22498},
{1.94898,1.78649,2.2242},
{1.9482,1.78638,2.22341},
{1.94743,1.78626,2.22263},
{1.94665,1.78615,2.22184},
{1.94588,1.78603,2.22106},
{1.9451,1.78592,2.22027},
{1.94433,1.7858,2.21949},
{1.94355,1.78569,2.2187},
{1.94278,1.78557,2.21792},
{1.942,1.78546,2.21713},
{1.94123,1.78534,2.21635},
{1.94045,1.78523,2.21556},
{1.93968,1.78511,2.21478},
{1.9389,1.785,2.21399},
{1.93813,1.78488,2.21321},
{1.93735,1.78477,2.21242},
{1.93658,1.78465,2.21163},
{1.9358,1.78454,2.21085},
{1.93503,1.78442,2.21006},
{1.93425,1.78431,2.20928},
{1.93348,1.78419,2.20849},
{1.9327,1.78408,2.20771},
{1.93193,1.78396,2.20692},
{1.93115,1.78385,2.20614},
{1.93038,1.78373,2.20535},
{1.9296,1.78362,2.20457},
{1.92883,1.7835,2.20378},
{1.92805,1.78339,2.203},
{1.92728,1.78327,2.20221},
{1.9265,1.78316,2.20143},
{1.92573,1.78304,2.20064},
{1.92495,1.78293,2.19986},
{1.92364,1.78275,2.19853},
{1.92286,1.78268,2.19774},
{1.92207,1.78261,2.19696},
{1.92129,1.78254,2.19617},
{1.92051,1.78247,2.19539},
{1.91972,1.7824,2.1946},
{1.91894,1.78233,2.19382},
{1.91815,1.78226,2.19303},
{1.91737,1.78219,2.19224},
{1.91659,1.78212,2.19146},
{1.9158,1.78205,2.19067},
{1.91502,1.78198,2.18989},
{1.91424,1.78191,2.1891},
{1.91345,1.78184,2.18832},
{1.91267,1.78177,2.18753},
{1.91188,1.7817,2.18675},
{1.9111,1.78163,2.18596},
{1.91032,1.78156,2.18518},
{1.90953,1.78149,2.18439},
{1.90875,1.78142,2.1836},
{1.90797,1.78135,2.18282},
{1.90718,1.78127,2.18203},
{1.9064,1.7812,2.18125},
{1.90562,1.78113,2.18046},
{1.90483,1.78106,2.17968},
{1.90405,1.78099,2.17889},
{1.90326,1.78092,2.17811},
{1.90248,1.78085,2.17732},
{1.9017,1.78078,2.17653},
{1.90091,1.78071,2.17575},
{1.90013,1.78064,2.17496},
{1.89935,1.78057,2.17418},
{1.89856,1.7805,2.17339},
{1.89778,1.78043,2.17261},
{1.897,1.78036,2.17182},
{1.89621,1.78029,2.17104},
{1.89543,1.78022,2.17025},
{1.89464,1.78015,2.16947},
{1.89386,1.78008,2.16868},
{1.89308,1.78001,2.16789},
{1.89229,1.77994,2.16711},
{1.89151,1.77987,2.16632},
{1.89073,1.7798,2.16554},
{1.88994,1.77973,2.16475},
{1.88916,1.77966,2.16397},
{1.88837,1.77959,2.16318},
{1.88759,1.77952,2.1624},
{1.88681,1.77945,2.16161},
{1.88602,1.77938,2.16082},
{1.88524,1.77931,2.16004},
{1.88446,1.77924,2.15925},
{1.88367,1.77917,2.15847},
{1.88289,1.7791,2.15768},
{1.88211,1.77903,2.1569},
{1.88132,1.77895,2.15611},
{1.88054,1.77888,2.15533},
{1.87975,1.77881,2.15454},
{1.87897,1.77874,2.15376},
{1.87819,1.77867,2.15297},
{1.8774,1.7786,2.15218},
{1.87662,1.77853,2.1514},
{1.87584,1.77846,2.15061},
{1.87505,1.77839,2.14983},
{1.87427,1.77832,2.14904},
{1.87348,1.77825,2.14826},
{1.8727,1.77818,2.14747},
{1.87192,1.77811,2.14669},
{1.87113,1.77804,2.1459},
{1.87035,1.77797,2.14511},
{1.86957,1.7779,2.14433},
{1.86878,1.77783,2.14354},
{1.868,1.77776,2.14276},
{1.86722,1.77769,2.14197},
{1.86643,1.77762,2.14119},
{1.86565,1.77755,2.1404},
{1.86486,1.77748,2.13962},
{1.86408,1.77741,2.13883},
{1.8633,1.77734,2.13805},
{1.86251,1.77727,2.13726},
{1.86173,1.7772,2.13647},
{1.86095,1.77713,2.13569},
{1.86016,1.77706,2.1349},
{1.85938,1.77699,2.13412},
{1.8586,1.77692,2.13333},
{1.85781,1.77685,2.13255},
{1.85703,1.77678,2.13176},
{1.85624,1.77671,2.13098},
{1.85546,1.77664,2.13019},
{1.85468,1.77656,2.1294},
{1.85389,1.77649,2.12862},
{1.85311,1.77642,2.12783},
{1.85233,1.77635,2.12705},
{1.85154,1.77628,2.12626},
{1.85076,1.77621,2.12548},
{1.84997,1.77614,2.12469},
{1.84919,1.77607,2.12391},
{1.84841,1.776,2.12312},
{1.84762,1.77593,2.12234},
{1.84684,1.77586,2.12155},
{1.84606,1.77579,2.12076},
{1.84527,1.77572,2.11998},
{1.84449,1.77565,2.11919},
{1.84371,1.77558,2.11841},
{1.84292,1.77551,2.11762},
{1.84214,1.77544,2.11684},
{1.84135,1.77537,2.11605},
{1.84057,1.7753,2.11527},
{1.83979,1.77523,2.11448},
{1.839,1.77516,2.11369},
{1.83822,1.77509,2.11291},
{1.83744,1.77502,2.11212},
{1.83665,1.77495,2.11134},
{1.83587,1.77488,2.11055},
{1.83509,1.77481,2.10977},
{1.83412,1.77474,2.1088},
{1.83334,1.77471,2.10802},
{1.83256,1.77469,2.10723},
{1.83177,1.77466,2.10645},
{1.83099,1.77464,2.10566},
{1.83021,1.77461,2.10487},
{1.82942,1.77459,2.10409},
{1.82864,1.77456,2.1033},
{1.82786,1.77454,2.10252},
{1.82708,1.77451,2.10173},
{1.82629,1.77449,2.10095},
{1.82551,1.77446,2.10016},
{1.82473,1.77444,2.09938},
{1.82394,1.77441,2.09859},
{1.82316,1.77439,2.09781},
{1.82238,1.77436,2.09702},
{1.82159,1.77434,2.09624},
{1.82081,1.77431,2.09545},
{1.82003,1.77429,2.09467},
{1.81925,1.77426,2.09388},
{1.81846,1.77424,2.0931},
{1.81768,1.77421,2.09231},
{1.8169,1.77419,2.09152},
{1.81611,1.77416,2.09074},
{1.81533,1.77414,2.08995},
{1.81455,1.77411,2.08917},
{1.81377,1.77409,2.08838},
{1.81298,1.77406,2.0876},
{1.8122,1.77404,2.08681},
{1.81142,1.77401,2.08603},
{1.81063,1.77399,2.08524},
{1.80985,1.77396,2.08446},
{1.80907,1.77394,2.08367},
{1.80828,1.77391,2.08289},
{1.8075,1.77389,2.0821},
{1.80672,1.77387,2.08132},
{1.80594,1.77384,2.08053},
{1.80515,1.77382,2.07975},
{1.80437,1.77379,2.07896},
{1.80359,1.77377,2.07817},
{1.8028,1.77374,2.07739},
{1.80202,1.77372,2.0766},
{1.80124,1.77369,2.07582},
{1.80046,1.77367,2.07503},
{1.79967,1.77364,2.07425},
{1.79889,1.77362,2.07346},
{1.79811,1.77359,2.07268},
{1.79732,1.77357,2.07189},
{1.79654,1.77354,2.07111},
{1.79576,1.77352,2.07032},
{1.79497,1.77349,2.06954},
{1.79419,1.77347,2.06875},
{1.79341,1.77344,2.06797},
{1.79263,1.77342,2.06718},
{1.79184,1.77339,2.0664},
{1.79106,1.77337,2.06561},
{1.79028,1.77334,2.06482},
{1.78949,1.77332,2.06404},
{1.78871,1.77329,2.06325},
{1.78793,1.77327,2.06247},
{1.78715,1.77324,2.06168},
{1.78636,1.77322,2.0609},
{1.78558,1.77319,2.06011},
{1.7848,1.77317,2.05933},
{1.78401,1.77314,2.05854},
{1.78323,1.77312,2.05776},
{1.78245,1.77309,2.05697},
{1.78166,1.77307,2.05619},
{1.78088,1.77304,2.0554},
{1.7801,1.77302,2.05462},
{1.77932,1.77299,2.05383},
{1.77853,1.77297,2.05305},
{1.77775,1.77294,2.05226},
{1.77697,1.77292,2.05147},
{1.77618,1.77289,2.05069},
{1.7754,1.77287,2.0499},
{1.77462,1.77284,2.04912},
{1.77384,1.77282,2.04833},
{1.77305,1.77279,2.04755},
{1.77227,1.77277,2.04676},
{1.77149,1.77274,2.04598},
{1.7707,1.77272,2.04519},
{1.76992,1.77269,2.04441},
{1.76914,1.77267,2.04362},
{1.76835,1.77264,2.04284},
{1.76757,1.77262,2.04205},
{1.76679,1.77259,2.04127},
{1.76601,1.77257,2.04048},
{1.76522,1.77254,2.0397},
{1.76444,1.77252,2.03891},
{1.76366,1.77249,2.03812},
{1.76287,1.77247,2.03734},
{1.76209,1.77244,2.03655},
{1.76131,1.77242,2.03577},
{1.76053,1.77239,2.03498},
{1.75974,1.77237,2.0342},
{1.75896,1.77234,2.03341},
{1.75818,1.77232,2.03263},
{1.75739,1.77229,2.03184},
{1.75661,1.77227,2.03106},
{1.75583,1.77224,2.03027},
{1.75504,1.77222,2.02949},
{1.75426,1.77219,2.0287},
{1.75348,1.77217,2.02792},
{1.7527,1.77214,2.02713},
{1.75191,1.77212,2.02635},
{1.75113,1.77209,2.02556},
{1.75035,1.77207,2.02477},
{1.74956,1.77205,2.02399},
{1.74878,1.77202,2.0232},
{1.748,1.772,2.02242},
{1.74722,1.77197,2.02163},
{1.74643,1.77195,2.02085},
{1.74565,1.77192,2.02006},
{1.74505,1.77191,2.01946},
{1.74428,1.77193,2.01867},
{1.7435,1.77195,2.01789},
{1.74273,1.77197,2.0171},
{1.74196,1.77199,2.01632},
{1.74118,1.77201,2.01553},
{1.74041,1.77203,2.01475},
{1.73964,1.77205,2.01396},
{1.73886,1.77207,2.01317},
{1.73809,1.77209,2.01239},
{1.73732,1.77211,2.0116},
{1.73655,1.77213,2.01082},
{1.73577,1.77215,2.01003},
{1.735,1.77217,2.00925},
{1.73423,1.77219,2.00846},
{1.73345,1.77221,2.00768},
{1.73268,1.77223,2.00689},
{1.73191,1.77225,2.0061},
{1.73113,1.77227,2.00532},
{1.73036,1.77229,2.00453},
{1.72959,1.77231,2.00375},
{1.72881,1.77233,2.00296},
{1.72804,1.77234,2.00218},
{1.72727,1.77236,2.00139},
{1.7265,1.77238,2.00061},
{1.72572,1.7724,1.99982},
{1.72495,1.77242,1.99904},
{1.72418,1.77244,1.99825},
{1.7234,1.77246,1.99746},
{1.72263,1.77248,1.99668},
{1.72186,1.7725,1.99589},
{1.72108,1.77252,1.99511},
{1.72031,1.77254,1.99432},
{1.71954,1.77256,1.99354},
{1.71877,1.77258,1.99275},
{1.71799,1.7726,1.99197},
{1.71722,1.77262,1.99118},
{1.71645,1.77264,1.99039},
{1.71567,1.77266,1.98961},
{1.7149,1.77268,1.98882},
{1.71413,1.7727,1.98804},
{1.71335,1.77272,1.98725},
{1.71258,1.77274,1.98647},
{1.71181,1.77276,1.98568},
{1.71104,1.77278,1.9849},
{1.71026,1.7728,1.98411},
{1.70949,1.77282,1.98333},
{1.70872,1.77284,1.98254},
{1.70794,1.77286,1.98175},
{1.70717,1.77288,1.98097},
{1.7064,1.7729,1.98018},
{1.70562,1.77292,1.9794},
{1.70485,1.77294,1.97861},
{1.70408,1.77296,1.97783},
{1.70331,1.77298,1.97704},
{1.70253,1.773,1.97626},
{1.70176,1.77302,1.97547},
{1.70099,1.77304,1.97468},
{1.70021,1.77306,1.9739},
{1.69944,1.77308,1.97311},
{1.69867,1.7731,1.97233},
{1.69789,1.77312,1.97154},
{1.69712,1.77314,1.97076},
{1.69635,1.77316,1.96997},
{1.69558,1.77318,1.96919},
{1.6948,1.7732,1.9684},
{1.69403,1.77322,1.96762},
{1.69326,1.77324,1.96683},
{1.69248,1.77326,1.96604},
{1.69171,1.77328,1.96526},
{1.69094,1.7733,1.96447},
{1.69016,1.77332,1.96369},
{1.68939,1.77334,1.9629},
{1.68862,1.77336,1.96212},
{1.68785,1.77338,1.96133},
{1.68707,1.7734,1.96055},
{1.6863,1.77342,1.95976},
{1.68553,1.77344,1.95897},
{1.68475,1.77346,1.95819},
{1.68398,1.77348,1.9574},
{1.68321,1.7735,1.95662},
{1.68243,1.77352,1.95583},
{1.68166,1.77354,1.95505},
{1.68089,1.77356,1.95426},
{1.68012,1.77358,1.95348},
{1.67934,1.7736,1.95269},
{1.67857,1.77362,1.9519},
{1.6778,1.77364,1.95112},
{1.67702,1.77366,1.95033},
{1.67625,1.77368,1.94955},
{1.67548,1.7737,1.94876},
{1.6747,1.77372,1.94798},
{1.67393,1.77374,1.94719},
{1.67316,1.77376,1.94641},
{1.67239,1.77377,1.94562},
{1.67161,1.77379,1.94484},
{1.67084,1.77381,1.94405},
{1.67007,1.77383,1.94326},
{1.66929,1.77385,1.94248},
{1.66852,1.77387,1.94169},
{1.66775,1.77389,1.94091},
{1.66697,1.77391,1.94012},
{1.6662,1.77393,1.93934},
{1.66543,1.77395,1.93855},
{1.66465,1.77397,1.93777},
{1.66388,1.77399,1.93698},
{1.66311,1.77401,1.93619},
{1.66234,1.77403,1.93541},
{1.66156,1.77405,1.93462},
{1.66079,1.77407,1.93384},
{1.66002,1.77409,1.93305},
{1.65924,1.77411,1.93227},
{1.65847,1.77413,1.93148},
{1.6577,1.77415,1.9307},
{1.65746,1.77417,1.93045},
{1.65671,1.77423,1.92967},
{1.65595,1.77429,1.92888},
{1.6552,1.77435,1.9281},
{1.65444,1.77441,1.92731},
{1.65369,1.77448,1.92653},
{1.65294,1.77454,1.92574},
{1.65218,1.7746,1.92496},
{1.65143,1.77466,1.92417},
{1.65067,1.77473,1.92338},
{1.64992,1.77479,1.9226},
{1.64917,1.77485,1.92181},
{1.64841,1.77491,1.92103},
{1.64766,1.77498,1.92024},
{1.6469,1.77504,1.91946},
{1.64615,1.7751,1.91867},
{1.6454,1.77516,1.91789},
{1.64464,1.77523,1.9171},
{1.64389,1.77529,1.91632},
{1.64313,1.77535,1.91553},
{1.64238,1.77541,1.91475},
{1.64163,1.77548,1.91396},
{1.64087,1.77554,1.91318},
{1.64012,1.7756,1.91239},
{1.63936,1.77566,1.91161},
{1.63861,1.77572,1.91082},
{1.63786,1.77579,1.91003},
{1.6371,1.77585,1.90925},
{1.63635,1.77591,1.90846},
{1.63559,1.77597,1.90768},
{1.63484,1.77604,1.90689},
{1.63409,1.7761,1.90611},
{1.63333,1.77616,1.90532},
{1.63258,1.77622,1.90454},
{1.63182,1.77629,1.90375},
{1.63107,1.77635,1.90297},
{1.63032,1.77641,1.90218},
{1.62956,1.77647,1.9014},
{1.62881,1.77654,1.90061},
{1.62805,1.7766,1.89983},
{1.6273,1.77666,1.89904},
{1.62655,1.77672,1.89826},
{1.62579,1.77679,1.89747},
{1.62504,1.77685,1.89668},
{1.62428,1.77691,1.8959},
{1.62353,1.77697,1.89511},
{1.62278,1.77703,1.89433},
{1.62202,1.7771,1.89354},
{1.62127,1.77716,1.89276},
{1.62051,1.77722,1.89197},
{1.61976,1.77728,1.89119},
{1.61901,1.77735,1.8904},
{1.61825,1.77741,1.88962},
{1.6175,1.77747,1.88883},
{1.61674,1.77753,1.88805},
{1.61599,1.7776,1.88726},
{1.61524,1.77766,1.88648},
{1.61448,1.77772,1.88569},
{1.61373,1.77778,1.88491},
{1.61297,1.77785,1.88412},
{1.61222,1.77791,1.88333},
{1.61147,1.77797,1.88255},
{1.61071,1.77803,1.88176},
{1.60996,1.7781,1.88098},
{1.6092,1.77816,1.88019},
{1.60845,1.77822,1.87941},
{1.6077,1.77828,1.87862},
{1.60694,1.77834,1.87784},
{1.60619,1.77841,1.87705},
{1.60543,1.77847,1.87627},
{1.60468,1.77853,1.87548},
{1.60393,1.77859,1.8747},
{1.60317,1.77866,1.87391},
{1.60242,1.77872,1.87313},
{1.60166,1.77878,1.87234},
{1.60091,1.77884,1.87156},
{1.60016,1.77891,1.87077},
{1.5994,1.77897,1.86998},
{1.59865,1.77903,1.8692},
{1.59789,1.77909,1.86841},
{1.59714,1.77916,1.86763},
{1.59639,1.77922,1.86684},
{1.59563,1.77928,1.86606},
{1.59488,1.77934,1.86527},
{1.59412,1.77941,1.86449},
{1.59337,1.77947,1.8637},
{1.59262,1.77953,1.86292},
{1.59186,1.77959,1.86213},
{1.59111,1.77965,1.86135},
{1.59035,1.77972,1.86056},
{1.5896,1.77978,1.85978},
{1.58885,1.77984,1.85899},
{1.58809,1.7799,1.85821},
{1.58734,1.77997,1.85742},
{1.58658,1.78003,1.85663},
{1.58583,1.78009,1.85585},
{1.58508,1.78015,1.85506},
{1.58432,1.78022,1.85428},
{1.58357,1.78028,1.85349},
{1.58281,1.78034,1.85271},
{1.58206,1.7804,1.85192},
{1.58131,1.78047,1.85114},
{1.58055,1.78053,1.85035},
{1.5798,1.78059,1.84957},
{1.57904,1.78065,1.84878},
{1.57829,1.78072,1.848},
{1.57754,1.78078,1.84721},
{1.57678,1.78084,1.84643},
{1.57603,1.7809,1.84564},
{1.57527,1.78096,1.84486},
{1.57452,1.78103,1.84407},
{1.57377,1.78109,1.84328},
{1.57301,1.78115,1.8425},
{1.57226,1.78121,1.84171},
{1.57239,1.78124,1.84183},
{1.57166,1.78134,1.84104},
{1.57094,1.78144,1.84026},
{1.57021,1.78154,1.83947},
{1.56948,1.78165,1.83869},
{1.56876,1.78175,1.8379},
{1.56803,1.78185,1.83711},
{1.5673,1.78195,1.83633},
{1.56658,1.78205,1.83554},
{1.56585,1.78215,1.83476},
{1.56512,1.78226,1.83397},
{1.5644,1.78236,1.83319},
{1.56367,1.78246,1.8324},
{1.56294,1.78256,1.83162},
{1.56222,1.78266,1.83083},
{1.56149,1.78276,1.83005},
{1.56076,1.78286,1.82926},
{1.56004,1.78297,1.82847},
{1.55931,1.78307,1.82769},
{1.55858,1.78317,1.8269},
{1.55785,1.78327,1.82612},
{1.55713,1.78337,1.82533},
{1.5564,1.78347,1.82455},
{1.55567,1.78358,1.82376},
{1.55495,1.78368,1.82298},
{1.55422,1.78378,1.82219},
{1.55349,1.78388,1.8214},
{1.55277,1.78398,1.82062},
{1.55204,1.78408,1.81983},
{1.55131,1.78419,1.81905},
{1.55059,1.78429,1.81826},
{1.54986,1.78439,1.81748},
{1.54913,1.78449,1.81669},
{1.54841,1.78459,1.81591},
{1.54768,1.78469,1.81512},
{1.54695,1.7848,1.81434},
{1.54623,1.7849,1.81355},
{1.5455,1.785,1.81276},
{1.54477,1.7851,1.81198},
{1.54405,1.7852,1.81119},
{1.54332,1.7853,1.81041},
{1.54259,1.78541,1.80962},
{1.54187,1.78551,1.80884},
{1.54114,1.78561,1.80805},
{1.54041,1.78571,1.80727},
{1.53969,1.78581,1.80648},
{1.53896,1.78591,1.80569},
{1.53823,1.78602,1.80491},
{1.5375,1.78612,1.80412},
{1.53678,1.78622,1.80334},
{1.53605,1.78632,1.80255},
{1.53532,1.78642,1.80177},
{1.5346,1.78652,1.80098},
{1.53387,1.78663,1.8002},
{1.53314,1.78673,1.79941},
{1.53242,1.78683,1.79863},
{1.53169,1.78693,1.79784},
{1.53096,1.78703,1.79705},
{1.53024,1.78713,1.79627},
{1.52951,1.78723,1.79548},
{1.52878,1.78734,1.7947},
{1.52806,1.78744,1.79391},
{1.52733,1.78754,1.79313},
{1.5266,1.78764,1.79234},
{1.52588,1.78774,1.79156},
{1.52515,1.78784,1.79077},
{1.52442,1.78795,1.78998},
{1.5237,1.78805,1.7892},
{1.52297,1.78815,1.78841},
{1.52224,1.78825,1.78763},
{1.52152,1.78835,1.78684},
{1.52079,1.78845,1.78606},
{1.52006,1.78856,1.78527},
{1.51934,1.78866,1.78449},
{1.51861,1.78876,1.7837},
{1.51788,1.78886,1.78291},
{1.51716,1.78896,1.78213},
{1.51643,1.78906,1.78134},
{1.5157,1.78917,1.78056},
{1.51497,1.78927,1.77977},
{1.51425,1.78937,1.77899},
{1.51352,1.78947,1.7782},
{1.51279,1.78957,1.77742},
{1.51207,1.78967,1.77663},
{1.51134,1.78978,1.77585},
{1.51061,1.78988,1.77506},
{1.50989,1.78998,1.77427},
{1.50916,1.79008,1.77349},
{1.50843,1.79018,1.7727},
{1.50771,1.79028,1.77192},
{1.50698,1.79039,1.77113},
{1.50625,1.79049,1.77035},
{1.50553,1.79059,1.76956},
{1.5048,1.79069,1.76878},
{1.50407,1.79079,1.76799},
{1.50335,1.79089,1.7672},
{1.50262,1.79099,1.76642},
{1.50189,1.7911,1.76563},
{1.50117,1.7912,1.76485},
{1.50044,1.7913,1.76406},
{1.49971,1.7914,1.76328},
{1.49899,1.7915,1.76249},
{1.49826,1.7916,1.76171},
{1.49753,1.79171,1.76092},
{1.49681,1.79181,1.76014},
{1.49608,1.79191,1.75935},
{1.49535,1.79201,1.75856},
{1.49463,1.79211,1.75778},
{1.4939,1.79221,1.75699},
{1.49317,1.79232,1.75621},
{1.49244,1.79242,1.75542},
{1.49172,1.79252,1.75464},
{1.49218,1.79248,1.75511},
{1.49148,1.79262,1.75432},
{1.49079,1.79275,1.75354},
{1.4901,1.79289,1.75275},
{1.48941,1.79303,1.75196},
{1.48872,1.79316,1.75118},
{1.48802,1.7933,1.75039},
{1.48733,1.79344,1.74961},
{1.48664,1.79357,1.74882},
{1.48595,1.79371,1.74804},
{1.48526,1.79384,1.74725},
{1.48456,1.79398,1.74647},
{1.48387,1.79412,1.74568},
{1.48318,1.79425,1.7449},
{1.48249,1.79439,1.74411},
{1.4818,1.79452,1.74333},
{1.48111,1.79466,1.74254},
{1.48041,1.7948,1.74176},
{1.47972,1.79493,1.74097},
{1.47903,1.79507,1.74019},
{1.47834,1.7952,1.7394},
{1.47765,1.79534,1.73861},
{1.47695,1.79548,1.73783},
{1.47626,1.79561,1.73704},
{1.47557,1.79575,1.73626},
{1.47488,1.79588,1.73547},
{1.47419,1.79602,1.73469},
{1.47349,1.79616,1.7339},
{1.4728,1.79629,1.73312},
{1.47211,1.79643,1.73233},
{1.47142,1.79657,1.73155},
{1.47073,1.7967,1.73076},
{1.47003,1.79684,1.72998},
{1.46934,1.79697,1.72919},
{1.46865,1.79711,1.72841},
{1.46796,1.79725,1.72762},
{1.46727,1.79738,1.72684},
{1.46657,1.79752,1.72605},
{1.46588,1.79765,1.72526},
{1.46519,1.79779,1.72448},
{1.4645,1.79793,1.72369},
{1.46381,1.79806,1.72291},
{1.46311,1.7982,1.72212},
{1.46242,1.79833,1.72134},
{1.46173,1.79847,1.72055},
{1.46104,1.79861,1.71977},
{1.46035,1.79874,1.71898},
{1.45966,1.79888,1.7182},
{1.45896,1.79901,1.71741},
{1.45827,1.79915,1.71663},
{1.45758,1.79929,1.71584},
{1.45689,1.79942,1.71506},
{1.4562,1.79956,1.71427},
{1.4555,1.7997,1.71349},
{1.45481,1.79983,1.7127},
{1.45412,1.79997,1.71192},
{1.45343,1.8001,1.71113},
{1.45274,1.80024,1.71034},
{1.45204,1.80038,1.70956},
{1.45135,1.80051,1.70877},
{1.45066,1.80065,1.70799},
{1.44997,1.80078,1.7072},
{1.44928,1.80092,1.70642},
{1.44858,1.80106,1.70563},
{1.44789,1.80119,1.70485},
{1.4472,1.80133,1.70406},
{1.44651,1.80146,1.70328},
{1.44582,1.8016,1.70249},
{1.44512,1.80174,1.70171},
{1.44443,1.80187,1.70092},
{1.44374,1.80201,1.70014},
{1.44305,1.80215,1.69935},
{1.44236,1.80228,1.69857},
{1.44166,1.80242,1.69778},
{1.44097,1.80255,1.69699},
{1.44028,1.80269,1.69621},
{1.43959,1.80283,1.69542},
{1.4389,1.80296,1.69464},
{1.43821,1.8031,1.69385},
{1.43751,1.80323,1.69307},
{1.43682,1.80337,1.69228},
{1.43613,1.80351,1.6915},
{1.43544,1.80364,1.69071},
{1.43475,1.80378,1.68993},
{1.43405,1.80391,1.68914},
{1.43336,1.80405,1.68836},
{1.43267,1.80419,1.68757},
{1.43198,1.80432,1.68679},
{1.43129,1.80446,1.686},
{1.43059,1.80459,1.68522},
{1.4299,1.80473,1.68443},
{1.42921,1.80487,1.68364},
{1.42852,1.805,1.68286},
{1.42783,1.80514,1.68207},
{1.42713,1.80528,1.68129},
{1.42644,1.80541,1.6805},
{1.42575,1.80555,1.67972},
{1.42506,1.80568,1.67893},
{1.42437,1.80582,1.67815},
{1.42367,1.80596,1.67736},
{1.42298,1.80609,1.67658},
{1.42229,1.80623,1.67579},
{1.4216,1.80636,1.67501},
{1.42091,1.8065,1.67422},
{1.42022,1.80664,1.67344},
{1.41952,1.80677,1.67265},
{1.41883,1.80691,1.67187},
{1.41814,1.80704,1.67108},
{1.41745,1.80718,1.6703},
{1.41676,1.80732,1.66951},
{1.41748,1.80718,1.67033},
{1.41683,1.80734,1.66954},
{1.41618,1.80751,1.66876},
{1.41553,1.80767,1.66797},
{1.41488,1.80784,1.66719},
{1.41423,1.808,1.6664},
{1.41358,1.80817,1.66561},
{1.41293,1.80833,1.66483},
{1.41228,1.8085,1.66404},
{1.41162,1.80867,1.66326},
{1.41097,1.80883,1.66247},
{1.41032,1.809,1.66169},
{1.40967,1.80916,1.6609},
{1.40902,1.80933,1.66012},
{1.40837,1.80949,1.65933},
{1.40772,1.80966,1.65855},
{1.40707,1.80982,1.65776},
{1.40642,1.80999,1.65697},
{1.40577,1.81015,1.65619},
{1.40512,1.81032,1.6554},
{1.40446,1.81048,1.65462},
{1.40381,1.81065,1.65383},
{1.40316,1.81081,1.65305},
{1.40251,1.81098,1.65226},
{1.40186,1.81114,1.65148},
{1.40121,1.81131,1.65069},
{1.40056,1.81147,1.6499},
{1.39991,1.81164,1.64912},
{1.39926,1.8118,1.64833},
{1.39861,1.81197,1.64755},
{1.39796,1.81213,1.64676},
{1.3973,1.8123,1.64598},
{1.39665,1.81246,1.64519},
{1.396,1.81263,1.64441},
{1.39535,1.8128,1.64362},
{1.3947,1.81296,1.64283},
{1.39405,1.81313,1.64205},
{1.3934,1.81329,1.64126},
{1.39275,1.81346,1.64048},
{1.3921,1.81362,1.63969},
{1.39145,1.81379,1.63891},
{1.3908,1.81395,1.63812},
{1.39015,1.81412,1.63734},
{1.38949,1.81428,1.63655},
{1.38884,1.81445,1.63577},
{1.38819,1.81461,1.63498},
{1.38754,1.81478,1.63419},
{1.38689,1.81494,1.63341},
{1.38624,1.81511,1.63262},
{1.38559,1.81527,1.63184},
{1.38494,1.81544,1.63105},
{1.38429,1.8156,1.63027},
{1.38364,1.81577,1.62948},
{1.38299,1.81593,1.6287},
{1.38233,1.8161,1.62791},
{1.38168,1.81626,1.62712},
{1.38103,1.81643,1.62634},
{1.38038,1.81659,1.62555},
{1.37973,1.81676,1.62477},
{1.37908,1.81693,1.62398},
{1.37843,1.81709,1.6232},
{1.37778,1.81726,1.62241},
{1.37713,1.81742,1.62163},
{1.37648,1.81759,1.62084},
{1.37583,1.81775,1.62005},
{1.37517,1.81792,1.61927},
{1.37452,1.81808,1.61848},
{1.37387,1.81825,1.6177},
{1.37322,1.81841,1.61691},
{1.37257,1.81858,1.61613},
{1.37192,1.81874,1.61534},
{1.37127,1.81891,1.61456},
{1.37062,1.81907,1.61377},
{1.36997,1.81924,1.61299},
{1.36932,1.8194,1.6122},
{1.36867,1.81957,1.61141},
{1.36802,1.81973,1.61063},
{1.36736,1.8199,1.60984},
{1.36671,1.82006,1.60906},
{1.36606,1.82023,1.60827},
{1.36541,1.82039,1.60749},
{1.36476,1.82056,1.6067},
{1.36411,1.82072,1.60592},
{1.36346,1.82089,1.60513},
{1.36281,1.82105,1.60434},
{1.36216,1.82122,1.60356},
{1.36151,1.82139,1.60277},
{1.36086,1.82155,1.60199},
{1.3602,1.82172,1.6012},
{1.35955,1.82188,1.60042},
{1.3589,1.82205,1.59963},
{1.35825,1.82221,1.59885},
{1.3576,1.82238,1.59806},
{1.35695,1.82254,1.59727},
{1.3563,1.82271,1.59649},
{1.35565,1.82287,1.5957},
{1.355,1.82304,1.59492},
{1.35435,1.8232,1.59413},
{1.3537,1.82337,1.59335},
{1.35305,1.82353,1.59256},
{1.35239,1.8237,1.59178},
{1.35174,1.82386,1.59099},
{1.35109,1.82403,1.59021},
{1.35044,1.82419,1.58942},
{1.34979,1.82436,1.58863},
{1.34914,1.82452,1.58785},
{1.34849,1.82469,1.58706},
{1.34784,1.82485,1.58628},
{1.34719,1.82502,1.58549},
{1.34818,1.82479,1.58665},
{1.34757,1.82498,1.58587},
{1.34697,1.82517,1.58508},
{1.34637,1.82535,1.5843},
{1.34576,1.82554,1.58351},
{1.34516,1.82573,1.58273},
{1.34455,1.82592,1.58194},
{1.34395,1.8261,1.58116},
{1.34334,1.82629,1.58037},
{1.34274,1.82648,1.57959},
{1.34213,1.82667,1.5788},
{1.34153,1.82686,1.57802},
{1.34093,1.82704,1.57723},
{1.34032,1.82723,1.57645},
{1.33972,1.82742,1.57566},
{1.33911,1.82761,1.57487},
{1.33851,1.8278,1.57409},
{1.3379,1.82798,1.5733},
{1.3373,1.82817,1.57252},
{1.33669,1.82836,1.57173},
{1.33609,1.82855,1.57095},
{1.33549,1.82873,1.57016},
{1.33488,1.82892,1.56938},
{1.33428,1.82911,1.56859},
{1.33367,1.8293,1.56781},
{1.33307,1.82949,1.56702},
{1.33246,1.82967,1.56624},
{1.33186,1.82986,1.56545},
{1.33125,1.83005,1.56467},
{1.33065,1.83024,1.56388},
{1.33005,1.83043,1.5631},
{1.32944,1.83061,1.56231},
{1.32884,1.8308,1.56153},
{1.32823,1.83099,1.56074},
{1.32763,1.83118,1.55995},
{1.32702,1.83136,1.55917},
{1.32642,1.83155,1.55838},
{1.32581,1.83174,1.5576},
{1.32521,1.83193,1.55681},
{1.3246,1.83212,1.55603},
{1.324,1.8323,1.55524},
{1.3234,1.83249,1.55446},
{1.32279,1.83268,1.55367},
{1.32219,1.83287,1.55289},
{1.32158,1.83306,1.5521},
{1.32098,1.83324,1.55132},
{1.32037,1.83343,1.55053},
{1.31977,1.83362,1.54975},
{1.31916,1.83381,1.54896},
{1.31856,1.834,1.54818},
{1.31796,1.83418,1.54739},
{1.31735,1.83437,1.54661},
{1.31675,1.83456,1.54582},
{1.31614,1.83475,1.54503},
{1.31554,1.83493,1.54425},
{1.31493,1.83512,1.54346},
{1.31433,1.83531,1.54268},
{1.31372,1.8355,1.54189},
{1.31312,1.83569,1.54111},
{1.31252,1.83587,1.54032},
{1.31191,1.83606,1.53954},
{1.31131,1.83625,1.53875},
{1.3107,1.83644,1.53797},
{1.3101,1.83663,1.53718},
{1.30949,1.83681,1.5364},
{1.30889,1.837,1.53561},
{1.30828,1.83719,1.53483},
{1.30768,1.83738,1.53404},
{1.30708,1.83756,1.53326},
{1.30647,1.83775,1.53247},
{1.30587,1.83794,1.53169},
{1.30526,1.83813,1.5309},
{1.30466,1.83832,1.53011},
{1.30405,1.8385,1.52933},
{1.30345,1.83869,1.52854},
{1.30284,1.83888,1.52776},
{1.30224,1.83907,1.52697},
{1.30164,1.83926,1.52619},
{1.30103,1.83944,1.5254},
{1.30043,1.83963,1.52462},
{1.29982,1.83982,1.52383},
{1.29922,1.84001,1.52305},
{1.29861,1.8402,1.52226},
{1.29801,1.84038,1.52148},
{1.2974,1.84057,1.52069},
{1.2968,1.84076,1.51991},
{1.2962,1.84095,1.51912},
{1.29559,1.84113,1.51834},
{1.29499,1.84132,1.51755},
{1.29438,1.84151,1.51676},
{1.29378,1.8417,1.51598},
{1.29317,1.84189,1.51519},
{1.29257,1.84207,1.51441},
{1.29196,1.84226,1.51362},
{1.29136,1.84245,1.51284},
{1.29076,1.84264,1.51205},
{1.29015,1.84283,1.51127},
{1.28955,1.84301,1.51048},
{1.28894,1.8432,1.5097},
{1.28834,1.84339,1.50891},
{1.28773,1.84358,1.50813},
{1.28713,1.84376,1.50734},
{1.28652,1.84395,1.50656},
{1.28592,1.84414,1.50577},
{1.28532,1.84433,1.50499},
{1.28471,1.84452,1.5042},
{1.28589,1.84417,1.5057},
{1.28534,1.84437,1.50491},
{1.28478,1.84458,1.50413},
{1.28423,1.84478,1.50334},
{1.28367,1.84498,1.50256},
{1.28312,1.84519,1.50177},
{1.28257,1.84539,1.50098},
{1.28201,1.8456,1.5002},
{1.28146,1.8458,1.49941},
{1.2809,1.846,1.49863},
{1.28035,1.84621,1.49784},
{1.27979,1.84641,1.49706},
{1.27924,1.84662,1.49627},
{1.27869,1.84682,1.49549},
{1.27813,1.84703,1.4947},
{1.27758,1.84723,1.49391},
{1.27702,1.84743,1.49313},
{1.27647,1.84764,1.49234},
{1.27591,1.84784,1.49156},
{1.27536,1.84805,1.49077},
{1.27481,1.84825,1.48999},
{1.27425,1.84845,1.4892},
{1.2737,1.84866,1.48842},
{1.27314,1.84886,1.48763},
{1.27259,1.84907,1.48684},
{1.27203,1.84927,1.48606},
{1.27148,1.84948,1.48527},
{1.27092,1.84968,1.48449},
{1.27037,1.84988,1.4837},
{1.26982,1.85009,1.48292},
{1.26926,1.85029,1.48213},
{1.26871,1.8505,1.48135},
{1.26815,1.8507,1.48056},
{1.2676,1.8509,1.47977},
{1.26704,1.85111,1.47899},
{1.26649,1.85131,1.4782},
{1.26594,1.85152,1.47742},
{1.26538,1.85172,1.47663},
{1.26483,1.85193,1.47585},
{1.26427,1.85213,1.47506},
{1.26372,1.85233,1.47428},
{1.26316,1.85254,1.47349},
{1.26261,1.85274,1.4727},
{1.26205,1.85295,1.47192},
{1.2615,1.85315,1.47113},
{1.26095,1.85335,1.47035},
{1.26039,1.85356,1.46956},
{1.25984,1.85376,1.46878},
{1.25928,1.85397,1.46799},
{1.25873,1.85417,1.46721},
{1.25817,1.85438,1.46642},
{1.25762,1.85458,1.46563},
{1.25707,1.85478,1.46485},
{1.25651,1.85499,1.46406},
{1.25596,1.85519,1.46328},
{1.2554,1.8554,1.46249},
{1.25485,1.8556,1.46171},
{1.25429,1.8558,1.46092},
{1.25374,1.85601,1.46014},
{1.25318,1.85621,1.45935},
{1.25263,1.85642,1.45856},
{1.25208,1.85662,1.45778},
{1.25152,1.85683,1.45699},
{1.25097,1.85703,1.45621},
{1.25041,1.85723,1.45542},
{1.24986,1.85744,1.45464},
{1.2493,1.85764,1.45385},
{1.24875,1.85785,1.45307},
{1.2482,1.85805,1.45228},
{1.24764,1.85825,1.4515},
{1.24709,1.85846,1.45071},
{1.24653,1.85866,1.44992},
{1.24598,1.85887,1.44914},
{1.24542,1.85907,1.44835},
{1.24487,1.85927,1.44757},
{1.24431,1.85948,1.44678},
{1.24376,1.85968,1.446},
{1.24321,1.85989,1.44521},
{1.24265,1.86009,1.44443},
{1.2421,1.8603,1.44364},
{1.24154,1.8605,1.44285},
{1.24099,1.8607,1.44207},
{1.24043,1.86091,1.44128},
{1.23988,1.86111,1.4405},
{1.23933,1.86132,1.43971},
{1.23877,1.86152,1.43893},
{1.23822,1.86172,1.43814},
{1.23766,1.86193,1.43736},
{1.23711,1.86213,1.43657},
{1.23655,1.86234,1.43578},
{1.236,1.86254,1.435},
{1.23545,1.86275,1.43421},
{1.23489,1.86295,1.43343},
{1.23434,1.86315,1.43264},
{1.23378,1.86336,1.43186},
{1.23323,1.86356,1.43107},
{1.23267,1.86377,1.43029},
{1.23212,1.86397,1.4295},
{1.23156,1.86417,1.42871},
{1.23101,1.86438,1.42793},
{1.23046,1.86458,1.42714},
{1.2299,1.86479,1.42636},
{1.22935,1.86499,1.42557},
{1.23066,1.86452,1.4274},
{1.23016,1.86473,1.42661},
{1.22965,1.86495,1.42583},
{1.22915,1.86516,1.42504},
{1.22865,1.86538,1.42425},
{1.22815,1.86559,1.42347},
{1.22765,1.8658,1.42268},
{1.22715,1.86602,1.4219},
{1.22664,1.86623,1.42111},
{1.22614,1.86644,1.42033},
{1.22564,1.86666,1.41954},
{1.22514,1.86687,1.41876},
{1.22464,1.86708,1.41797},
{1.22414,1.8673,1.41719},
{1.22364,1.86751,1.4164},
{1.22313,1.86772,1.41562},
{1.22263,1.86794,1.41483},
{1.22213,1.86815,1.41405},
{1.22163,1.86836,1.41326},
{1.22113,1.86858,1.41248},
{1.22063,1.86879,1.41169},
{1.22012,1.869,1.41091},
{1.21962,1.86922,1.41012},
{1.21912,1.86943,1.40934},
{1.21862,1.86964,1.40855},
{1.21812,1.86986,1.40776},
{1.21762,1.87007,1.40698},
{1.21712,1.87029,1.40619},
{1.21661,1.8705,1.40541},
{1.21611,1.87071,1.40462},
{1.21561,1.87093,1.40384},
{1.21511,1.87114,1.40305},
{1.21461,1.87135,1.40227},
{1.21411,1.87157,1.40148},
{1.2136,1.87178,1.4007},
{1.2131,1.87199,1.39991},
{1.2126,1.87221,1.39913},
{1.2121,1.87242,1.39834},
{1.2116,1.87263,1.39756},
{1.2111,1.87285,1.39677},
{1.2106,1.87306,1.39599},
{1.21009,1.87327,1.3952},
{1.20959,1.87349,1.39442},
{1.20909,1.8737,1.39363},
{1.20859,1.87391,1.39285},
{1.20809,1.87413,1.39206},
{1.20759,1.87434,1.39127},
{1.20708,1.87455,1.39049},
{1.20658,1.87477,1.3897},
{1.20608,1.87498,1.38892},
{1.20558,1.87519,1.38813},
{1.20508,1.87541,1.38735},
{1.20458,1.87562,1.38656},
{1.20408,1.87584,1.38578},
{1.20357,1.87605,1.38499},
{1.20307,1.87626,1.38421},
{1.20257,1.87648,1.38342},
{1.20207,1.87669,1.38264},
{1.20157,1.8769,1.38185},
{1.20107,1.87712,1.38107},
{1.20056,1.87733,1.38028},
{1.20006,1.87754,1.3795},
{1.19956,1.87776,1.37871},
{1.19906,1.87797,1.37793},
{1.19856,1.87818,1.37714},
{1.19806,1.8784,1.37635},
{1.19756,1.87861,1.37557},
{1.19705,1.87882,1.37478},
{1.19655,1.87904,1.374},
{1.19605,1.87925,1.37321},
{1.19555,1.87946,1.37243},
{1.19505,1.87968,1.37164},
{1.19455,1.87989,1.37086},
{1.19404,1.8801,1.37007},
{1.19354,1.88032,1.36929},
{1.19304,1.88053,1.3685},
{1.19254,1.88075,1.36772},
{1.19204,1.88096,1.36693},
{1.19154,1.88117,1.36615},
{1.19104,1.88139,1.36536},
{1.19053,1.8816,1.36458},
{1.19003,1.88181,1.36379},
{1.18953,1.88203,1.36301},
{1.18903,1.88224,1.36222},
{1.18853,1.88245,1.36144},
{1.18803,1.88267,1.36065},
{1.18752,1.88288,1.35986},
{1.18702,1.88309,1.35908},
{1.18652,1.88331,1.35829},
{1.18602,1.88352,1.35751},
{1.18552,1.88373,1.35672},
{1.18502,1.88395,1.35594},
{1.18452,1.88416,1.35515},
{1.18401,1.88437,1.35437},
{1.18351,1.88459,1.35358},
{1.18301,1.8848,1.3528},
{1.18251,1.88501,1.35201},
{1.18201,1.88523,1.35123},
{1.18151,1.88544,1.35044},
{1.181,1.88565,1.34966},
{1.1824,1.88508,1.35179},
{1.18196,1.88529,1.35101},
{1.18151,1.88551,1.35022},
{1.18106,1.88572,1.34944},
{1.18061,1.88594,1.34865},
{1.18017,1.88616,1.34787},
{1.17972,1.88637,1.34708},
{1.17927,1.88659,1.3463},
{1.17882,1.88681,1.34551},
{1.17837,1.88702,1.34472},
{1.17793,1.88724,1.34394},
{1.17748,1.88746,1.34315},
{1.17703,1.88767,1.34237},
{1.17658,1.88789,1.34158},
{1.17614,1.8881,1.3408},
{1.17569,1.88832,1.34001},
{1.17524,1.88854,1.33923},
{1.17479,1.88875,1.33844},
{1.17434,1.88897,1.33765},
{1.1739,1.88919,1.33687},
{1.17345,1.8894,1.33608},
{1.173,1.88962,1.3353},
{1.17255,1.88984,1.33451},
{1.17211,1.89005,1.33373},
{1.17166,1.89027,1.33294},
{1.17121,1.89048,1.33216},
{1.17076,1.8907,1.33137},
{1.17031,1.89092,1.33058},
{1.16987,1.89113,1.3298},
{1.16942,1.89135,1.32901},
{1.16897,1.89157,1.32823},
{1.16852,1.89178,1.32744},
{1.16808,1.892,1.32666},
{1.16763,1.89222,1.32587},
{1.16718,1.89243,1.32509},
{1.16673,1.89265,1.3243},
{1.16628,1.89286,1.32351},
{1.16584,1.89308,1.32273},
{1.16539,1.8933,1.32194},
{1.16494,1.89351,1.32116},
{1.16449,1.89373,1.32037},
{1.16405,1.89395,1.31959},
{1.1636,1.89416,1.3188},
{1.16315,1.89438,1.31802},
{1.1627,1.8946,1.31723},
{1.16225,1.89481,1.31644},
{1.16181,1.89503,1.31566},
{1.16136,1.89524,1.31487},
{1.16091,1.89546,1.31409},
{1.16046,1.89568,1.3133},
{1.16002,1.89589,1.31252},
{1.15957,1.89611,1.31173},
{1.15912,1.89633,1.31095},
{1.15867,1.89654,1.31016},
{1.15822,1.89676,1.30937},
{1.15778,1.89698,1.30859},
{1.15733,1.89719,1.3078},
{1.15688,1.89741,1.30702},
{1.15643,1.89762,1.30623},
{1.15599,1.89784,1.30545},
{1.15554,1.89806,1.30466},
{1.15509,1.89827,1.30387},
{1.15464,1.89849,1.30309},
{1.15419,1.89871,1.3023},
{1.15375,1.89892,1.30152},
{1.1533,1.89914,1.30073},
{1.15285,1.89936,1.29995},
{1.1524,1.89957,1.29916},
{1.15196,1.89979,1.29838},
{1.15151,1.9,1.29759},
{1.15106,1.90022,1.2968},
{1.15061,1.90044,1.29602},
{1.15016,1.90065,1.29523},
{1.14972,1.90087,1.29445},
{1.14927,1.90109,1.29366},
{1.14882,1.9013,1.29288},
{1.14837,1.90152,1.29209},
{1.14793,1.90174,1.29131},
{1.14748,1.90195,1.29052},
{1.14703,1.90217,1.28973},
{1.14658,1.90238,1.28895},
{1.14613,1.9026,1.28816},
{1.14569,1.90282,1.28738},
{1.14524,1.90303,1.28659},
{1.14479,1.90325,1.28581},
{1.14434,1.90347,1.28502},
{1.1439,1.90368,1.28424},
{1.14345,1.9039,1.28345},
{1.143,1.90412,1.28266},
{1.14255,1.90433,1.28188},
{1.1421,1.90455,1.28109},
{1.14166,1.90476,1.28031},
{1.14121,1.90498,1.27952},
{1.14076,1.9052,1.27874},
{1.14031,1.90541,1.27795},
{1.13987,1.90563,1.27717},
{1.14129,1.90495,1.27961},
{1.14089,1.90517,1.27882},
{1.1405,1.90538,1.27804},
{1.14011,1.90559,1.27725},
{1.13971,1.90581,1.27647},
{1.13932,1.90602,1.27568},
{1.13892,1.90623,1.2749},
{1.13853,1.90644,1.27411},
{1.13814,1.90666,1.27333},
{1.13774,1.90687,1.27254},
{1.13735,1.90708,1.27176},
{1.13696,1.9073,1.27097},
{1.13656,1.90751,1.27019},
{1.13617,1.90772,1.2694},
{1.13577,1.90793,1.26862},
{1.13538,1.90815,1.26783},
{1.13499,1.90836,1.26705},
{1.13459,1.90857,1.26626},
{1.1342,1.90879,1.26548},
{1.13381,1.909,1.26469},
{1.13341,1.90921,1.2639},
{1.13302,1.90942,1.26312},
{1.13262,1.90964,1.26233},
{1.13223,1.90985,1.26155},
{1.13184,1.91006,1.26076},
{1.13144,1.91027,1.25998},
{1.13105,1.91049,1.25919},
{1.13066,1.9107,1.25841},
{1.13026,1.91091,1.25762},
{1.12987,1.91113,1.25684},
{1.12947,1.91134,1.25605},
{1.12908,1.91155,1.25527},
{1.12869,1.91176,1.25448},
{1.12829,1.91198,1.2537},
{1.1279,1.91219,1.25291},
{1.12751,1.9124,1.25213},
{1.12711,1.91262,1.25134},
{1.12672,1.91283,1.25056},
{1.12632,1.91304,1.24977},
{1.12593,1.91325,1.24899},
{1.12554,1.91347,1.2482},
{1.12514,1.91368,1.24742},
{1.12475,1.91389,1.24663},
{1.12435,1.91411,1.24585},
{1.12396,1.91432,1.24506},
{1.12357,1.91453,1.24427},
{1.12317,1.91474,1.24349},
{1.12278,1.91496,1.2427},
{1.12239,1.91517,1.24192},
{1.12199,1.91538,1.24113},
{1.1216,1.91559,1.24035},
{1.1212,1.91581,1.23956},
{1.12081,1.91602,1.23878},
{1.12042,1.91623,1.23799},
{1.12002,1.91645,1.23721},
{1.11963,1.91666,1.23642},
{1.11924,1.91687,1.23564},
{1.11884,1.91708,1.23485},
{1.11845,1.9173,1.23407},
{1.11805,1.91751,1.23328},
{1.11766,1.91772,1.2325},
{1.11727,1.91794,1.23171},
{1.11687,1.91815,1.23093},
{1.11648,1.91836,1.23014},
{1.11609,1.91857,1.22936},
{1.11569,1.91879,1.22857},
{1.1153,1.919,1.22779},
{1.1149,1.91921,1.227},
{1.11451,1.91943,1.22622},
{1.11412,1.91964,1.22543},
{1.11372,1.91985,1.22464},
{1.11333,1.92006,1.22386},
{1.11294,1.92028,1.22307},
{1.11254,1.92049,1.22229},
{1.11215,1.9207,1.2215},
{1.11175,1.92092,1.22072},
{1.11136,1.92113,1.21993},
{1.11097,1.92134,1.21915},
{1.11057,1.92155,1.21836},
{1.11018,1.92177,1.21758},
{1.10978,1.92198,1.21679},
{1.10939,1.92219,1.21601},
{1.109,1.9224,1.21522},
{1.1086,1.92262,1.21444},
{1.10821,1.92283,1.21365},
{1.10782,1.92304,1.21287},
{1.10742,1.92326,1.21208},
{1.10703,1.92347,1.2113},
{1.10663,1.92368,1.21051},
{1.10624,1.92389,1.20973},
{1.10585,1.92411,1.20894},
{1.10545,1.92432,1.20816},
{1.10685,1.92357,1.21089},
{1.10651,1.92378,1.2101},
{1.10617,1.92398,1.20932},
{1.10583,1.92419,1.20853},
{1.10549,1.92439,1.20775},
{1.10515,1.92459,1.20696},
{1.10481,1.9248,1.20617},
{1.10447,1.925,1.20539},
{1.10412,1.92521,1.2046},
{1.10378,1.92541,1.20382},
{1.10344,1.92561,1.20303},
{1.1031,1.92582,1.20225},
{1.10276,1.92602,1.20146},
{1.10242,1.92623,1.20068},
{1.10208,1.92643,1.19989},
{1.10174,1.92663,1.1991},
{1.10139,1.92684,1.19832},
{1.10105,1.92704,1.19753},
{1.10071,1.92724,1.19675},
{1.10037,1.92745,1.19596},
{1.10003,1.92765,1.19518},
{1.09969,1.92786,1.19439},
{1.09935,1.92806,1.1936},
{1.09901,1.92826,1.19282},
{1.09866,1.92847,1.19203},
{1.09832,1.92867,1.19125},
{1.09798,1.92888,1.19046},
{1.09764,1.92908,1.18968},
{1.0973,1.92928,1.18889},
{1.09696,1.92949,1.18811},
{1.09662,1.92969,1.18732},
{1.09628,1.9299,1.18653},
{1.09594,1.9301,1.18575},
{1.09559,1.9303,1.18496},
{1.09525,1.93051,1.18418},
{1.09491,1.93071,1.18339},
{1.09457,1.93092,1.18261},
{1.09423,1.93112,1.18182},
{1.09389,1.93132,1.18103},
{1.09355,1.93153,1.18025},
{1.09321,1.93173,1.17946},
{1.09286,1.93194,1.17868},
{1.09252,1.93214,1.17789},
{1.09218,1.93234,1.17711},
{1.09184,1.93255,1.17632},
{1.0915,1.93275,1.17553},
{1.09116,1.93295,1.17475},
{1.09082,1.93316,1.17396},
{1.09048,1.93336,1.17318},
{1.09014,1.93357,1.17239},
{1.08979,1.93377,1.17161},
{1.08945,1.93397,1.17082},
{1.08911,1.93418,1.17004},
{1.08877,1.93438,1.16925},
{1.08843,1.93459,1.16846},
{1.08809,1.93479,1.16768},
{1.08775,1.93499,1.16689},
{1.08741,1.9352,1.16611},
{1.08706,1.9354,1.16532},
{1.08672,1.93561,1.16454},
{1.08638,1.93581,1.16375},
{1.08604,1.93601,1.16296},
{1.0857,1.93622,1.16218},
{1.08536,1.93642,1.16139},
{1.08502,1.93663,1.16061},
{1.08468,1.93683,1.15982},
{1.08433,1.93703,1.15904},
{1.08399,1.93724,1.15825},
{1.08365,1.93744,1.15747},
{1.08331,1.93765,1.15668},
{1.08297,1.93785,1.15589},
{1.08263,1.93805,1.15511},
{1.08229,1.93826,1.15432},
{1.08195,1.93846,1.15354},
{1.08161,1.93866,1.15275},
{1.08126,1.93887,1.15197},
{1.08092,1.93907,1.15118},
{1.08058,1.93928,1.15039},
{1.08024,1.93948,1.14961},
{1.0799,1.93968,1.14882},
{1.07956,1.93989,1.14804},
{1.07922,1.94009,1.14725},
{1.07888,1.9403,1.14647},
{1.07853,1.9405,1.14568},
{1.07819,1.9407,1.1449},
{1.07785,1.94091,1.14411},
{1.07751,1.94111,1.14332},
{1.07882,1.94033,1.14634},
{1.07853,1.94052,1.14555},
{1.07824,1.94071,1.14476},
{1.07795,1.9409,1.14398},
{1.07766,1.94109,1.14319},
{1.07737,1.94128,1.14241},
{1.07708,1.94147,1.14162},
{1.07679,1.94166,1.14084},
{1.0765,1.94185,1.14005},
{1.07621,1.94204,1.13927},
{1.07592,1.94223,1.13848},
{1.07563,1.94242,1.1377},
{1.07534,1.94261,1.13691},
{1.07505,1.9428,1.13613},
{1.07476,1.94299,1.13534},
{1.07447,1.94318,1.13456},
{1.07417,1.94337,1.13377},
{1.07388,1.94356,1.13299},
{1.07359,1.94375,1.1322},
{1.0733,1.94394,1.13142},
{1.07301,1.94413,1.13063},
{1.07272,1.94432,1.12985},
{1.07243,1.94451,1.12906},
{1.07214,1.9447,1.12828},
{1.07185,1.94489,1.12749},
{1.07156,1.94508,1.12671},
{1.07127,1.94527,1.12592},
{1.07098,1.94546,1.12514},
{1.07069,1.94565,1.12435},
{1.0704,1.94584,1.12357},
{1.07011,1.94603,1.12278},
{1.06982,1.94622,1.122},
{1.06953,1.94641,1.12121},
{1.06924,1.9466,1.12043},
{1.06895,1.94679,1.11964},
{1.06866,1.94698,1.11886},
{1.06837,1.94717,1.11807},
{1.06808,1.94736,1.11729},
{1.06779,1.94755,1.1165},
{1.06749,1.94774,1.11572},
{1.0672,1.94793,1.11493},
{1.06691,1.94812,1.11415},
{1.06662,1.94831,1.11336},
{1.06633,1.9485,1.11258},
{1.06604,1.94869,1.11179},
{1.06575,1.94888,1.11101},
{1.06546,1.94907,1.11022},
{1.06517,1.94926,1.10943},
{1.06488,1.94945,1.10865},
{1.06459,1.94964,1.10786},
{1.0643,1.94983,1.10708},
{1.06401,1.95002,1.10629},
{1.06372,1.95021,1.10551},
{1.06343,1.9504,1.10472},
{1.06314,1.95059,1.10394},
{1.06285,1.95078,1.10315},
{1.06256,1.95097,1.10237},
{1.06227,1.95116,1.10158},
{1.06198,1.95135,1.1008},
{1.06169,1.95154,1.10001},
{1.0614,1.95173,1.09923},
{1.0611,1.95192,1.09844},
{1.06081,1.95211,1.09766},
{1.06052,1.9523,1.09687},
{1.06023,1.95249,1.09609},
{1.05994,1.95268,1.0953},
{1.05965,1.95287,1.09452},
{1.05936,1.95306,1.09373},
{1.05907,1.95325,1.09295},
{1.05878,1.95344,1.09216},
{1.05849,1.95363,1.09138},
{1.0582,1.95382,1.09059},
{1.05791,1.95401,1.08981},
{1.05762,1.9542,1.08902},
{1.05733,1.95439,1.08824},
{1.05704,1.95458,1.08745},
{1.05675,1.95477,1.08667},
{1.05646,1.95496,1.08588},
{1.05617,1.95515,1.0851},
{1.05588,1.95534,1.08431},
{1.05559,1.95553,1.08353},
{1.0553,1.95572,1.08274},
{1.05501,1.95591,1.08196},
{1.05623,1.95511,1.08523},
{1.05599,1.95528,1.08444},
{1.05575,1.95546,1.08365},
{1.05551,1.95563,1.08287},
{1.05526,1.9558,1.08208},
{1.05502,1.95597,1.0813},
{1.05478,1.95615,1.08051},
{1.05453,1.95632,1.07973},
{1.05429,1.95649,1.07894},
{1.05405,1.95666,1.07815},
{1.05381,1.95684,1.07737},
{1.05356,1.95701,1.07658},
{1.05332,1.95718,1.0758},
{1.05308,1.95735,1.07501},
{1.05283,1.95753,1.07423},
{1.05259,1.9577,1.07344},
{1.05235,1.95787,1.07265},
{1.0521,1.95804,1.07187},
{1.05186,1.95821,1.07108},
{1.05162,1.95839,1.0703},
{1.05138,1.95856,1.06951},
{1.05113,1.95873,1.06873},
{1.05089,1.9589,1.06794},
{1.05065,1.95908,1.06715},
{1.0504,1.95925,1.06637},
{1.05016,1.95942,1.06558},
{1.04992,1.95959,1.0648},
{1.04968,1.95977,1.06401},
{1.04943,1.95994,1.06322},
{1.04919,1.96011,1.06244},
{1.04895,1.96028,1.06165},
{1.0487,1.96046,1.06087},
{1.04846,1.96063,1.06008},
{1.04822,1.9608,1.0593},
{1.04797,1.96097,1.05851},
{1.04773,1.96115,1.05772},
{1.04749,1.96132,1.05694},
{1.04725,1.96149,1.05615},
{1.047,1.96166,1.05537},
{1.04676,1.96184,1.05458},
{1.04652,1.96201,1.0538},
{1.04627,1.96218,1.05301},
{1.04603,1.96235,1.05222},
{1.04579,1.96253,1.05144},
{1.04555,1.9627,1.05065},
{1.0453,1.96287,1.04987},
{1.04506,1.96304,1.04908},
{1.04482,1.96322,1.0483},
{1.04457,1.96339,1.04751},
{1.04433,1.96356,1.04672},
{1.04409,1.96373,1.04594},
{1.04385,1.9639,1.04515},
{1.0436,1.96408,1.04437},
{1.04336,1.96425,1.04358},
{1.04312,1.96442,1.04279},
{1.04287,1.96459,1.04201},
{1.04263,1.96477,1.04122},
{1.04239,1.96494,1.04044},
{1.04214,1.96511,1.03965},
{1.0419,1.96528,1.03887},
{1.04166,1.96546,1.03808},
{1.04142,1.96563,1.03729},
{1.04117,1.9658,1.03651},
{1.04093,1.96597,1.03572},
{1.04069,1.96615,1.03494},
{1.04044,1.96632,1.03415},
{1.0402,1.96649,1.03337},
{1.03996,1.96666,1.03258},
{1.03972,1.96684,1.03179},
{1.03947,1.96701,1.03101},
{1.03923,1.96718,1.03022},
{1.03899,1.96735,1.02944},
{1.03874,1.96753,1.02865},
{1.0385,1.9677,1.02787},
{1.03826,1.96787,1.02708},
{1.03802,1.96804,1.02629},
{1.03777,1.96822,1.02551},
{1.03753,1.96839,1.02472},
{1.03866,1.9676,1.02824},
{1.03846,1.96775,1.02746},
{1.03826,1.9679,1.02667},
{1.03806,1.96805,1.02589},
{1.03786,1.9682,1.0251},
{1.03766,1.96836,1.02432},
{1.03746,1.96851,1.02353},
{1.03727,1.96866,1.02275},
{1.03707,1.96881,1.02196},
{1.03687,1.96896,1.02118},
{1.03667,1.96911,1.02039},
{1.03647,1.96927,1.01961},
{1.03627,1.96942,1.01882},
{1.03607,1.96957,1.01804},
{1.03588,1.96972,1.01725},
{1.03568,1.96987,1.01647},
{1.03548,1.97003,1.01568},
{1.03528,1.97018,1.0149},
{1.03508,1.97033,1.01411},
{1.03488,1.97048,1.01333},
{1.03468,1.97063,1.01254},
{1.03448,1.97078,1.01176},
{1.03429,1.97094,1.01097},
{1.03409,1.97109,1.01019},
{1.03389,1.97124,1.0094},
{1.03369,1.97139,1.00862},
{1.03349,1.97154,1.00783},
{1.03329,1.97169,1.00705},
{1.03309,1.97185,1.00626},
{1.0329,1.972,1.00548},
{1.0327,1.97215,1.00469},
{1.0325,1.9723,1.00391},
{1.0323,1.97245,1.00312},
{1.0321,1.97261,1.00234},
{1.0319,1.97276,1.00156},
{1.0317,1.97291,1.00077},
{1.0315,1.97306,0.999985},
{1.03131,1.97321,0.999201},
{1.03111,1.97336,0.998416},
{1.03091,1.97352,0.997631},
{1.03071,1.97367,0.996846},
{1.03051,1.97382,0.996061},
{1.03031,1.97397,0.995276},
{1.03011,1.97412,0.994491},
{1.02992,1.97427,0.993706},
{1.02972,1.97443,0.992921},
{1.02952,1.97458,0.992137},
{1.02932,1.97473,0.991352},
{1.02912,1.97488,0.990567},
{1.02892,1.97503,0.989782},
{1.02872,1.97518,0.988997},
{1.02852,1.97534,0.988212},
{1.02833,1.97549,0.987427},
{1.02813,1.97564,0.986642},
{1.02793,1.97579,0.985857},
{1.02773,1.97594,0.985073},
{1.02753,1.9761,0.984288},
{1.02733,1.97625,0.983503},
{1.02713,1.9764,0.982718},
{1.02694,1.97655,0.981933},
{1.02674,1.9767,0.981148},
{1.02654,1.97685,0.980363},
{1.02634,1.97701,0.979578},
{1.02614,1.97716,0.978793},
{1.02594,1.97731,0.978009},
{1.02574,1.97746,0.977224},
{1.02554,1.97761,0.976439},
{1.02535,1.97776,0.975654},
{1.02515,1.97792,0.974869},
{1.02495,1.97807,0.974084},
{1.02475,1.97822,0.973299},
{1.02455,1.97837,0.972514},
{1.02553,1.97763,0.976255},
{1.02538,1.97776,0.975469},
{1.02522,1.97789,0.974683},
{1.02506,1.97802,0.973897},
{1.0249,1.97815,0.973111},
{1.02474,1.97828,0.972324},
{1.02458,1.97841,0.971538},
{1.02442,1.97854,0.970752},
{1.02426,1.97866,0.969966},
{1.02411,1.97879,0.96918},
{1.02395,1.97892,0.968394},
{1.02379,1.97905,0.967607},
{1.02363,1.97918,0.966821},
{1.02347,1.97931,0.966035},
{1.02331,1.97944,0.965249},
{1.02315,1.97957,0.964463},
{1.023,1.9797,0.963676},
{1.02284,1.97983,0.96289},
{1.02268,1.97996,0.962104},
{1.02252,1.98009,0.961318},
{1.02236,1.98022,0.960532},
{1.0222,1.98035,0.959746},
{1.02204,1.98048,0.958959},
{1.02188,1.98061,0.958173},
{1.02173,1.98074,0.957387},
{1.02157,1.98087,0.956601},
{1.02141,1.981,0.955815},
{1.02125,1.98113,0.955028},
{1.02109,1.98125,0.954242},
{1.02093,1.98138,0.953456},
{1.02077,1.98151,0.95267},
{1.02062,1.98164,0.951884},
{1.02046,1.98177,0.951097},
{1.0203,1.9819,0.950311},
{1.02014,1.98203,0.949525},
{1.01998,1.98216,0.948739},
{1.01982,1.98229,0.947953},
{1.01966,1.98242,0.947167},
{1.0195,1.98255,0.94638},
{1.01935,1.98268,0.945594},
{1.01919,1.98281,0.944808},
{1.01903,1.98294,0.944022},
{1.01887,1.98307,0.943236},
{1.01871,1.9832,0.942449},
{1.01855,1.98333,0.941663},
{1.01839,1.98346,0.940877},
{1.01824,1.98359,0.940091},
{1.01808,1.98372,0.939305},
{1.01792,1.98384,0.938519},
{1.01776,1.98397,0.937732},
{1.0176,1.9841,0.936946},
{1.01744,1.98423,0.93616},
{1.01728,1.98436,0.935374},
{1.01712,1.98449,0.934588},
{1.01697,1.98462,0.933801},
{1.01681,1.98475,0.933015},
{1.01665,1.98488,0.932229},
{1.01649,1.98501,0.931443},
{1.01633,1.98514,0.930657},
{1.01617,1.98527,0.929871},
{1.01601,1.9854,0.929084},
{1.01586,1.98553,0.928298},
{1.0157,1.98566,0.927512},
{1.01554,1.98579,0.926726},
{1.01538,1.98592,0.92594},
{1.01522,1.98605,0.925153},
{1.01604,1.98538,0.929113},
{1.01592,1.98549,0.928329},
{1.0158,1.98559,0.927545},
{1.01567,1.9857,0.926761},
{1.01555,1.9858,0.925977},
{1.01543,1.98591,0.925193},
{1.01531,1.98602,0.924409},
{1.01518,1.98612,0.923625},
{1.01506,1.98623,0.922841},
{1.01494,1.98634,0.922057},
{1.01481,1.98644,0.921273},
{1.01469,1.98655,0.920489},
{1.01457,1.98665,0.919705},
{1.01445,1.98676,0.918922},
{1.01432,1.98687,0.918138},
{1.0142,1.98697,0.917354},
{1.01408,1.98708,0.91657},
{1.01396,1.98719,0.915786},
{1.01383,1.98729,0.915002},
{1.01371,1.9874,0.914218},
{1.01359,1.9875,0.913434},
{1.01346,1.98761,0.91265},
{1.01334,1.98772,0.911866},
{1.01322,1.98782,0.911082},
{1.0131,1.98793,0.910298},
{1.01297,1.98804,0.909514},
{1.01285,1.98814,0.90873},
{1.01273,1.98825,0.907946},
{1.01261,1.98835,0.907162},
{1.01248,1.98846,0.906378},
{1.01236,1.98857,0.905594},
{1.01224,1.98867,0.90481},
{1.01211,1.98878,0.904026},
{1.01199,1.98889,0.903243},
{1.01187,1.98899,0.902459},
{1.01175,1.9891,0.901675},
{1.01162,1.9892,0.900891},
{1.0115,1.98931,0.900107},
{1.01138,1.98942,0.899323},
{1.01126,1.98952,0.898539},
{1.01113,1.98963,0.897755},
{1.01101,1.98974,0.896971},
{1.01089,1.98984,0.896187},
{1.01076,1.98995,0.895403},
{1.01064,1.99005,0.894619},
{1.01052,1.99016,0.893835},
{1.0104,1.99027,0.893051},
{1.01027,1.99037,0.892267},
{1.01015,1.99048,0.891483},
{1.01003,1.99059,0.890699},
{1.00991,1.99069,0.889915},
{1.00978,1.9908,0.889131},
{1.00966,1.9909,0.888347},
{1.00954,1.99101,0.887564},
{1.00941,1.99112,0.88678},
{1.00929,1.99122,0.885996},
{1.00917,1.99133,0.885212},
{1.00905,1.99144,0.884428},
{1.00892,1.99154,0.883644},
{1.0088,1.99165,0.88286},
{1.00946,1.99108,0.886995},
{1.00937,1.99116,0.886205},
{1.00928,1.99124,0.885416},
{1.00919,1.99133,0.884627},
{1.00909,1.99141,0.883838},
{1.009,1.9915,0.883048},
{1.00891,1.99158,0.882259},
{1.00882,1.99166,0.88147},
{1.00873,1.99175,0.880681},
{1.00864,1.99183,0.879892},
{1.00855,1.99191,0.879102},
{1.00845,1.992,0.878313},
{1.00836,1.99208,0.877524},
{1.00827,1.99216,0.876735},
{1.00818,1.99225,0.875945},
{1.00809,1.99233,0.875156},
{1.008,1.99241,0.874367},
{1.00791,1.9925,0.873578},
{1.00781,1.99258,0.872788},
{1.00772,1.99266,0.871999},
{1.00763,1.99275,0.87121},
{1.00754,1.99283,0.870421},
{1.00745,1.99291,0.869632},
{1.00736,1.993,0.868842},
{1.00726,1.99308,0.868053},
{1.00717,1.99316,0.867264},
{1.00708,1.99325,0.866475},
{1.00699,1.99333,0.865685},
{1.0069,1.99341,0.864896},
{1.00681,1.9935,0.864107},
{1.00672,1.99358,0.863318},
{1.00662,1.99366,0.862528},
{1.00653,1.99375,0.861739},
{1.00644,1.99383,0.86095},
{1.00635,1.99392,0.860161},
{1.00626,1.994,0.859372},
{1.00617,1.99408,0.858582},
{1.00607,1.99417,0.857793},
{1.00598,1.99425,0.857004},
{1.00589,1.99433,0.856215},
{1.0058,1.99442,0.855425},
{1.00571,1.9945,0.854636},
{1.00562,1.99458,0.853847},
{1.00553,1.99467,0.853058},
{1.00543,1.99475,0.852268},
{1.00534,1.99483,0.851479},
{1.00525,1.99492,0.85069},
{1.00516,1.995,0.849901},
{1.00507,1.99508,0.849112},
{1.00498,1.99517,0.848322},
{1.00488,1.99525,0.847533},
{1.00479,1.99533,0.846744},
{1.0047,1.99542,0.845955},
{1.00461,1.9955,0.845165},
{1.00513,1.99503,0.849523},
{1.00506,1.99509,0.84878},
{1.005,1.99516,0.848037},
{1.00493,1.99522,0.847294},
{1.00487,1.99528,0.846551},
{1.0048,1.99534,0.845808},
{1.00474,1.9954,0.845065},
{1.00467,1.99546,0.844322},
{1.00461,1.99552,0.84358},
{1.00454,1.99559,0.842837},
{1.00448,1.99565,0.842094},
{1.00441,1.99571,0.841351},
{1.00435,1.99577,0.840608},
{1.00429,1.99583,0.839865},
{1.00422,1.99589,0.839122},
{1.00416,1.99596,0.838379},
{1.00409,1.99602,0.837636},
{1.00403,1.99608,0.836894},
{1.00396,1.99614,0.836151},
{1.0039,1.9962,0.835408},
{1.00383,1.99626,0.834665},
{1.00377,1.99633,0.833922},
{1.0037,1.99639,0.833179},
{1.00364,1.99645,0.832436},
{1.00357,1.99651,0.831693},
{1.00351,1.99657,0.83095},
{1.00345,1.99663,0.830207},
{1.00338,1.99669,0.829465},
{1.00332,1.99676,0.828722},
{1.00325,1.99682,0.827979},
{1.00319,1.99688,0.827236},
{1.00312,1.99694,0.826493},
{1.00306,1.997,0.82575},
{1.00299,1.99706,0.825007},
{1.00293,1.99713,0.824264},
{1.00286,1.99719,0.823521},
{1.0028,1.99725,0.822779},
{1.00274,1.99731,0.822036},
{1.00267,1.99737,0.821293},
{1.00261,1.99743,0.82055},
{1.00254,1.99749,0.819807},
{1.00248,1.99756,0.819064},
{1.00241,1.99762,0.818321},
{1.00235,1.99768,0.817578},
{1.00228,1.99774,0.816835},
{1.00222,1.9978,0.816093},
{1.00215,1.99786,0.81535},
{1.00252,1.99751,0.819574},
{1.00248,1.99756,0.819004},
{1.00244,1.9976,0.818434},
{1.00239,1.99764,0.817864},
{1.00235,1.99768,0.817293},
{1.00231,1.99772,0.816723},
{1.00226,1.99777,0.816153},
{1.00222,1.99781,0.815583},
{1.00218,1.99785,0.815012},
{1.00214,1.99789,0.814442},
{1.00209,1.99793,0.813872},
{1.00205,1.99798,0.813302},
{1.00201,1.99802,0.812731},
{1.00197,1.99806,0.812161},
{1.00192,1.9981,0.811591},
{1.00188,1.99814,0.81102},
{1.00184,1.99819,0.81045},
{1.00179,1.99823,0.80988},
{1.00175,1.99827,0.80931},
{1.00171,1.99831,0.808739},
{1.00167,1.99835,0.808169},
{1.00162,1.9984,0.807599},
{1.00158,1.99844,0.807029},
{1.00154,1.99848,0.806458},
{1.00149,1.99852,0.805888},
{1.00145,1.99856,0.805318},
{1.00141,1.99861,0.804747},
{1.00137,1.99865,0.804177},
{1.00132,1.99869,0.803607},
{1.00128,1.99873,0.803037},
{1.00124,1.99877,0.802466},
{1.0012,1.99882,0.801896},
{1.00115,1.99886,0.801326},
{1.00111,1.9989,0.800756},
{1.00107,1.99894,0.800185},
{1.00102,1.99898,0.799615},
{1.00098,1.99903,0.799045},
{1.00094,1.99907,0.798475},
{1.0009,1.99911,0.797904},
{1.00085,1.99915,0.797334},
{1.00081,1.99919,0.796764},
{1.00106,1.99894,0.80015},
{1.00104,1.99897,0.799787},
{1.00101,1.999,0.799425},
{1.00099,1.99902,0.799062},
{1.00096,1.99905,0.7987},
{1.00093,1.99907,0.798337},
{1.00091,1.9991,0.797974},
{1.00088,1.99913,0.797612},
{1.00085,1.99915,0.797249},
{1.00083,1.99918,0.796887},
{1.0008,1.99921,0.796524},
{1.00077,1.99923,0.796161},
{1.00075,1.99926,0.795799},
{1.00072,1.99928,0.795436},
{1.0007,1.99931,0.795073},
{1.00067,1.99934,0.794711},
{1.00064,1.99936,0.794348},
{1.00062,1.99939,0.793986},
{1.00059,1.99942,0.793623},
{1.00056,1.99944,0.79326},
{1.00054,1.99947,0.792898},
{1.00051,1.99949,0.792535},
{1.00048,1.99952,0.792173},
{1.00046,1.99955,0.79181},
{1.00043,1.99957,0.791447},
{1.00041,1.9996,0.791085},
{1.00038,1.99962,0.790722},
{1.00035,1.99965,0.79036},
{1.00033,1.99968,0.789997},
{1.0003,1.9997,0.789634},
{1.00027,1.99973,0.789272},
{1.00025,1.99976,0.788909},
{1.00022,1.99978,0.788546},
{1.00019,1.99981,0.788184},
{1.00036,1.99965,0.790409},
{1.00034,1.99966,0.790211},
{1.00033,1.99967,0.790013},
{1.00031,1.99969,0.789815},
{1.0003,1.9997,0.789617},
{1.00029,1.99972,0.789419},
{1.00027,1.99973,0.789222},
{1.00026,1.99974,0.789024},
{1.00024,1.99976,0.788826},
{1.00023,1.99977,0.788628},
{1.00022,1.99979,0.78843},
{1.0002,1.9998,0.788232},
{1.00019,1.99981,0.788034},
{1.00017,1.99983,0.787836},
{1.00016,1.99984,0.787639},
{1.00015,1.99986,0.787441},
{1.00013,1.99987,0.787243},
{1.00012,1.99988,0.787045},
{1.0001,1.9999,0.786847},
{1.00009,1.99991,0.786649},
{1.00008,1.99993,0.786451},
{1.00006,1.99994,0.786254},
{1.00005,1.99995,0.786056},
{1.00003,1.99997,0.785858},
{1.00002,1.99998,0.78566},
{1.00001,1.99999,0.785462},
{0.999991,2.00001,0.785264},
{1.00008,1.99992,0.786516},
{1.00007,1.99993,0.786433},
{1.00007,1.99993,0.786351},
{1.00006,1.99994,0.786268},
{1.00006,1.99994,0.786185},
{1.00005,1.99995,0.786102},
{1.00004,1.99996,0.786019},
{1.00004,1.99996,0.785937},
{1.00003,1.99997,0.785854},
{1.00003,1.99997,0.785771},
{1.00002,1.99998,0.785688},
{1.00001,1.99999,0.785606},
{1.00001,1.99999,0.785523},
{1,2,0.78544},
{0.999997,2,0.785357},
{0.999991,2.00001,0.785274},
{0.999985,2.00002,0.785192},
{0.999979,2.00002,0.785109},
{0.999973,2.00003,0.785026},
{0.999967,2.00003,0.784943},
{1.00001,1.99999,0.785491},
{1.00001,2,0.785471},
{1,2,0.785452},
{1,2,0.785433},
{1,2,0.785414},
{1,2,0.785395},
{0.999998,2,0.785376},
{0.999997,2,0.785356},
{0.999996,2,0.785337},
{0.999995,2.00001,0.785318},
{0.999993,2.00001,0.785299},
{0.999992,2.00001,0.78528},
{0.999991,2.00001,0.785261},
{1,2,0.785398}