{1,2,0.785398},
{1.00001,1.99999,0.785584},
{1.00002,1.99998,0.785667},
{1.00002,1.99998,0.78575},
{1.00003,1.99997,0.785833},
{1.00004,1.99996,0.785916},
{1.00009,1.99991,0.786671},
{1.0001,1.9999,0.786869},
{1.00012,1.99988,0.787067},
{1.00013,1.99987,0.787264},
{1.00015,1.99985,0.787462},
{1.00016,1.99984,0.78766},
{1.00017,1.99983,0.787858},
{1.00019,1.99981,0.788056},
{1.0002,1.9998,0.788254},
{1.00022,1.99978,0.788452},
{1.00023,1.99977,0.788649},
{1.00024,1.99976,0.788847},
{1.00026,1.99974,0.789045},
{1.00038,1.99962,0.79082},
{1.00041,1.99959,0.791182},
{1.00044,1.99956,0.791545},
{1.00046,1.99954,0.791907},
{1.00049,1.99951,0.79227},
{1.00052,1.99949,0.792633},
{1.00054,1.99946,0.792995},
{1.00057,1.99943,0.793358},
{1.0006,1.99941,0.79372},
{1.00062,1.99938,0.794083},
{1.00065,1.99936,0.794446},
{1.00067,1.99933,0.794808},
{1.0007,1.9993,0.795171},
{1.00073,1.99928,0.795533},
{1.00075,1.99925,0.795896},
{1.00078,1.99922,0.796259},
{1.00081,1.9992,0.796621},
{1.00083,1.99917,0.796984},
{1.00086,1.99915,0.797346},
{1.00107,1.99893,0.800306},
{1.00112,1.99889,0.800877},
{1.00116,1.99885,0.801447},
{1.0012,1.99881,0.802017},
{1.00125,1.99876,0.802587},
{1.00129,1.99872,0.803158},
{1.00133,1.99868,0.803728},
{1.00137,1.99864,0.804298},
{1.00142,1.9986,0.804869},
{1.00146,1.99855,0.805439},
{1.0015,1.99851,0.806009},
{1.00155,1.99847,0.806579},
{1.00159,1.99843,0.80715},
{1.00163,1.99839,0.80772},
{1.00167,1.99834,0.80829},
{1.00172,1.9983,0.80886},
{1.00176,1.99826,0.809431},
{1.0018,1.99822,0.810001},
{1.00184,1.99818,0.810571},
{1.00189,1.99813,0.811142},
{1.00193,1.99809,0.811712},
{1.00197,1.99805,0.812282},
{1.00202,1.99801,0.812852},
{1.00206,1.99797,0.813423},
{1.0021,1.99792,0.813993},
{1.00214,1.99788,0.814563},
{1.00219,1.99784,0.815133},
{1.00253,1.9975,0.819721},
{1.0026,1.99744,0.820463},
{1.00266,1.99738,0.821206},
{1.00273,1.99732,0.821949},
{1.00279,1.99725,0.822692},
{1.00285,1.99719,0.823435},
{1.00292,1.99713,0.824178},
{1.00298,1.99707,0.824921},
{1.00305,1.99701,0.825664},
{1.00311,1.99695,0.826406},
{1.00318,1.99688,0.827149},
{1.00324,1.99682,0.827892},
{1.00331,1.99676,0.828635},
{1.00337,1.9967,0.829378},
{1.00344,1.99664,0.830121},
{1.0035,1.99658,0.830864},
{1.00357,1.99652,0.831607},
{1.00363,1.99645,0.832349},
{1.00369,1.99639,0.833092},
{1.00376,1.99633,0.833835},
{1.00382,1.99627,0.834578},
{1.00389,1.99621,0.835321},
{1.00395,1.99615,0.836064},
{1.00402,1.99608,0.836807},
{1.00408,1.99602,0.837549},
{1.00415,1.99596,0.838292},
{1.00421,1.9959,0.839035},
{1.00428,1.99584,0.839778},
{1.00434,1.99578,0.840521},
{1.00441,1.99571,0.841264},
{1.00447,1.99565,0.842007},
{1.00453,1.99559,0.84275},
{1.0046,1.99553,0.843492},
{1.00466,1.99547,0.844235},
{1.00518,1.99498,0.850079},
{1.00527,1.9949,0.850869},
{1.00536,1.99481,0.851658},
{1.00545,1.99473,0.852447},
{1.00554,1.99464,0.853236},
{1.00564,1.99456,0.854025},
{1.00573,1.99448,0.854815},
{1.00582,1.99439,0.855604},
{1.00591,1.99431,0.856393},
{1.006,1.99423,0.857182},
{1.00609,1.99414,0.857972},
{1.00618,1.99406,0.858761},
{1.00628,1.99398,0.85955},
{1.00637,1.99389,0.860339},
{1.00646,1.99381,0.861129},
{1.00655,1.99373,0.861918},
{1.00664,1.99364,0.862707},
{1.00673,1.99356,0.863496},
{1.00682,1.99348,0.864286},
{1.00692,1.99339,0.865075},
{1.00701,1.99331,0.865864},
{1.0071,1.99323,0.866653},
{1.00719,1.99314,0.867443},
{1.00728,1.99306,0.868232},
{1.00737,1.99297,0.869021},
{1.00747,1.99289,0.86981},
{1.00756,1.99281,0.870599},
{1.00765,1.99272,0.871389},
{1.00774,1.99264,0.872178},
{1.00783,1.99256,0.872967},
{1.00792,1.99247,0.873756},
{1.00801,1.99239,0.874546},
{1.00811,1.99231,0.875335},
{1.0082,1.99222,0.876124},
{1.00829,1.99214,0.876913},
{1.00838,1.99206,0.877703},
{1.00847,1.99197,0.878492},
{1.00856,1.99189,0.879281},
{1.00866,1.99181,0.88007},
{1.00875,1.99172,0.88086},
{1.00884,1.99164,0.881649},
{1.00956,1.99099,0.887712},
{1.00968,1.99088,0.888495},
{1.0098,1.99077,0.889279},
{1.00993,1.99067,0.890063},
{1.01005,1.99056,0.890847},
{1.01017,1.99045,0.891631},
{1.01029,1.99035,0.892415},
{1.01042,1.99024,0.893199},
{1.01054,1.99013,0.893983},
{1.01066,1.99003,0.894767},
{1.01078,1.98992,0.895551},
{1.01091,1.98982,0.896335},
{1.01103,1.98971,0.897119},
{1.01115,1.9896,0.897903},
{1.01128,1.9895,0.898687},
{1.0114,1.98939,0.899471},
{1.01152,1.98928,0.900255},
{1.01164,1.98918,0.901039},
{1.01177,1.98907,0.901823},
{1.01189,1.98897,0.902607},
{1.01201,1.98886,0.90339},
{1.01213,1.98875,0.904174},
{1.01226,1.98865,0.904958},
{1.01238,1.98854,0.905742},
{1.0125,1.98843,0.906526},
{1.01263,1.98833,0.90731},
{1.01275,1.98822,0.908094},
{1.01287,1.98811,0.908878},
{1.01299,1.98801,0.909662},
{1.01312,1.9879,0.910446},
{1.01324,1.9878,0.91123},
{1.01336,1.98769,0.912014},
{1.01349,1.98758,0.912798},
{1.01361,1.98748,0.913582},
{1.01373,1.98737,0.914366},
{1.01385,1.98726,0.91515},
{1.01398,1.98716,0.915934},
{1.0141,1.98705,0.916718},
{1.01422,1.98694,0.917501},
{1.01434,1.98684,0.918285},
{1.01447,1.98673,0.919069},
{1.01459,1.98663,0.919853},
{1.01471,1.98652,0.920637},
{1.01484,1.98641,0.921421},
{1.01496,1.98631,0.922205},
{1.01508,1.9862,0.922989},
{1.0152,1.98609,0.923773},
{1.01613,1.9853,0.929648},
{1.01628,1.98517,0.930434},
{1.01644,1.98504,0.931221},
{1.0166,1.98491,0.932007},
{1.01676,1.98478,0.932793},
{1.01692,1.98465,0.933579},
{1.01708,1.98452,0.934365},
{1.01724,1.98439,0.935151},
{1.0174,1.98426,0.935938},
{1.01755,1.98413,0.936724},
{1.01771,1.984,0.93751},
{1.01787,1.98387,0.938296},
{1.01803,1.98374,0.939082},
{1.01819,1.98361,0.939869},
{1.01835,1.98348,0.940655},
{1.01851,1.98335,0.941441},
{1.01867,1.98322,0.942227},
{1.01882,1.98309,0.943013},
{1.01898,1.98296,0.9438},
{1.01914,1.98283,0.944586},
{1.0193,1.9827,0.945372},
{1.01946,1.98257,0.946158},
{1.01962,1.98244,0.946944},
{1.01978,1.98231,0.94773},
{1.01993,1.98218,0.948517},
{1.02009,1.98206,0.949303},
{1.02025,1.98193,0.950089},
{1.02041,1.9818,0.950875},
{1.02057,1.98167,0.951661},
{1.02073,1.98154,0.952448},
{1.02089,1.98141,0.953234},
{1.02105,1.98128,0.95402},
{1.0212,1.98115,0.954806},
{1.02136,1.98102,0.955592},
{1.02152,1.98089,0.956379},
{1.02168,1.98076,0.957165},
{1.02184,1.98063,0.957951},
{1.022,1.9805,0.958737},
{1.02216,1.98037,0.959523},
{1.02232,1.98024,0.960309},
{1.02247,1.98011,0.961096},
{1.02263,1.97998,0.961882},
{1.02279,1.97985,0.962668},
{1.02295,1.97972,0.963454},
{1.02311,1.97959,0.96424},
{1.02327,1.97946,0.965027},
{1.02343,1.97933,0.965813},
{1.02359,1.9792,0.966599},
{1.02374,1.97907,0.967385},
{1.0239,1.97894,0.968171},
{1.02406,1.97881,0.968958},
{1.02422,1.97869,0.969744},
{1.02438,1.97856,0.97053},
{1.02454,1.97843,0.971316},
{1.0257,1.97748,0.977037},
{1.0259,1.97733,0.977822},
{1.02609,1.97718,0.978607},
{1.02629,1.97702,0.979392},
{1.02649,1.97687,0.980177},
{1.02669,1.97672,0.980961},
{1.02689,1.97657,0.981746},
{1.02709,1.97642,0.982531},
{1.02729,1.97627,0.983316},
{1.02749,1.97611,0.984101},
{1.02768,1.97596,0.984886},
{1.02788,1.97581,0.985671},
{1.02808,1.97566,0.986456},
{1.02828,1.97551,0.98724},
{1.02848,1.97535,0.988025},
{1.02868,1.9752,0.98881},
{1.02888,1.97505,0.989595},
{1.02908,1.9749,0.99038},
{1.02927,1.97475,0.991165},
{1.02947,1.9746,0.99195},
{1.02967,1.97444,0.992735},
{1.02987,1.97429,0.99352},
{1.03007,1.97414,0.994304},
{1.03027,1.97399,0.995089},
{1.03047,1.97384,0.995874},
{1.03067,1.97368,0.996659},
{1.03086,1.97353,0.997444},
{1.03106,1.97338,0.998229},
{1.03126,1.97323,0.999014},
{1.03146,1.97308,0.999799},
{1.03166,1.97293,1.00058},
{1.03186,1.97277,1.00137},
{1.03206,1.97262,1.00215},
{1.03225,1.97247,1.00294},
{1.03245,1.97232,1.00372},
{1.03265,1.97217,1.00451},
{1.03285,1.97201,1.00529},
{1.03305,1.97186,1.00608},
{1.03325,1.97171,1.00686},
{1.03345,1.97156,1.00765},
{1.03365,1.97141,1.00843},
{1.03384,1.97126,1.00922},
{1.03404,1.9711,1.01},
{1.03424,1.97095,1.01079},
{1.03444,1.9708,1.01157},
{1.03464,1.97065,1.01236},
{1.03484,1.9705,1.01314},
{1.03504,1.97034,1.01393},
{1.03524,1.97019,1.01471},
{1.03543,1.97004,1.0155},
{1.03563,1.96989,1.01628},
{1.03583,1.96974,1.01707},
{1.03603,1.96959,1.01785},
{1.03623,1.96943,1.01864},
{1.03643,1.96928,1.01942},
{1.03663,1.96913,1.02021},
{1.03682,1.96898,1.02099},
{1.03702,1.96883,1.02178},
{1.03722,1.96867,1.02256},
{1.03742,1.96852,1.02335},
{1.03762,1.96837,1.02413},
{1.03906,1.96728,1.02965},
{1.0393,1.96711,1.03044},
{1.03954,1.96694,1.03122},
{1.03979,1.96677,1.03201},
{1.04003,1.96659,1.0328},
{1.04027,1.96642,1.03358},
{1.04051,1.96625,1.03437},
{1.04076,1.96608,1.03515},
{1.041,1.9659,1.03594},
{1.04124,1.96573,1.03672},
{1.04149,1.96556,1.03751},
{1.04173,1.96539,1.0383},
{1.04197,1.96521,1.03908},
{1.04222,1.96504,1.03987},
{1.04246,1.96487,1.04065},
{1.0427,1.9647,1.04144},
{1.04294,1.96452,1.04222},
{1.04319,1.96435,1.04301},
{1.04343,1.96418,1.0438},
{1.04367,1.96401,1.04458},
{1.04392,1.96384,1.04537},
{1.04416,1.96366,1.04615},
{1.0444,1.96349,1.04694},
{1.04464,1.96332,1.04772},
{1.04489,1.96315,1.04851},
{1.04513,1.96297,1.0493},
{1.04537,1.9628,1.05008},
{1.04562,1.96263,1.05087},
{1.04586,1.96246,1.05165},
{1.0461,1.96228,1.05244},
{1.04635,1.96211,1.05323},
{1.04659,1.96194,1.05401},
{1.04683,1.96177,1.0548},
{1.04707,1.96159,1.05558},
{1.04732,1.96142,1.05637},
{1.04756,1.96125,1.05715},
{1.0478,1.96108,1.05794},
{1.04805,1.9609,1.05873},
{1.04829,1.96073,1.05951},
{1.04853,1.96056,1.0603},
{1.04877,1.96039,1.06108},
{1.04902,1.96021,1.06187},
{1.04926,1.96004,1.06265},
{1.0495,1.95987,1.06344},
{1.04975,1.9597,1.06423},
{1.04999,1.95952,1.06501},
{1.05023,1.95935,1.0658},
{1.05048,1.95918,1.06658},
{1.05072,1.95901,1.06737},
{1.05096,1.95883,1.06815},
{1.0512,1.95866,1.06894},
{1.05145,1.95849,1.06973},
{1.05169,1.95832,1.07051},
{1.05193,1.95814,1.0713},
{1.05218,1.95797,1.07208},
{1.05242,1.9578,1.07287},
{1.05266,1.95763,1.07366},
{1.0529,1.95745,1.07444},
{1.05315,1.95728,1.07523},
{1.05339,1.95711,1.07601},
{1.05363,1.95694,1.0768},
{1.05388,1.95676,1.07758},
{1.05412,1.95659,1.07837},
{1.05436,1.95642,1.07916},
{1.05461,1.95625,1.07994},
{1.05485,1.95607,1.08073},
{1.05652,1.95489,1.08604},
{1.05681,1.9547,1.08683},
{1.0571,1.95451,1.08761},
{1.05739,1.95432,1.0884},
{1.05768,1.95413,1.08918},
{1.05798,1.95394,1.08997},
{1.05827,1.95375,1.09076},
{1.05856,1.95356,1.09154},
{1.05885,1.95337,1.09233},
{1.05914,1.95318,1.09311},
{1.05943,1.95299,1.0939},
{1.05972,1.9528,1.09468},
{1.06001,1.95261,1.09547},
{1.0603,1.95242,1.09625},
{1.06059,1.95223,1.09704},
{1.06088,1.95204,1.09782},
{1.06117,1.95185,1.09861},
{1.06146,1.95166,1.09939},
{1.06175,1.95147,1.10018},
{1.06204,1.95128,1.10096},
{1.06233,1.95109,1.10175},
{1.06262,1.9509,1.10253},
{1.06291,1.95071,1.10332},
{1.0632,1.95052,1.1041},
{1.06349,1.95033,1.10489},
{1.06378,1.95014,1.10567},
{1.06407,1.94995,1.10646},
{1.06437,1.94976,1.10724},
{1.06466,1.94957,1.10803},
{1.06495,1.94938,1.10881},
{1.06524,1.94919,1.1096},
{1.06553,1.949,1.11038},
{1.06582,1.94881,1.11117},
{1.06611,1.94862,1.11195},
{1.0664,1.94843,1.11274},
{1.06669,1.94824,1.11352},
{1.06698,1.94805,1.11431},
{1.06727,1.94786,1.11509},
{1.06756,1.94767,1.11588},
{1.06785,1.94748,1.11666},
{1.06814,1.94729,1.11745},
{1.06843,1.9471,1.11823},
{1.06872,1.94691,1.11902},
{1.06901,1.94672,1.1198},
{1.0693,1.94653,1.12059},
{1.06959,1.94634,1.12137},
{1.06988,1.94615,1.12216},
{1.07017,1.94596,1.12294},
{1.07046,1.94577,1.12373},
{1.07076,1.94558,1.12451},
{1.07105,1.94539,1.1253},
{1.07134,1.9452,1.12609},
{1.07163,1.94501,1.12687},
{1.07192,1.94482,1.12766},
{1.07221,1.94463,1.12844},
{1.0725,1.94444,1.12923},
{1.07279,1.94425,1.13001},
{1.07308,1.94406,1.1308},
{1.07337,1.94387,1.13158},
{1.07366,1.94368,1.13237},
{1.07395,1.94349,1.13315},
{1.07424,1.9433,1.13394},
{1.07453,1.94311,1.13472},
{1.07482,1.94292,1.13551},
{1.07511,1.94273,1.13629},
{1.0754,1.94254,1.13708},
{1.07569,1.94235,1.13786},
{1.07598,1.94216,1.13865},
{1.07627,1.94197,1.13943},
{1.07656,1.94178,1.14022},
{1.07685,1.94159,1.141},
{1.07715,1.9414,1.14179},
{1.07906,1.94016,1.14687},
{1.0794,1.93995,1.14766},
{1.07974,1.93975,1.14844},
{1.08008,1.93955,1.14923},
{1.08042,1.93934,1.15002},
{1.08076,1.93914,1.1508},
{1.08111,1.93893,1.15159},
{1.08145,1.93873,1.15237},
{1.08179,1.93853,1.15316},
{1.08213,1.93832,1.15394},
{1.08247,1.93812,1.15473},
{1.08281,1.93791,1.15552},
{1.08315,1.93771,1.1563},
{1.08349,1.93751,1.15709},
{1.08384,1.9373,1.15787},
{1.08418,1.9371,1.15866},
{1.08452,1.93689,1.15944},
{1.08486,1.93669,1.16023},
{1.0852,1.93649,1.16101},
{1.08554,1.93628,1.1618},
{1.08588,1.93608,1.16259},
{1.08622,1.93587,1.16337},
{1.08657,1.93567,1.16416},
{1.08691,1.93547,1.16494},
{1.08725,1.93526,1.16573},
{1.08759,1.93506,1.16651},
{1.08793,1.93485,1.1673},
{1.08827,1.93465,1.16809},
{1.08861,1.93445,1.16887},
{1.08895,1.93424,1.16966},
{1.0893,1.93404,1.17044},
{1.08964,1.93383,1.17123},
{1.08998,1.93363,1.17201},
{1.09032,1.93343,1.1728},
{1.09066,1.93322,1.17358},
{1.091,1.93302,1.17437},
{1.09134,1.93281,1.17516},
{1.09168,1.93261,1.17594},
{1.09203,1.93241,1.17673},
{1.09237,1.9322,1.17751},
{1.09271,1.932,1.1783},
{1.09305,1.93179,1.17908},
{1.09339,1.93159,1.17987},
{1.09373,1.93139,1.18066},
{1.09407,1.93118,1.18144},
{1.09441,1.93098,1.18223},
{1.09476,1.93077,1.18301},
{1.0951,1.93057,1.1838},
{1.09544,1.93037,1.18458},
{1.09578,1.93016,1.18537},
{1.09612,1.92996,1.18615},
{1.09646,1.92975,1.18694},
{1.0968,1.92955,1.18773},
{1.09714,1.92935,1.18851},
{1.09749,1.92914,1.1893},
{1.09783,1.92894,1.19008},
{1.09817,1.92873,1.19087},
{1.09851,1.92853,1.19165},
{1.09885,1.92833,1.19244},
{1.09919,1.92812,1.19323},
{1.09953,1.92792,1.19401},
{1.09987,1.92771,1.1948},
{1.10021,1.92751,1.19558},
{1.10056,1.92731,1.19637},
{1.1009,1.9271,1.19715},
{1.10124,1.9269,1.19794},
{1.10158,1.92669,1.19873},
{1.10192,1.92649,1.19951},
{1.10226,1.92629,1.2003},
{1.1026,1.92608,1.20108},
{1.10294,1.92588,1.20187},
{1.10329,1.92567,1.20265},
{1.10363,1.92547,1.20344},
{1.10397,1.92527,1.20422},
{1.10431,1.92506,1.20501},
{1.10465,1.92486,1.2058},
{1.10499,1.92465,1.20658},
{1.1071,1.92339,1.21143},
{1.1075,1.92318,1.21221},
{1.10789,1.92297,1.213},
{1.10828,1.92276,1.21378},
{1.10868,1.92254,1.21457},
{1.10907,1.92233,1.21535},
{1.10947,1.92212,1.21614},
{1.10986,1.9219,1.21692},
{1.11025,1.92169,1.21771},
{1.11065,1.92148,1.21849},
{1.11104,1.92127,1.21928},
{1.11143,1.92105,1.22006},
{1.11183,1.92084,1.22085},
{1.11222,1.92063,1.22163},
{1.11262,1.92041,1.22242},
{1.11301,1.9202,1.2232},
{1.1134,1.91999,1.22399},
{1.1138,1.91978,1.22477},
{1.11419,1.91956,1.22556},
{1.11459,1.91935,1.22634},
{1.11498,1.91914,1.22713},
{1.11537,1.91892,1.22791},
{1.11577,1.91871,1.2287},
{1.11616,1.9185,1.22948},
{1.11655,1.91829,1.23027},
{1.11695,1.91807,1.23106},
{1.11734,1.91786,1.23184},
{1.11774,1.91765,1.23263},
{1.11813,1.91744,1.23341},
{1.11852,1.91722,1.2342},
{1.11892,1.91701,1.23498},
{1.11931,1.9168,1.23577},
{1.11971,1.91658,1.23655},
{1.1201,1.91637,1.23734},
{1.12049,1.91616,1.23812},
{1.12089,1.91595,1.23891},
{1.12128,1.91573,1.23969},
{1.12167,1.91552,1.24048},
{1.12207,1.91531,1.24126},
{1.12246,1.91509,1.24205},
{1.12286,1.91488,1.24283},
{1.12325,1.91467,1.24362},
{1.12364,1.91446,1.2444},
{1.12404,1.91424,1.24519},
{1.12443,1.91403,1.24597},
{1.12483,1.91382,1.24676},
{1.12522,1.9136,1.24754},
{1.12561,1.91339,1.24833},
{1.12601,1.91318,1.24911},
{1.1264,1.91297,1.2499},
{1.12679,1.91275,1.25069},
{1.12719,1.91254,1.25147},
{1.12758,1.91233,1.25226},
{1.12798,1.91211,1.25304},
{1.12837,1.9119,1.25383},
{1.12876,1.91169,1.25461},
{1.12916,1.91148,1.2554},
{1.12955,1.91126,1.25618},
{1.12995,1.91105,1.25697},
{1.13034,1.91084,1.25775},
{1.13073,1.91062,1.25854},
{1.13113,1.91041,1.25932},
{1.13152,1.9102,1.26011},
{1.13191,1.90999,1.26089},
{1.13231,1.90977,1.26168},
{1.1327,1.90956,1.26246},
{1.1331,1.90935,1.26325},
{1.13349,1.90913,1.26403},
{1.13388,1.90892,1.26482},
{1.13428,1.90871,1.2656},
{1.13467,1.9085,1.26639},
{1.13507,1.90828,1.26717},
{1.13546,1.90807,1.26796},
{1.13585,1.90786,1.26874},
{1.13625,1.90764,1.26953},
{1.13664,1.90743,1.27032},
{1.13703,1.90722,1.2711},
{1.13743,1.90701,1.27189},
{1.13782,1.90679,1.27267},
{1.13822,1.90658,1.27346},
{1.13861,1.90637,1.27424},
{1.139,1.90615,1.27503},
{1.1394,1.90594,1.27581},
{1.14172,1.9047,1.28039},
{1.14217,1.90448,1.28118},
{1.14262,1.90427,1.28196},
{1.14306,1.90405,1.28275},
{1.14351,1.90383,1.28353},
{1.14396,1.90362,1.28432},
{1.14441,1.9034,1.2851},
{1.14485,1.90318,1.28589},
{1.1453,1.90297,1.28668},
{1.14575,1.90275,1.28746},
{1.1462,1.90254,1.28825},
{1.14665,1.90232,1.28903},
{1.14709,1.9021,1.28982},
{1.14754,1.90189,1.2906},
{1.14799,1.90167,1.29139},
{1.14844,1.90145,1.29218},
{1.14889,1.90124,1.29296},
{1.14933,1.90102,1.29375},
{1.14978,1.9008,1.29453},
{1.15023,1.90059,1.29532},
{1.15068,1.90037,1.2961},
{1.15112,1.90016,1.29689},
{1.15157,1.89994,1.29767},
{1.15202,1.89972,1.29846},
{1.15247,1.89951,1.29925},
{1.15292,1.89929,1.30003},
{1.15336,1.89907,1.30082},
{1.15381,1.89886,1.3016},
{1.15426,1.89864,1.30239},
{1.15471,1.89842,1.30317},
{1.15516,1.89821,1.30396},
{1.1556,1.89799,1.30474},
{1.15605,1.89778,1.30553},
{1.1565,1.89756,1.30632},
{1.15695,1.89734,1.3071},
{1.15739,1.89713,1.30789},
{1.15784,1.89691,1.30867},
{1.15829,1.89669,1.30946},
{1.15874,1.89648,1.31024},
{1.15919,1.89626,1.31103},
{1.15963,1.89604,1.31181},
{1.16008,1.89583,1.3126},
{1.16053,1.89561,1.31339},
{1.16098,1.8954,1.31417},
{1.16143,1.89518,1.31496},
{1.16187,1.89496,1.31574},
{1.16232,1.89475,1.31653},
{1.16277,1.89453,1.31731},
{1.16322,1.89431,1.3181},
{1.16366,1.8941,1.31888},
{1.16411,1.89388,1.31967},
{1.16456,1.89366,1.32046},
{1.16501,1.89345,1.32124},
{1.16546,1.89323,1.32203},
{1.1659,1.89302,1.32281},
{1.16635,1.8928,1.3236},
{1.1668,1.89258,1.32438},
{1.16725,1.89237,1.32517},
{1.1677,1.89215,1.32595},
{1.16814,1.89193,1.32674},
{1.16859,1.89172,1.32753},
{1.16904,1.8915,1.32831},
{1.16949,1.89128,1.3291},
{1.16993,1.89107,1.32988},
{1.17038,1.89085,1.33067},
{1.17083,1.89064,1.33145},
{1.17128,1.89042,1.33224},
{1.17173,1.8902,1.33302},
{1.17217,1.88999,1.33381},
{1.17262,1.88977,1.3346},
{1.17307,1.88955,1.33538},
{1.17352,1.88934,1.33617},
{1.17397,1.88912,1.33695},
{1.17441,1.8889,1.33774},
{1.17486,1.88869,1.33852},
{1.17531,1.88847,1.33931},
{1.17576,1.88826,1.34009},
{1.1762,1.88804,1.34088},
{1.17665,1.88782,1.34167},
{1.1771,1.88761,1.34245},
{1.17755,1.88739,1.34324},
{1.178,1.88717,1.34402},
{1.17844,1.88696,1.34481},
{1.17889,1.88674,1.34559},
{1.17934,1.88652,1.34638},
{1.17979,1.88631,1.34717},
{1.18024,1.88609,1.34795},
{1.18068,1.88588,1.34874},
{1.18319,1.88469,1.35304},
{1.18369,1.88448,1.35383},
{1.18419,1.88427,1.35461},
{1.18469,1.88405,1.3554},
{1.1852,1.88384,1.35618},
{1.1857,1.88363,1.35697},
{1.1862,1.88341,1.35775},
{1.1867,1.8832,1.35854},
{1.1872,1.88299,1.35932},
{1.1877,1.88277,1.36011},
{1.18821,1.88256,1.36089},
{1.18871,1.88234,1.36168},
{1.18921,1.88213,1.36246},
{1.18971,1.88192,1.36325},
{1.19021,1.8817,1.36403},
{1.19071,1.88149,1.36482},
{1.19121,1.88128,1.36561},
{1.19172,1.88106,1.36639},
{1.19222,1.88085,1.36718},
{1.19272,1.88064,1.36796},
{1.19322,1.88042,1.36875},
{1.19372,1.88021,1.36953},
{1.19422,1.88,1.37032},
{1.19473,1.87978,1.3711},
{1.19523,1.87957,1.37189},
{1.19573,1.87936,1.37267},
{1.19623,1.87914,1.37346},
{1.19673,1.87893,1.37424},
{1.19723,1.87872,1.37503},
{1.19774,1.8785,1.37581},
{1.19824,1.87829,1.3766},
{1.19874,1.87808,1.37738},
{1.19924,1.87786,1.37817},
{1.19974,1.87765,1.37895},
{1.20024,1.87743,1.37974},
{1.20075,1.87722,1.38052},
{1.20125,1.87701,1.38131},
{1.20175,1.87679,1.3821},
{1.20225,1.87658,1.38288},
{1.20275,1.87637,1.38367},
{1.20325,1.87615,1.38445},
{1.20376,1.87594,1.38524},
{1.20426,1.87573,1.38602},
{1.20476,1.87551,1.38681},
{1.20526,1.8753,1.38759},
{1.20576,1.87509,1.38838},
{1.20626,1.87487,1.38916},
{1.20677,1.87466,1.38995},
{1.20727,1.87445,1.39073},
{1.20777,1.87423,1.39152},
{1.20827,1.87402,1.3923},
{1.20877,1.87381,1.39309},
{1.20927,1.87359,1.39387},
{1.20977,1.87338,1.39466},
{1.21028,1.87317,1.39544},
{1.21078,1.87295,1.39623},
{1.21128,1.87274,1.39701},
{1.21178,1.87252,1.3978},
{1.21228,1.87231,1.39859},
{1.21278,1.8721,1.39937},
{1.21329,1.87188,1.40016},
{1.21379,1.87167,1.40094},
{1.21429,1.87146,1.40173},
{1.21479,1.87124,1.40251},
{1.21529,1.87103,1.4033},
{1.21579,1.87082,1.40408},
{1.2163,1.8706,1.40487},
{1.2168,1.87039,1.40565},
{1.2173,1.87018,1.40644},
{1.2178,1.86996,1.40722},
{1.2183,1.86975,1.40801},
{1.2188,1.86954,1.40879},
{1.21931,1.86932,1.40958},
{1.21981,1.86911,1.41036},
{1.22031,1.8689,1.41115},
{1.22081,1.86868,1.41193},
{1.22131,1.86847,1.41272},
{1.22181,1.86826,1.4135},
{1.22232,1.86804,1.41429},
{1.22282,1.86783,1.41508},
{1.22332,1.86762,1.41586},
{1.22382,1.8674,1.41665},
{1.22432,1.86719,1.41743},
{1.22482,1.86697,1.41822},
{1.22533,1.86676,1.419},
{1.22583,1.86655,1.41979},
{1.22633,1.86633,1.42057},
{1.22683,1.86612,1.42136},
{1.22733,1.86591,1.42214},
{1.22783,1.86569,1.42293},
{1.22833,1.86548,1.42371},
{1.22884,1.86527,1.4245},
{1.23145,1.86419,1.42851},
{1.23201,1.86398,1.4293},
{1.23256,1.86378,1.43008},
{1.23311,1.86357,1.43087},
{1.23367,1.86337,1.43165},
{1.23422,1.86316,1.43244},
{1.23478,1.86296,1.43322},
{1.23533,1.86276,1.43401},
{1.23589,1.86255,1.4348},
{1.23644,1.86235,1.43558},
{1.237,1.86214,1.43637},
{1.23755,1.86194,1.43715},
{1.2381,1.86173,1.43794},
{1.23866,1.86153,1.43872},
{1.23921,1.86133,1.43951},
{1.23977,1.86112,1.44029},
{1.24032,1.86092,1.44108},
{1.24088,1.86071,1.44187},
{1.24143,1.86051,1.44265},
{1.24199,1.86031,1.44344},
{1.24254,1.8601,1.44422},
{1.24309,1.8599,1.44501},
{1.24365,1.85969,1.44579},
{1.2442,1.85949,1.44658},
{1.24476,1.85928,1.44736},
{1.24531,1.85908,1.44815},
{1.24587,1.85888,1.44894},
{1.24642,1.85867,1.44972},
{1.24698,1.85847,1.45051},
{1.24753,1.85826,1.45129},
{1.24808,1.85806,1.45208},
{1.24864,1.85786,1.45286},
{1.24919,1.85765,1.45365},
{1.24975,1.85745,1.45443},
{1.2503,1.85724,1.45522},
{1.25086,1.85704,1.45601},
{1.25141,1.85683,1.45679},
{1.25197,1.85663,1.45758},
{1.25252,1.85643,1.45836},
{1.25307,1.85622,1.45915},
{1.25363,1.85602,1.45993},
{1.25418,1.85581,1.46072},
{1.25474,1.85561,1.4615},
{1.25529,1.8554,1.46229},
{1.25585,1.8552,1.46307},
{1.2564,1.855,1.46386},
{1.25696,1.85479,1.46465},
{1.25751,1.85459,1.46543},
{1.25806,1.85438,1.46622},
{1.25862,1.85418,1.467},
{1.25917,1.85398,1.46779},
{1.25973,1.85377,1.46857},
{1.26028,1.85357,1.46936},
{1.26084,1.85336,1.47014},
{1.26139,1.85316,1.47093},
{1.26195,1.85295,1.47172},
{1.2625,1.85275,1.4725},
{1.26305,1.85255,1.47329},
{1.26361,1.85234,1.47407},
{1.26416,1.85214,1.47486},
{1.26472,1.85193,1.47564},
{1.26527,1.85173,1.47643},
{1.26583,1.85152,1.47721},
{1.26638,1.85132,1.478},
{1.26693,1.85112,1.47879},
{1.26749,1.85091,1.47957},
{1.26804,1.85071,1.48036},
{1.2686,1.8505,1.48114},
{1.26915,1.8503,1.48193},
{1.26971,1.8501,1.48271},
{1.27026,1.84989,1.4835},
{1.27082,1.84969,1.48428},
{1.27137,1.84948,1.48507},
{1.27192,1.84928,1.48586},
{1.27248,1.84907,1.48664},
{1.27303,1.84887,1.48743},
{1.27359,1.84867,1.48821},
{1.27414,1.84846,1.489},
{1.2747,1.84826,1.48978},
{1.27525,1.84805,1.49057},
{1.27581,1.84785,1.49135},
{1.27636,1.84765,1.49214},
{1.27691,1.84744,1.49293},
{1.27747,1.84724,1.49371},
{1.27802,1.84703,1.4945},
{1.27858,1.84683,1.49528},
{1.27913,1.84662,1.49607},
{1.27969,1.84642,1.49685},
{1.28024,1.84622,1.49764},
{1.2808,1.84601,1.49842},
{1.28135,1.84581,1.49921},
{1.2819,1.8456,1.5},
{1.28246,1.8454,1.50078},
{1.28301,1.84519,1.50157},
{1.28357,1.84499,1.50235},
{1.28412,1.84479,1.50314},
{1.28679,1.84384,1.50685},
{1.28739,1.84365,1.50763},
{1.28799,1.84346,1.50842},
{1.2886,1.84327,1.5092},
{1.2892,1.84308,1.50999},
{1.28981,1.8429,1.51077},
{1.29041,1.84271,1.51156},
{1.29102,1.84252,1.51234},
{1.29162,1.84233,1.51313},
{1.29223,1.84214,1.51391},
{1.29283,1.84196,1.5147},
{1.29344,1.84177,1.51549},
{1.29404,1.84158,1.51627},
{1.29464,1.84139,1.51706},
{1.29525,1.84121,1.51784},
{1.29585,1.84102,1.51863},
{1.29646,1.84083,1.51941},
{1.29706,1.84064,1.5202},
{1.29767,1.84045,1.52098},
{1.29827,1.84027,1.52177},
{1.29888,1.84008,1.52255},
{1.29948,1.83989,1.52334},
{1.30008,1.8397,1.52412},
{1.30069,1.83951,1.52491},
{1.30129,1.83933,1.52569},
{1.3019,1.83914,1.52648},
{1.3025,1.83895,1.52726},
{1.30311,1.83876,1.52805},
{1.30371,1.83857,1.52883},
{1.30432,1.83839,1.52962},
{1.30492,1.8382,1.53041},
{1.30553,1.83801,1.53119},
{1.30613,1.83782,1.53198},
{1.30673,1.83763,1.53276},
{1.30734,1.83745,1.53355},
{1.30794,1.83726,1.53433},
{1.30855,1.83707,1.53512},
{1.30915,1.83688,1.5359},
{1.30976,1.83669,1.53669},
{1.31036,1.83651,1.53747},
{1.31097,1.83632,1.53826},
{1.31157,1.83613,1.53904},
{1.31218,1.83594,1.53983},
{1.31278,1.83576,1.54061},
{1.31338,1.83557,1.5414},
{1.31399,1.83538,1.54218},
{1.31459,1.83519,1.54297},
{1.3152,1.835,1.54375},
{1.3158,1.83482,1.54454},
{1.31641,1.83463,1.54533},
{1.31701,1.83444,1.54611},
{1.31762,1.83425,1.5469},
{1.31822,1.83406,1.54768},
{1.31883,1.83388,1.54847},
{1.31943,1.83369,1.54925},
{1.32003,1.8335,1.55004},
{1.32064,1.83331,1.55082},
{1.32124,1.83312,1.55161},
{1.32185,1.83294,1.55239},
{1.32245,1.83275,1.55318},
{1.32306,1.83256,1.55396},
{1.32366,1.83237,1.55475},
{1.32427,1.83218,1.55553},
{1.32487,1.832,1.55632},
{1.32547,1.83181,1.5571},
{1.32608,1.83162,1.55789},
{1.32668,1.83143,1.55868},
{1.32729,1.83124,1.55946},
{1.32789,1.83106,1.56025},
{1.3285,1.83087,1.56103},
{1.3291,1.83068,1.56182},
{1.32971,1.83049,1.5626},
{1.33031,1.8303,1.56339},
{1.33092,1.83012,1.56417},
{1.33152,1.82993,1.56496},
{1.33212,1.82974,1.56574},
{1.33273,1.82955,1.56653},
{1.33333,1.82937,1.56731},
{1.33394,1.82918,1.5681},
{1.33454,1.82899,1.56888},
{1.33515,1.8288,1.56967},
{1.33575,1.82861,1.57045},
{1.33636,1.82843,1.57124},
{1.33696,1.82824,1.57202},
{1.33757,1.82805,1.57281},
{1.33817,1.82786,1.5736},
{1.33877,1.82767,1.57438},
{1.33938,1.82749,1.57517},
{1.33998,1.8273,1.57595},
{1.34059,1.82711,1.57674},
{1.34119,1.82692,1.57752},
{1.3418,1.82673,1.57831},
{1.3424,1.82655,1.57909},
{1.34301,1.82636,1.57988},
{1.34361,1.82617,1.58066},
{1.34421,1.82598,1.58145},
{1.34482,1.82579,1.58223},
{1.34542,1.82561,1.58302},
{1.34603,1.82542,1.5838},
{1.34864,1.82461,1.5872},
{1.3493,1.82444,1.58798},
{1.34995,1.82428,1.58877},
{1.3506,1.82411,1.58955},
{1.35125,1.82395,1.59034},
{1.3519,1.82378,1.59112},
{1.35255,1.82362,1.59191},
{1.3532,1.82345,1.5927},
{1.35385,1.82329,1.59348},
{1.3545,1.82312,1.59427},
{1.35515,1.82296,1.59505},
{1.35581,1.82279,1.59584},
{1.35646,1.82263,1.59662},
{1.35711,1.82246,1.59741},
{1.35776,1.8223,1.59819},
{1.35841,1.82213,1.59898},
{1.35906,1.82196,1.59977},
{1.35971,1.8218,1.60055},
{1.36036,1.82163,1.60134},
{1.36101,1.82147,1.60212},
{1.36166,1.8213,1.60291},
{1.36231,1.82114,1.60369},
{1.36297,1.82097,1.60448},
{1.36362,1.82081,1.60526},
{1.36427,1.82064,1.60605},
{1.36492,1.82048,1.60683},
{1.36557,1.82031,1.60762},
{1.36622,1.82015,1.60841},
{1.36687,1.81998,1.60919},
{1.36752,1.81982,1.60998},
{1.36817,1.81965,1.61076},
{1.36882,1.81949,1.61155},
{1.36948,1.81932,1.61233},
{1.37013,1.81916,1.61312},
{1.37078,1.81899,1.6139},
{1.37143,1.81883,1.61469},
{1.37208,1.81866,1.61548},
{1.37273,1.8185,1.61626},
{1.37338,1.81833,1.61705},
{1.37403,1.81817,1.61783},
{1.37468,1.818,1.61862},
{1.37533,1.81783,1.6194},
{1.37598,1.81767,1.62019},
{1.37664,1.8175,1.62097},
{1.37729,1.81734,1.62176},
{1.37794,1.81717,1.62255},
{1.37859,1.81701,1.62333},
{1.37924,1.81684,1.62412},
{1.37989,1.81668,1.6249},
{1.38054,1.81651,1.62569},
{1.38119,1.81635,1.62647},
{1.38184,1.81618,1.62726},
{1.38249,1.81602,1.62804},
{1.38315,1.81585,1.62883},
{1.3838,1.81569,1.62961},
{1.38445,1.81552,1.6304},
{1.3851,1.81536,1.63119},
{1.38575,1.81519,1.63197},
{1.3864,1.81503,1.63276},
{1.38705,1.81486,1.63354},
{1.3877,1.8147,1.63433},
{1.38835,1.81453,1.63511},
{1.389,1.81437,1.6359},
{1.38965,1.8142,1.63668},
{1.39031,1.81403,1.63747},
{1.39096,1.81387,1.63826},
{1.39161,1.8137,1.63904},
{1.39226,1.81354,1.63983},
{1.39291,1.81337,1.64061},
{1.39356,1.81321,1.6414},
{1.39421,1.81304,1.64218},
{1.39486,1.81288,1.64297},
{1.39551,1.81271,1.64375},
{1.39616,1.81255,1.64454},
{1.39682,1.81238,1.64533},
{1.39747,1.81222,1.64611},
{1.39812,1.81205,1.6469},
{1.39877,1.81189,1.64768},
{1.39942,1.81172,1.64847},
{1.40007,1.81156,1.64925},
{1.40072,1.81139,1.65004},
{1.40137,1.81123,1.65082},
{1.40202,1.81106,1.65161},
{1.40267,1.8109,1.6524},
{1.40333,1.81073,1.65318},
{1.40398,1.81057,1.65397},
{1.40463,1.8104,1.65475},
{1.40528,1.81024,1.65554},
{1.40593,1.81007,1.65632},
{1.40658,1.8099,1.65711},
{1.40723,1.80974,1.65789},
{1.40788,1.80957,1.65868},
{1.40853,1.80941,1.65946},
{1.40918,1.80924,1.66025},
{1.40983,1.80908,1.66104},
{1.41049,1.80891,1.66182},
{1.41114,1.80875,1.66261},
{1.41179,1.80858,1.66339},
{1.41244,1.80842,1.66418},
{1.41309,1.80825,1.66496},
{1.41374,1.80809,1.66575},
{1.41439,1.80792,1.66653},
{1.41504,1.80776,1.66732},
{1.41569,1.80759,1.66811},
{1.41827,1.80697,1.67117},
{1.41897,1.80684,1.67196},
{1.41966,1.8067,1.67274},
{1.42035,1.80657,1.67353},
{1.42104,1.80643,1.67431},
{1.42173,1.80629,1.6751},
{1.42243,1.80616,1.67589},
{1.42312,1.80602,1.67667},
{1.42381,1.80589,1.67746},
{1.4245,1.80575,1.67824},
{1.42519,1.80561,1.67903},
{1.42589,1.80548,1.67981},
{1.42658,1.80534,1.6806},
{1.42727,1.80521,1.68138},
{1.42796,1.80507,1.68217},
{1.42866,1.80493,1.68295},
{1.42935,1.8048,1.68374},
{1.43004,1.80466,1.68452},
{1.43073,1.80452,1.68531},
{1.43142,1.80439,1.68609},
{1.43212,1.80425,1.68688},
{1.43281,1.80412,1.68766},
{1.4335,1.80398,1.68845},
{1.43419,1.80384,1.68923},
{1.43488,1.80371,1.69002},
{1.43558,1.80357,1.69081},
{1.43627,1.80344,1.69159},
{1.43696,1.8033,1.69238},
{1.43765,1.80316,1.69316},
{1.43834,1.80303,1.69395},
{1.43904,1.80289,1.69473},
{1.43973,1.80276,1.69552},
{1.44042,1.80262,1.6963},
{1.44111,1.80248,1.69709},
{1.4418,1.80235,1.69787},
{1.4425,1.80221,1.69866},
{1.44319,1.80208,1.69944},
{1.44388,1.80194,1.70023},
{1.44457,1.8018,1.70101},
{1.44526,1.80167,1.7018},
{1.44596,1.80153,1.70258},
{1.44665,1.80139,1.70337},
{1.44734,1.80126,1.70416},
{1.44803,1.80112,1.70494},
{1.44872,1.80099,1.70573},
{1.44942,1.80085,1.70651},
{1.45011,1.80071,1.7073},
{1.4508,1.80058,1.70808},
{1.45149,1.80044,1.70887},
{1.45218,1.80031,1.70965},
{1.45288,1.80017,1.71044},
{1.45357,1.80003,1.71122},
{1.45426,1.7999,1.71201},
{1.45495,1.79976,1.71279},
{1.45564,1.79963,1.71358},
{1.45634,1.79949,1.71436},
{1.45703,1.79935,1.71515},
{1.45772,1.79922,1.71593},
{1.45841,1.79908,1.71672},
{1.4591,1.79895,1.71751},
{1.4598,1.79881,1.71829},
{1.46049,1.79867,1.71908},
{1.46118,1.79854,1.71986},
{1.46187,1.7984,1.72065},
{1.46256,1.79827,1.72143},
{1.46326,1.79813,1.72222},
{1.46395,1.79799,1.723},
{1.46464,1.79786,1.72379},
{1.46533,1.79772,1.72457},
{1.46602,1.79758,1.72536},
{1.46672,1.79745,1.72614},
{1.46741,1.79731,1.72693},
{1.4681,1.79718,1.72771},
{1.46879,1.79704,1.7285},
{1.46948,1.7969,1.72928},
{1.47018,1.79677,1.73007},
{1.47087,1.79663,1.73085},
{1.47156,1.7965,1.73164},
{1.47225,1.79636,1.73243},
{1.47294,1.79622,1.73321},
{1.47364,1.79609,1.734},
{1.47433,1.79595,1.73478},
{1.47502,1.79582,1.73557},
{1.47571,1.79568,1.73635},
{1.4764,1.79554,1.73714},
{1.4771,1.79541,1.73792},
{1.47779,1.79527,1.73871},
{1.47848,1.79514,1.73949},
{1.47917,1.795,1.74028},
{1.47986,1.79486,1.74106},
{1.48056,1.79473,1.74185},
{1.48125,1.79459,1.74263},
{1.48194,1.79445,1.74342},
{1.48263,1.79432,1.7442},
{1.48332,1.79418,1.74499},
{1.48402,1.79405,1.74578},
{1.48471,1.79391,1.74656},
{1.4854,1.79377,1.74735},
{1.48609,1.79364,1.74813},
{1.48678,1.7935,1.74892},
{1.48748,1.79337,1.7497},
{1.48817,1.79323,1.75049},
{1.48886,1.79309,1.75127},
{1.48955,1.79296,1.75206},
{1.49024,1.79282,1.75284},
{1.49094,1.79269,1.75363},
{1.49338,1.79224,1.75636},
{1.4941,1.79214,1.75715},
{1.49483,1.79204,1.75793},
{1.49556,1.79194,1.75872},
{1.49628,1.79184,1.7595},
{1.49701,1.79173,1.76029},
{1.49774,1.79163,1.76107},
{1.49846,1.79153,1.76186},
{1.49919,1.79143,1.76264},
{1.49992,1.79133,1.76343},
{1.50064,1.79123,1.76422},
{1.50137,1.79112,1.765},
{1.5021,1.79102,1.76579},
{1.50282,1.79092,1.76657},
{1.50355,1.79082,1.76736},
{1.50428,1.79072,1.76814},
{1.50501,1.79062,1.76893},
{1.50573,1.79051,1.76971},
{1.50646,1.79041,1.7705},
{1.50719,1.79031,1.77128},
{1.50791,1.79021,1.77207},
{1.50864,1.79011,1.77286},
{1.50937,1.79001,1.77364},
{1.51009,1.7899,1.77443},
{1.51082,1.7898,1.77521},
{1.51155,1.7897,1.776},
{1.51227,1.7896,1.77678},
{1.513,1.7895,1.77757},
{1.51373,1.7894,1.77835},
{1.51445,1.78929,1.77914},
{1.51518,1.78919,1.77993},
{1.51591,1.78909,1.78071},
{1.51663,1.78899,1.7815},
{1.51736,1.78889,1.78228},
{1.51809,1.78879,1.78307},
{1.51882,1.78868,1.78385},
{1.51954,1.78858,1.78464},
{1.52027,1.78848,1.78542},
{1.521,1.78838,1.78621},
{1.52172,1.78828,1.787},
{1.52245,1.78818,1.78778},
{1.52318,1.78807,1.78857},
{1.5239,1.78797,1.78935},
{1.52463,1.78787,1.79014},
{1.52536,1.78777,1.79092},
{1.52608,1.78767,1.79171},
{1.52681,1.78757,1.79249},
{1.52754,1.78746,1.79328},
{1.52826,1.78736,1.79406},
{1.52899,1.78726,1.79485},
{1.52972,1.78716,1.79564},
{1.53045,1.78706,1.79642},
{1.53117,1.78696,1.79721},
{1.5319,1.78685,1.79799},
{1.53263,1.78675,1.79878},
{1.53335,1.78665,1.79956},
{1.53408,1.78655,1.80035},
{1.53481,1.78645,1.80113},
{1.53553,1.78635,1.80192},
{1.53626,1.78624,1.80271},
{1.53699,1.78614,1.80349},
{1.53771,1.78604,1.80428},
{1.53844,1.78594,1.80506},
{1.53917,1.78584,1.80585},
{1.53989,1.78574,1.80663},
{1.54062,1.78563,1.80742},
{1.54135,1.78553,1.8082},
{1.54207,1.78543,1.80899},
{1.5428,1.78533,1.80977},
{1.54353,1.78523,1.81056},
{1.54426,1.78513,1.81135},
{1.54498,1.78502,1.81213},
{1.54571,1.78492,1.81292},
{1.54644,1.78482,1.8137},
{1.54716,1.78472,1.81449},
{1.54789,1.78462,1.81527},
{1.54862,1.78452,1.81606},
{1.54934,1.78441,1.81684},
{1.55007,1.78431,1.81763},
{1.5508,1.78421,1.81842},
{1.55152,1.78411,1.8192},
{1.55225,1.78401,1.81999},
{1.55298,1.7839,1.82077},
{1.5537,1.7838,1.82156},
{1.55443,1.7837,1.82234},
{1.55516,1.7836,1.82313},
{1.55589,1.7835,1.82391},
{1.55661,1.7834,1.8247},
{1.55734,1.78329,1.82548},
{1.55807,1.78319,1.82627},
{1.55879,1.78309,1.82706},
{1.55952,1.78299,1.82784},
{1.56025,1.78289,1.82863},
{1.56097,1.78279,1.82941},
{1.5617,1.78268,1.8302},
{1.56243,1.78258,1.83098},
{1.56315,1.78248,1.83177},
{1.56388,1.78238,1.83255},
{1.56461,1.78228,1.83334},
{1.56533,1.78218,1.83413},
{1.56606,1.78207,1.83491},
{1.56679,1.78197,1.8357},
{1.56751,1.78187,1.83648},
{1.56824,1.78177,1.83727},
{1.56897,1.78167,1.83805},
{1.5697,1.78157,1.83884},
{1.57042,1.78146,1.83962},
{1.57115,1.78136,1.84041},
{1.57337,1.78107,1.8428},
{1.57412,1.78101,1.84358},
{1.57488,1.78094,1.84437},
{1.57563,1.78088,1.84515},
{1.57639,1.78082,1.84594},
{1.57714,1.78076,1.84673},
{1.5779,1.78069,1.84751},
{1.57865,1.78063,1.8483},
{1.5794,1.78057,1.84908},
{1.58016,1.78051,1.84987},
{1.58091,1.78044,1.85065},
{1.58167,1.78038,1.85144},
{1.58242,1.78032,1.85222},
{1.58317,1.78026,1.85301},
{1.58393,1.78019,1.85379},
{1.58468,1.78013,1.85458},
{1.58544,1.78007,1.85536},
{1.58619,1.78001,1.85615},
{1.58694,1.77994,1.85693},
{1.5877,1.77988,1.85772},
{1.58845,1.77982,1.8585},
{1.58921,1.77976,1.85929},
{1.58996,1.77969,1.86008},
{1.59072,1.77963,1.86086},
{1.59147,1.77957,1.86165},
{1.59222,1.77951,1.86243},
{1.59298,1.77944,1.86322},
{1.59373,1.77938,1.864},
{1.59449,1.77932,1.86479},
{1.59524,1.77926,1.86557},
{1.59599,1.7792,1.86636},
{1.59675,1.77913,1.86714},
{1.5975,1.77907,1.86793},
{1.59826,1.77901,1.86871},
{1.59901,1.77895,1.8695},
{1.59976,1.77888,1.87028},
{1.60052,1.77882,1.87107},
{1.60127,1.77876,1.87185},
{1.60203,1.7787,1.87264},
{1.60278,1.77863,1.87343},
{1.60353,1.77857,1.87421},
{1.60429,1.77851,1.875},
{1.60504,1.77845,1.87578},
{1.6058,1.77838,1.87657},
{1.60655,1.77832,1.87735},
{1.60731,1.77826,1.87814},
{1.60806,1.7782,1.87892},
{1.60881,1.77813,1.87971},
{1.60957,1.77807,1.88049},
{1.61032,1.77801,1.88128},
{1.61108,1.77795,1.88206},
{1.61183,1.77788,1.88285},
{1.61258,1.77782,1.88363},
{1.61334,1.77776,1.88442},
{1.61409,1.7777,1.8852},
{1.61485,1.77763,1.88599},
{1.6156,1.77757,1.88678},
{1.61635,1.77751,1.88756},
{1.61711,1.77745,1.88835},
{1.61786,1.77738,1.88913},
{1.61862,1.77732,1.88992},
{1.61937,1.77726,1.8907},
{1.62012,1.7772,1.89149},
{1.62088,1.77713,1.89227},
{1.62163,1.77707,1.89306},
{1.62239,1.77701,1.89384},
{1.62314,1.77695,1.89463},
{1.6239,1.77688,1.89541},
{1.62465,1.77682,1.8962},
{1.6254,1.77676,1.89698},
{1.62616,1.7767,1.89777},
{1.62691,1.77663,1.89855},
{1.62767,1.77657,1.89934},
{1.62842,1.77651,1.90013},
{1.62917,1.77645,1.90091},
{1.62993,1.77638,1.9017},
{1.63068,1.77632,1.90248},
{1.63144,1.77626,1.90327},
{1.63219,1.7762,1.90405},
{1.63294,1.77613,1.90484},
{1.6337,1.77607,1.90562},
{1.63445,1.77601,1.90641},
{1.63521,1.77595,1.90719},
{1.63596,1.77589,1.90798},
{1.63672,1.77582,1.90876},
{1.63747,1.77576,1.90955},
{1.63822,1.7757,1.91033},
{1.63898,1.77564,1.91112},
{1.63973,1.77557,1.9119},
{1.64049,1.77551,1.91269},
{1.64124,1.77545,1.91348},
{1.64199,1.77539,1.91426},
{1.64275,1.77532,1.91505},
{1.6435,1.77526,1.91583},
{1.64426,1.7752,1.91662},
{1.64501,1.77514,1.9174},
{1.64576,1.77507,1.91819},
{1.64652,1.77501,1.91897},
{1.64727,1.77495,1.91976},
{1.64803,1.77489,1.92054},
{1.64878,1.77482,1.92133},
{1.64953,1.77476,1.92211},
{1.65029,1.7747,1.9229},
{1.65104,1.77464,1.92368},
{1.6518,1.77457,1.92447},
{1.65255,1.77451,1.92525},
{1.65331,1.77445,1.92604},
{1.65406,1.77439,1.92683},
{1.65481,1.77432,1.92761},
{1.65557,1.77426,1.9284},
{1.65632,1.7742,1.92918},
{1.6583,1.77407,1.93122},
{1.65907,1.77405,1.93201},
{1.65984,1.77403,1.93279},
{1.66061,1.77401,1.93358},
{1.66139,1.77399,1.93436},
{1.66216,1.77397,1.93515},
{1.66293,1.77395,1.93593},
{1.66371,1.77393,1.93672},
{1.66448,1.77391,1.9375},
{1.66525,1.77389,1.93829},
{1.66603,1.77387,1.93908},
{1.6668,1.77385,1.93986},
{1.66757,1.77383,1.94065},
{1.66835,1.77381,1.94143},
{1.66912,1.77379,1.94222},
{1.66989,1.77377,1.943},
{1.67067,1.77375,1.94379},
{1.67144,1.77373,1.94457},
{1.67221,1.77371,1.94536},
{1.67298,1.77369,1.94614},
{1.67376,1.77367,1.94693},
{1.67453,1.77365,1.94772},
{1.6753,1.77364,1.9485},
{1.67608,1.77362,1.94929},
{1.67685,1.7736,1.95007},
{1.67762,1.77358,1.95086},
{1.6784,1.77356,1.95164},
{1.67917,1.77354,1.95243},
{1.67994,1.77352,1.95321},
{1.68072,1.7735,1.954},
{1.68149,1.77348,1.95479},
{1.68226,1.77346,1.95557},
{1.68304,1.77344,1.95636},
{1.68381,1.77342,1.95714},
{1.68458,1.7734,1.95793},
{1.68535,1.77338,1.95871},
{1.68613,1.77336,1.9595},
{1.6869,1.77334,1.96028},
{1.68767,1.77332,1.96107},
{1.68845,1.7733,1.96186},
{1.68922,1.77328,1.96264},
{1.68999,1.77326,1.96343},
{1.69077,1.77324,1.96421},
{1.69154,1.77322,1.965},
{1.69231,1.7732,1.96578},
{1.69309,1.77318,1.96657},
{1.69386,1.77316,1.96735},
{1.69463,1.77314,1.96814},
{1.69541,1.77312,1.96892},
{1.69618,1.7731,1.96971},
{1.69695,1.77308,1.9705},
{1.69772,1.77306,1.97128},
{1.6985,1.77304,1.97207},
{1.69927,1.77302,1.97285},
{1.70004,1.773,1.97364},
{1.70082,1.77298,1.97442},
{1.70159,1.77296,1.97521},
{1.70236,1.77294,1.97599},
{1.70314,1.77292,1.97678},
{1.70391,1.7729,1.97757},
{1.70468,1.77288,1.97835},
{1.70546,1.77286,1.97914},
{1.70623,1.77284,1.97992},
{1.707,1.77282,1.98071},
{1.70778,1.7728,1.98149},
{1.70855,1.77278,1.98228},
{1.70932,1.77276,1.98306},
{1.71009,1.77274,1.98385},
{1.71087,1.77272,1.98463},
{1.71164,1.7727,1.98542},
{1.71241,1.77268,1.98621},
{1.71319,1.77266,1.98699},
{1.71396,1.77264,1.98778},
{1.71473,1.77262,1.98856},
{1.71551,1.7726,1.98935},
{1.71628,1.77258,1.99013},
{1.71705,1.77256,1.99092},
{1.71783,1.77254,1.9917},
{1.7186,1.77252,1.99249},
{1.71937,1.7725,1.99328},
{1.72015,1.77248,1.99406},
{1.72092,1.77246,1.99485},
{1.72169,1.77244,1.99563},
{1.72246,1.77242,1.99642},
{1.72324,1.7724,1.9972},
{1.72401,1.77238,1.99799},
{1.72478,1.77236,1.99877},
{1.72556,1.77234,1.99956},
{1.72633,1.77232,2.00034},
{1.7271,1.7723,2.00113},
{1.72788,1.77228,2.00192},
{1.72865,1.77226,2.0027},
{1.72942,1.77224,2.00349},
{1.7302,1.77222,2.00427},
{1.73097,1.7722,2.00506},
{1.73174,1.77218,2.00584},
{1.73252,1.77217,2.00663},
{1.73329,1.77215,2.00741},
{1.73406,1.77213,2.0082},
{1.73483,1.77211,2.00899},
{1.73561,1.77209,2.00977},
{1.73638,1.77207,2.01056},
{1.73715,1.77205,2.01134},
{1.73793,1.77203,2.01213},
{1.7387,1.77201,2.01291},
{1.73947,1.77199,2.0137},
{1.74025,1.77197,2.01448},
{1.74102,1.77195,2.01527},
{1.74179,1.77193,2.01605},
{1.74257,1.77191,2.01684},
{1.74334,1.77189,2.01763},
{1.74411,1.77187,2.01841},
{1.74578,1.77185,2.0201},
{1.74656,1.77188,2.02088},
{1.74734,1.7719,2.02167},
{1.74813,1.77193,2.02245},
{1.74891,1.77195,2.02324},
{1.74969,1.77198,2.02402},
{1.75048,1.772,2.02481},
{1.75126,1.77203,2.02559},
{1.75204,1.77205,2.02638},
{1.75282,1.77208,2.02716},
{1.75361,1.7721,2.02795},
{1.75439,1.77213,2.02873},
{1.75517,1.77215,2.02952},
{1.75596,1.77218,2.0303},
{1.75674,1.7722,2.03109},
{1.75752,1.77223,2.03188},
{1.75831,1.77225,2.03266},
{1.75909,1.77228,2.03345},
{1.75987,1.7723,2.03423},
{1.76066,1.77233,2.03502},
{1.76144,1.77235,2.0358},
{1.76222,1.77238,2.03659},
{1.76301,1.7724,2.03737},
{1.76379,1.77243,2.03816},
{1.76457,1.77245,2.03894},
{1.76535,1.77248,2.03973},
{1.76614,1.7725,2.04051},
{1.76692,1.77253,2.0413},
{1.7677,1.77255,2.04208},
{1.76849,1.77258,2.04287},
{1.76927,1.7726,2.04365},
{1.77005,1.77263,2.04444},
{1.77084,1.77265,2.04523},
{1.77162,1.77268,2.04601},
{1.7724,1.7727,2.0468},
{1.77319,1.77273,2.04758},
{1.77397,1.77275,2.04837},
{1.77475,1.77278,2.04915},
{1.77553,1.7728,2.04994},
{1.77632,1.77283,2.05072},
{1.7771,1.77285,2.05151},
{1.77788,1.77288,2.05229},
{1.77867,1.7729,2.05308},
{1.77945,1.77293,2.05386},
{1.78023,1.77295,2.05465},
{1.78102,1.77298,2.05543},
{1.7818,1.773,2.05622},
{1.78258,1.77303,2.057},
{1.78337,1.77305,2.05779},
{1.78415,1.77308,2.05858},
{1.78493,1.7731,2.05936},
{1.78571,1.77313,2.06015},
{1.7865,1.77315,2.06093},
{1.78728,1.77318,2.06172},
{1.78806,1.7732,2.0625},
{1.78885,1.77323,2.06329},
{1.78963,1.77325,2.06407},
{1.79041,1.77328,2.06486},
{1.7912,1.7733,2.06564},
{1.79198,1.77333,2.06643},
{1.79276,1.77335,2.06721},
{1.79355,1.77338,2.068},
{1.79433,1.7734,2.06878},
{1.79511,1.77343,2.06957},
{1.79589,1.77345,2.07035},
{1.79668,1.77348,2.07114},
{1.79746,1.7735,2.07193},
{1.79824,1.77353,2.07271},
{1.79903,1.77355,2.0735},
{1.79981,1.77358,2.07428},
{1.80059,1.7736,2.07507},
{1.80138,1.77363,2.07585},
{1.80216,1.77365,2.07664},
{1.80294,1.77368,2.07742},
{1.80373,1.7737,2.07821},
{1.80451,1.77373,2.07899},
{1.80529,1.77375,2.07978},
{1.80608,1.77378,2.08056},
{1.80686,1.7738,2.08135},
{1.80764,1.77383,2.08213},
{1.80842,1.77385,2.08292},
{1.80921,1.77388,2.0837},
{1.80999,1.7739,2.08449},
{1.81077,1.77393,2.08528},
{1.81156,1.77395,2.08606},
{1.81234,1.77398,2.08685},
{1.81312,1.774,2.08763},
{1.81391,1.77403,2.08842},
{1.81469,1.77405,2.0892},
{1.81547,1.77408,2.08999},
{1.81626,1.7741,2.09077},
{1.81704,1.77413,2.09156},
{1.81782,1.77415,2.09234},
{1.8186,1.77418,2.09313},
{1.81939,1.7742,2.09391},
{1.82017,1.77422,2.0947},
{1.82095,1.77425,2.09548},
{1.82174,1.77427,2.09627},
{1.82252,1.7743,2.09705},
{1.8233,1.77432,2.09784},
{1.82409,1.77435,2.09863},
{1.82487,1.77437,2.09941},
{1.82565,1.7744,2.1002},
{1.82644,1.77442,2.10098},
{1.82722,1.77445,2.10177},
{1.828,1.77447,2.10255},
{1.82878,1.7745,2.10334},
{1.82957,1.77452,2.10412},
{1.83035,1.77455,2.10491},
{1.83113,1.77457,2.10569},
{1.83192,1.7746,2.10648},
{1.8327,1.77462,2.10726},
{1.83348,1.77465,2.10805},
{1.83481,1.77471,2.10938},
{1.83559,1.77478,2.11016},
{1.83637,1.77485,2.11095},
{1.83716,1.77492,2.11173},
{1.83794,1.77499,2.11252},
{1.83873,1.77506,2.1133},
{1.83951,1.77513,2.11409},
{1.84029,1.7752,2.11487},
{1.84108,1.77527,2.11566},
{1.84186,1.77534,2.11645},
{1.84264,1.77541,2.11723},
{1.84343,1.77548,2.11802},
{1.84421,1.77555,2.1188},
{1.845,1.77562,2.11959},
{1.84578,1.77569,2.12037},
{1.84656,1.77576,2.12116},
{1.84735,1.77583,2.12194},
{1.84813,1.7759,2.12273},
{1.84892,1.77597,2.12351},
{1.8497,1.77604,2.1243},
{1.85048,1.77611,2.12509},
{1.85127,1.77618,2.12587},
{1.85205,1.77625,2.12666},
{1.85283,1.77633,2.12744},
{1.85362,1.7764,2.12823},
{1.8544,1.77647,2.12901},
{1.85519,1.77654,2.1298},
{1.85597,1.77661,2.13058},
{1.85675,1.77668,2.13137},
{1.85754,1.77675,2.13216},
{1.85832,1.77682,2.13294},
{1.8591,1.77689,2.13373},
{1.85989,1.77696,2.13451},
{1.86067,1.77703,2.1353},
{1.86146,1.7771,2.13608},
{1.86224,1.77717,2.13687},
{1.86302,1.77724,2.13765},
{1.86381,1.77731,2.13844},
{1.86459,1.77738,2.13922},
{1.86538,1.77745,2.14001},
{1.86616,1.77752,2.1408},
{1.86694,1.77759,2.14158},
{1.86773,1.77766,2.14237},
{1.86851,1.77773,2.14315},
{1.86929,1.7778,2.14394},
{1.87008,1.77787,2.14472},
{1.87086,1.77794,2.14551},
{1.87165,1.77801,2.14629},
{1.87243,1.77808,2.14708},
{1.87321,1.77815,2.14787},
{1.874,1.77822,2.14865},
{1.87478,1.77829,2.14944},
{1.87557,1.77836,2.15022},
{1.87635,1.77843,2.15101},
{1.87713,1.7785,2.15179},
{1.87792,1.77858,2.15258},
{1.8787,1.77865,2.15336},
{1.87948,1.77872,2.15415},
{1.88027,1.77879,2.15493},
{1.88105,1.77886,2.15572},
{1.88184,1.77893,2.15651},
{1.88262,1.779,2.15729},
{1.8834,1.77907,2.15808},
{1.88419,1.77914,2.15886},
{1.88497,1.77921,2.15965},
{1.88576,1.77928,2.16043},
{1.88654,1.77935,2.16122},
{1.88732,1.77942,2.162},
{1.88811,1.77949,2.16279},
{1.88889,1.77956,2.16358},
{1.88967,1.77963,2.16436},
{1.89046,1.7797,2.16515},
{1.89124,1.77977,2.16593},
{1.89203,1.77984,2.16672},
{1.89281,1.77991,2.1675},
{1.89359,1.77998,2.16829},
{1.89438,1.78005,2.16907},
{1.89516,1.78012,2.16986},
{1.89595,1.78019,2.17064},
{1.89673,1.78026,2.17143},
{1.89751,1.78033,2.17222},
{1.8983,1.7804,2.173},
{1.89908,1.78047,2.17379},
{1.89986,1.78054,2.17457},
{1.90065,1.78061,2.17536},
{1.90143,1.78068,2.17614},
{1.90222,1.78075,2.17693},
{1.903,1.78083,2.17771},
{1.90378,1.7809,2.1785},
{1.90457,1.78097,2.17929},
{1.90535,1.78104,2.18007},
{1.90613,1.78111,2.18086},
{1.90692,1.78118,2.18164},
{1.9077,1.78125,2.18243},
{1.90849,1.78132,2.18321},
{1.90927,1.78139,2.184},
{1.91005,1.78146,2.18478},
{1.91084,1.78153,2.18557},
{1.91162,1.7816,2.18635},
{1.91241,1.78167,2.18714},
{1.91319,1.78174,2.18793},
{1.91397,1.78181,2.18871},
{1.91476,1.78188,2.1895},
{1.91554,1.78195,2.19028},
{1.91632,1.78202,2.19107},
{1.91711,1.78209,2.19185},
{1.91789,1.78216,2.19264},
{1.91868,1.78223,2.19342},
{1.91946,1.7823,2.19421},
{1.92024,1.78237,2.195},
{1.92103,1.78244,2.19578},
{1.92181,1.78251,2.19657},
{1.9226,1.78258,2.19735},
{1.92338,1.78265,2.19814},
{1.92434,1.78276,2.1991},
{1.92512,1.78287,2.19989},
{1.92589,1.78299,2.20067},
{1.92667,1.7831,2.20146},
{1.92744,1.78322,2.20224},
{1.92822,1.78333,2.20303},
{1.92899,1.78345,2.20381},
{1.92977,1.78356,2.2046},
{1.93054,1.78368,2.20539},
{1.93132,1.78379,2.20617},
{1.93209,1.78391,2.20696},
{1.93287,1.78402,2.20774},
{1.93364,1.78414,2.20853},
{1.93442,1.78425,2.20931},
{1.93519,1.78437,2.2101},
{1.93597,1.78448,2.21088},
{1.93674,1.7846,2.21167},
{1.93752,1.78471,2.21245},
{1.93829,1.78483,2.21324},
{1.93907,1.78494,2.21402},
{1.93984,1.78506,2.21481},
{1.94062,1.78517,2.21559},
{1.9414,1.78529,2.21638},
{1.94217,1.7854,2.21716},
{1.94295,1.78552,2.21795},
{1.94372,1.78563,2.21874},
{1.9445,1.78575,2.21952},
{1.94527,1.78586,2.22031},
{1.94605,1.78598,2.22109},
{1.94682,1.78609,2.22188},
{1.9476,1.78621,2.22266},
{1.94837,1.78632,2.22345},
{1.94915,1.78644,2.22423},
{1.94992,1.78655,2.22502},
{1.9507,1.78667,2.2258},
{1.95147,1.78678,2.22659},
{1.95225,1.7869,2.22737},
{1.95302,1.78701,2.22816},
{1.9538,1.78713,2.22894},
{1.95457,1.78724,2.22973},
{1.95535,1.78736,2.23051},
{1.95612,1.78747,2.2313},
{1.9569,1.78759,2.23209},
{1.95768,1.7877,2.23287},
{1.95845,1.78782,2.23366},
{1.95923,1.78793,2.23444},
{1.96,1.78805,2.23523},
{1.96078,1.78816,2.23601},
{1.96155,1.78828,2.2368},
{1.96233,1.78839,2.23758},
{1.9631,1.78851,2.23837},
{1.96388,1.78862,2.23915},
{1.96465,1.78874,2.23994},
{1.96543,1.78885,2.24072},
{1.9662,1.78897,2.24151},
{1.96698,1.78908,2.24229},
{1.96775,1.7892,2.24308},
{1.96853,1.78931,2.24386},
{1.9693,1.78943,2.24465},
{1.97008,1.78954,2.24544},
{1.97085,1.78966,2.24622},
{1.97163,1.78977,2.24701},
{1.9724,1.78989,2.24779},
{1.97318,1.79,2.24858},
{1.97396,1.79012,2.24936},
{1.97473,1.79023,2.25015},
{1.97551,1.79035,2.25093},
{1.97628,1.79046,2.25172},
{1.97706,1.79058,2.2525},
{1.97783,1.79069,2.25329},
{1.97861,1.79081,2.25407},
{1.97938,1.79092,2.25486},
{1.98016,1.79104,2.25564},
{1.98093,1.79115,2.25643},
{1.98171,1.79127,2.25721},
{1.98248,1.79138,2.258},
{1.98326,1.7915,2.25879},
{1.98403,1.79161,2.25957},
{1.98481,1.79173,2.26036},
{1.98558,1.79184,2.26114},
{1.98636,1.79196,2.26193},
{1.98713,1.79207,2.26271},
{1.98791,1.79219,2.2635},
{1.98868,1.7923,2.26428},
{1.98946,1.79242,2.26507},
{1.99024,1.79253,2.26585},
{1.99101,1.79265,2.26664},
{1.99179,1.79276,2.26742},
{1.99256,1.79288,2.26821},
{1.99334,1.79299,2.26899},
{1.99411,1.79311,2.26978},
{1.99489,1.79322,2.27056},
{1.99566,1.79334,2.27135},
{1.99644,1.79345,2.27214},
{1.99721,1.79357,2.27292},
{1.99799,1.79368,2.27371},
{1.99876,1.7938,2.27449},
{1.99954,1.79391,2.27528},
{2.00031,1.79403,2.27606},
{2.00109,1.79414,2.27685},
{2.00186,1.79426,2.27763},
{2.00264,1.79437,2.27842},
{2.00341,1.79449,2.2792},
{2.00419,1.7946,2.27999},
{2.00496,1.79472,2.28077},
{2.00574,1.79483,2.28156},
{2.00652,1.79495,2.28234},
{2.00729,1.79506,2.28313},
{2.00807,1.79518,2.28391},
{2.00884,1.79529,2.2847},
{2.00962,1.79541,2.28549},
{2.01039,1.79552,2.28627},
{2.01117,1.79564,2.28706},
{2.01194,1.79575,2.28784},
{2.01254,1.79585,2.28845},
{2.01329,1.796,2.28923},
{2.01405,1.79616,2.29002},
{2.01481,1.79632,2.2908},
{2.01557,1.79648,2.29159},
{2.01632,1.79663,2.29237},
{2.01708,1.79679,2.29316},
{2.01784,1.79695,2.29394},
{2.0186,1.7971,2.29473},
{2.01935,1.79726,2.29552},
{2.02011,1.79742,2.2963},
{2.02087,1.79758,2.29709},
{2.02163,1.79773,2.29787},
{2.02239,1.79789,2.29866},
{2.02314,1.79805,2.29944},
{2.0239,1.79821,2.30023},
{2.02466,1.79836,2.30101},
{2.02542,1.79852,2.3018},
{2.02617,1.79868,2.30259},
{2.02693,1.79883,2.30337},
{2.02769,1.79899,2.30416},
{2.02845,1.79915,2.30494},
{2.0292,1.79931,2.30573},
{2.02996,1.79946,2.30651},
{2.03072,1.79962,2.3073},
{2.03148,1.79978,2.30808},
{2.03223,1.79994,2.30887},
{2.03299,1.80009,2.30965},
{2.03375,1.80025,2.31044},
{2.03451,1.80041,2.31123},
{2.03527,1.80056,2.31201},
{2.03602,1.80072,2.3128},
{2.03678,1.80088,2.31358},
{2.03754,1.80104,2.31437},
{2.0383,1.80119,2.31515},
{2.03905,1.80135,2.31594},
{2.03981,1.80151,2.31672},
{2.04057,1.80167,2.31751},
{2.04133,1.80182,2.3183},
{2.04208,1.80198,2.31908},
{2.04284,1.80214,2.31987},
{2.0436,1.80229,2.32065},
{2.04436,1.80245,2.32144},
{2.04512,1.80261,2.32222},
{2.04587,1.80277,2.32301},
{2.04663,1.80292,2.32379},
{2.04739,1.80308,2.32458},
{2.04815,1.80324,2.32536},
{2.0489,1.8034,2.32615},
{2.04966,1.80355,2.32694},
{2.05042,1.80371,2.32772},
{2.05118,1.80387,2.32851},
{2.05193,1.80403,2.32929},
{2.05269,1.80418,2.33008},
{2.05345,1.80434,2.33086},
{2.05421,1.8045,2.33165},
{2.05496,1.80465,2.33243},
{2.05572,1.80481,2.33322},
{2.05648,1.80497,2.33401},
{2.05724,1.80513,2.33479},
{2.058,1.80528,2.33558},
{2.05875,1.80544,2.33636},
{2.05951,1.8056,2.33715},
{2.06027,1.80576,2.33793},
{2.06103,1.80591,2.33872},
{2.06178,1.80607,2.3395},
{2.06254,1.80623,2.34029},
{2.0633,1.80638,2.34107},
{2.06406,1.80654,2.34186},
{2.06481,1.8067,2.34265},
{2.06557,1.80686,2.34343},
{2.06633,1.80701,2.34422},
{2.06709,1.80717,2.345},
{2.06784,1.80733,2.34579},
{2.0686,1.80749,2.34657},
{2.06936,1.80764,2.34736},
{2.07012,1.8078,2.34814},
{2.07088,1.80796,2.34893},
{2.07163,1.80811,2.34972},
{2.07239,1.80827,2.3505},
{2.07315,1.80843,2.35129},
{2.07391,1.80859,2.35207},
{2.07466,1.80874,2.35286},
{2.07542,1.8089,2.35364},
{2.07618,1.80906,2.35443},
{2.07694,1.80922,2.35521},
{2.07769,1.80937,2.356},
{2.07845,1.80953,2.35678},
{2.07921,1.80969,2.35757},
{2.07997,1.80984,2.35836},
{2.08072,1.81,2.35914},
{2.08148,1.81016,2.35993},
{2.08224,1.81032,2.36071},
{2.083,1.81047,2.3615},
{2.08376,1.81063,2.36228},
{2.08451,1.81079,2.36307},
{2.08527,1.81095,2.36385},
{2.08603,1.8111,2.36464},
{2.08679,1.81126,2.36543},
{2.08754,1.81142,2.36621},
{2.0883,1.81157,2.367},
{2.08906,1.81173,2.36778},
{2.08982,1.81189,2.36857},
{2.09057,1.81205,2.36935},
{2.09133,1.8122,2.37014},
{2.09209,1.81236,2.37092},
{2.09285,1.81252,2.37171},
{2.09361,1.81268,2.37249},
{2.09436,1.81283,2.37328},
{2.09512,1.81299,2.37407},
{2.09588,1.81315,2.37485},
{2.09664,1.8133,2.37564},
{2.09739,1.81346,2.37642},
{2.09815,1.81362,2.37721},
{2.09838,1.81367,2.37745},
{2.09911,1.81387,2.37824},
{2.09985,1.81407,2.37902},
{2.10058,1.81426,2.37981},
{2.10131,1.81446,2.38059},
{2.10204,1.81466,2.38138},
{2.10277,1.81485,2.38216},
{2.1035,1.81505,2.38295},
{2.10423,1.81524,2.38373},
{2.10497,1.81544,2.38452},
{2.1057,1.81564,2.38531},
{2.10643,1.81583,2.38609},
{2.10716,1.81603,2.38688},
{2.10789,1.81622,2.38766},
{2.10862,1.81642,2.38845},
{2.10936,1.81662,2.38923},
{2.11009,1.81681,2.39002},
{2.11082,1.81701,2.3908},
{2.11155,1.8172,2.39159},
{2.11228,1.8174,2.39237},
{2.11301,1.8176,2.39316},
{2.11375,1.81779,2.39394},
{2.11448,1.81799,2.39473},
{2.11521,1.81818,2.39551},
{2.11594,1.81838,2.3963},
{2.11667,1.81858,2.39708},
{2.1174,1.81877,2.39787},
{2.11814,1.81897,2.39866},
{2.11887,1.81917,2.39944},
{2.1196,1.81936,2.40023},
{2.12033,1.81956,2.40101},
{2.12106,1.81975,2.4018},
{2.12179,1.81995,2.40258},
{2.12252,1.82015,2.40337},
{2.12326,1.82034,2.40415},
{2.12399,1.82054,2.40494},
{2.12472,1.82073,2.40572},
{2.12545,1.82093,2.40651},
{2.12618,1.82113,2.40729},
{2.12691,1.82132,2.40808},
{2.12765,1.82152,2.40886},
{2.12838,1.82171,2.40965},
{2.12911,1.82191,2.41043},
{2.12984,1.82211,2.41122},
{2.13057,1.8223,2.412},
{2.1313,1.8225,2.41279},
{2.13204,1.82269,2.41358},
{2.13277,1.82289,2.41436},
{2.1335,1.82309,2.41515},
{2.13423,1.82328,2.41593},
{2.13496,1.82348,2.41672},
{2.13569,1.82367,2.4175},
{2.13642,1.82387,2.41829},
{2.13716,1.82407,2.41907},
{2.13789,1.82426,2.41986},
{2.13862,1.82446,2.42064},
{2.13935,1.82466,2.42143},
{2.14008,1.82485,2.42221},
{2.14081,1.82505,2.423},
{2.14155,1.82524,2.42378},
{2.14228,1.82544,2.42457},
{2.14301,1.82564,2.42535},
{2.14374,1.82583,2.42614},
{2.14447,1.82603,2.42693},
{2.1452,1.82622,2.42771},
{2.14594,1.82642,2.4285},
{2.14667,1.82662,2.42928},
{2.1474,1.82681,2.43007},
{2.14813,1.82701,2.43085},
{2.14886,1.8272,2.43164},
{2.14959,1.8274,2.43242},
{2.15032,1.8276,2.43321},
{2.15106,1.82779,2.43399},
{2.15179,1.82799,2.43478},
{2.15252,1.82818,2.43556},
{2.15325,1.82838,2.43635},
{2.15398,1.82858,2.43713},
{2.15471,1.82877,2.43792},
{2.15545,1.82897,2.4387},
{2.15618,1.82916,2.43949},
{2.15691,1.82936,2.44028},
{2.15764,1.82956,2.44106},
{2.15837,1.82975,2.44185},
{2.1591,1.82995,2.44263},
{2.15984,1.83015,2.44342},
{2.16057,1.83034,2.4442},
{2.1613,1.83054,2.44499},
{2.16203,1.83073,2.44577},
{2.16276,1.83093,2.44656},
{2.16349,1.83113,2.44734},
{2.16422,1.83132,2.44813},
{2.16496,1.83152,2.44891},
{2.16569,1.83171,2.4497},
{2.16642,1.83191,2.45048},
{2.16715,1.83211,2.45127},
{2.16788,1.8323,2.45205},
{2.16861,1.8325,2.45284},
{2.16935,1.83269,2.45363},
{2.17008,1.83289,2.45441},
{2.17081,1.83309,2.4552},
{2.17154,1.83328,2.45598},
{2.17227,1.83348,2.45677},
{2.173,1.83367,2.45755},
{2.17374,1.83387,2.45834},
{2.17447,1.83407,2.45912},
{2.1752,1.83426,2.45991},
{2.17593,1.83446,2.46069},
{2.17666,1.83465,2.46148},
{2.17739,1.83485,2.46226},
{2.17812,1.83505,2.46305},
{2.17886,1.83524,2.46383},
{2.17959,1.83544,2.46462},
{2.18032,1.83564,2.4654},
{2.18105,1.83583,2.46619},
{2.18092,1.83583,2.46608},
{2.18161,1.83606,2.46686},
{2.18231,1.83629,2.46765},
{2.18301,1.83652,2.46843},
{2.18371,1.83675,2.46922},
{2.1844,1.83698,2.47},
{2.1851,1.83721,2.47079},
{2.1858,1.83744,2.47157},
{2.1865,1.83767,2.47236},
{2.1872,1.8379,2.47315},
{2.18789,1.83813,2.47393},
{2.18859,1.83836,2.47472},
{2.18929,1.83859,2.4755},
{2.18999,1.83882,2.47629},
{2.19068,1.83905,2.47707},
{2.19138,1.83928,2.47786},
{2.19208,1.83951,2.47864},
{2.19278,1.83974,2.47943},
{2.19348,1.83997,2.48022},
{2.19417,1.8402,2.481},
{2.19487,1.84043,2.48179},
{2.19557,1.84066,2.48257},
{2.19627,1.84089,2.48336},
{2.19697,1.84112,2.48414},
{2.19766,1.84135,2.48493},
{2.19836,1.84158,2.48571},
{2.19906,1.84181,2.4865},
{2.19976,1.84204,2.48728},
{2.20045,1.84227,2.48807},
{2.20115,1.8425,2.48886},
{2.20185,1.84273,2.48964},
{2.20255,1.84296,2.49043},
{2.20325,1.84319,2.49121},
{2.20394,1.84342,2.492},
{2.20464,1.84365,2.49278},
{2.20534,1.84388,2.49357},
{2.20604,1.84411,2.49435},
{2.20673,1.84434,2.49514},
{2.20743,1.84457,2.49593},
{2.20813,1.8448,2.49671},
{2.20883,1.84503,2.4975},
{2.20953,1.84526,2.49828},
{2.21022,1.84549,2.49907},
{2.21092,1.84572,2.49985},
{2.21162,1.84595,2.50064},
{2.21232,1.84618,2.50142},
{2.21301,1.84641,2.50221},
{2.21371,1.84664,2.503},
{2.21441,1.84687,2.50378},
{2.21511,1.8471,2.50457},
{2.21581,1.84733,2.50535},
{2.2165,1.84756,2.50614},
{2.2172,1.84779,2.50692},
{2.2179,1.84802,2.50771},
{2.2186,1.84825,2.50849},
{2.2193,1.84848,2.50928},
{2.21999,1.84871,2.51006},
{2.22069,1.84894,2.51085},
{2.22139,1.84917,2.51164},
{2.22209,1.8494,2.51242},
{2.22278,1.84963,2.51321},
{2.22348,1.84986,2.51399},
{2.22418,1.85009,2.51478},
{2.22488,1.85032,2.51556},
{2.22558,1.85055,2.51635},
{2.22627,1.85078,2.51713},
{2.22697,1.85101,2.51792},
{2.22767,1.85124,2.51871},
{2.22837,1.85147,2.51949},
{2.22906,1.8517,2.52028},
{2.22976,1.85193,2.52106},
{2.23046,1.85216,2.52185},
{2.23116,1.85239,2.52263},
{2.23186,1.85262,2.52342},
{2.23255,1.85285,2.5242},
{2.23325,1.85308,2.52499},
{2.23395,1.85331,2.52577},
{2.23465,1.85354,2.52656},
{2.23534,1.85377,2.52735},
{2.23604,1.854,2.52813},
{2.23674,1.85423,2.52892},
{2.23744,1.85446,2.5297},
{2.23814,1.85469,2.53049},
{2.23883,1.85492,2.53127},
{2.23953,1.85515,2.53206},
{2.24023,1.85538,2.53284},
{2.24093,1.85561,2.53363},
{2.24163,1.85584,2.53442},
{2.24232,1.85607,2.5352},
{2.24302,1.8563,2.53599},
{2.24372,1.85653,2.53677},
{2.24442,1.85676,2.53756},
{2.24511,1.85699,2.53834},
{2.24581,1.85722,2.53913},
{2.24651,1.85745,2.53991},
{2.24721,1.85768,2.5407},
{2.24791,1.85791,2.54148},
{2.2486,1.85814,2.54227},
{2.2493,1.85837,2.54306},
{2.25,1.8586,2.54384},
{2.2507,1.85883,2.54463},
{2.25139,1.85906,2.54541},
{2.25209,1.85929,2.5462},
{2.25279,1.85952,2.54698},
{2.25349,1.85975,2.54777},
{2.25419,1.85998,2.54855},
{2.25488,1.86021,2.54934},
{2.25558,1.86044,2.55013},
{2.25628,1.86067,2.55091},
{2.25698,1.8609,2.5517},
{2.25767,1.86113,2.55248},
{2.25837,1.86136,2.55327},
{2.25793,1.86124,2.5528},
{2.25859,1.8615,2.55358},
{2.25924,1.86176,2.55437},
{2.2599,1.86202,2.55515},
{2.26056,1.86227,2.55594},
{2.26122,1.86253,2.55673},
{2.26187,1.86279,2.55751},
{2.26253,1.86305,2.5583},
{2.26319,1.86331,2.55908},
{2.26385,1.86357,2.55987},
{2.2645,1.86382,2.56065},
{2.26516,1.86408,2.56144},
{2.26582,1.86434,2.56222},
{2.26648,1.8646,2.56301},
{2.26713,1.86486,2.56379},
{2.26779,1.86511,2.56458},
{2.26845,1.86537,2.56536},
{2.26911,1.86563,2.56615},
{2.26976,1.86589,2.56693},
{2.27042,1.86615,2.56772},
{2.27108,1.8664,2.5685},
{2.27174,1.86666,2.56929},
{2.27239,1.86692,2.57007},
{2.27305,1.86718,2.57086},
{2.27371,1.86744,2.57165},
{2.27437,1.8677,2.57243},
{2.27502,1.86795,2.57322},
{2.27568,1.86821,2.574},
{2.27634,1.86847,2.57479},
{2.277,1.86873,2.57557},
{2.27765,1.86899,2.57636},
{2.27831,1.86924,2.57714},
{2.27897,1.8695,2.57793},
{2.27963,1.86976,2.57871},
{2.28028,1.87002,2.5795},
{2.28094,1.87028,2.58028},
{2.2816,1.87053,2.58107},
{2.28226,1.87079,2.58185},
{2.28291,1.87105,2.58264},
{2.28357,1.87131,2.58342},
{2.28423,1.87157,2.58421},
{2.28489,1.87182,2.585},
{2.28555,1.87208,2.58578},
{2.2862,1.87234,2.58657},
{2.28686,1.8726,2.58735},
{2.28752,1.87286,2.58814},
{2.28818,1.87312,2.58892},
{2.28883,1.87337,2.58971},
{2.28949,1.87363,2.59049},
{2.29015,1.87389,2.59128},
{2.29081,1.87415,2.59206},
{2.29146,1.87441,2.59285},
{2.29212,1.87466,2.59363},
{2.29278,1.87492,2.59442},
{2.29344,1.87518,2.5952},
{2.29409,1.87544,2.59599},
{2.29475,1.8757,2.59677},
{2.29541,1.87595,2.59756},
{2.29607,1.87621,2.59835},
{2.29672,1.87647,2.59913},
{2.29738,1.87673,2.59992},
{2.29804,1.87699,2.6007},
{2.2987,1.87724,2.60149},
{2.29935,1.8775,2.60227},
{2.30001,1.87776,2.60306},
{2.30067,1.87802,2.60384},
{2.30133,1.87828,2.60463},
{2.30198,1.87854,2.60541},
{2.30264,1.87879,2.6062},
{2.3033,1.87905,2.60698},
{2.30396,1.87931,2.60777},
{2.30461,1.87957,2.60855},
{2.30527,1.87983,2.60934},
{2.30593,1.88008,2.61012},
{2.30659,1.88034,2.61091},
{2.30724,1.8806,2.61169},
{2.3079,1.88086,2.61248},
{2.30856,1.88112,2.61327},
{2.30922,1.88137,2.61405},
{2.30987,1.88163,2.61484},
{2.31053,1.88189,2.61562},
{2.31119,1.88215,2.61641},
{2.31185,1.88241,2.61719},
{2.31251,1.88266,2.61798},
{2.31316,1.88292,2.61876},
{2.31382,1.88318,2.61955},
{2.31448,1.88344,2.62033},
{2.31514,1.8837,2.62112},
{2.31579,1.88396,2.6219},
{2.31645,1.88421,2.62269},
{2.31711,1.88447,2.62347},
{2.31777,1.88473,2.62426},
{2.31842,1.88499,2.62504},
{2.31908,1.88525,2.62583},
{2.31974,1.8855,2.62662},
{2.3204,1.88576,2.6274},
{2.32105,1.88602,2.62819},
{2.32171,1.88628,2.62897},
{2.32237,1.88654,2.62976},
{2.32303,1.88679,2.63054},
{2.32368,1.88705,2.63133},
{2.32434,1.88731,2.63211},
{2.325,1.88757,2.6329},
{2.32566,1.88783,2.63368},
{2.32631,1.88808,2.63447},
{2.32697,1.88834,2.63525},
{2.32763,1.8886,2.63604},
{2.32829,1.88886,2.63682},
{2.32894,1.88912,2.63761},
{2.3296,1.88938,2.63839},
{2.32891,1.88911,2.63758},
{2.32952,1.88939,2.63836},
{2.33013,1.88967,2.63915},
{2.33075,1.88995,2.63993},
{2.33136,1.89023,2.64072},
{2.33197,1.89051,2.6415},
{2.33258,1.89079,2.64229},
{2.33319,1.89107,2.64307},
{2.33381,1.89135,2.64386},
{2.33442,1.89163,2.64465},
{2.33503,1.8919,2.64543},
{2.33564,1.89218,2.64622},
{2.33625,1.89246,2.647},
{2.33686,1.89274,2.64779},
{2.33748,1.89302,2.64857},
{2.33809,1.8933,2.64936},
{2.3387,1.89358,2.65014},
{2.33931,1.89386,2.65093},
{2.33992,1.89414,2.65172},
{2.34054,1.89442,2.6525},
{2.34115,1.8947,2.65329},
{2.34176,1.89498,2.65407},
{2.34237,1.89526,2.65486},
{2.34298,1.89554,2.65564},
{2.3436,1.89582,2.65643},
{2.34421,1.8961,2.65721},
{2.34482,1.89638,2.658},
{2.34543,1.89666,2.65879},
{2.34604,1.89694,2.65957},
{2.34666,1.89722,2.66036},
{2.34727,1.8975,2.66114},
{2.34788,1.89778,2.66193},
{2.34849,1.89805,2.66271},
{2.3491,1.89833,2.6635},
{2.34972,1.89861,2.66428},
{2.35033,1.89889,2.66507},
{2.35094,1.89917,2.66585},
{2.35155,1.89945,2.66664},
{2.35216,1.89973,2.66743},
{2.35278,1.90001,2.66821},
{2.35339,1.90029,2.669},
{2.354,1.90057,2.66978},
{2.35461,1.90085,2.67057},
{2.35522,1.90113,2.67135},
{2.35584,1.90141,2.67214},
{2.35645,1.90169,2.67292},
{2.35706,1.90197,2.67371},
{2.35767,1.90225,2.6745},
{2.35828,1.90253,2.67528},
{2.35889,1.90281,2.67607},
{2.35951,1.90309,2.67685},
{2.36012,1.90337,2.67764},
{2.36073,1.90365,2.67842},
{2.36134,1.90392,2.67921},
{2.36195,1.9042,2.67999},
{2.36257,1.90448,2.68078},
{2.36318,1.90476,2.68157},
{2.36379,1.90504,2.68235},
{2.3644,1.90532,2.68314},
{2.36501,1.9056,2.68392},
{2.36563,1.90588,2.68471},
{2.36624,1.90616,2.68549},
{2.36685,1.90644,2.68628},
{2.36746,1.90672,2.68706},
{2.36807,1.907,2.68785},
{2.36869,1.90728,2.68863},
{2.3693,1.90756,2.68942},
{2.36991,1.90784,2.69021},
{2.37052,1.90812,2.69099},
{2.37113,1.9084,2.69178},
{2.37175,1.90868,2.69256},
{2.37236,1.90896,2.69335},
{2.37297,1.90924,2.69413},
{2.37358,1.90952,2.69492},
{2.37419,1.9098,2.6957},
{2.37481,1.91007,2.69649},
{2.37542,1.91035,2.69728},
{2.37603,1.91063,2.69806},
{2.37664,1.91091,2.69885},
{2.37725,1.91119,2.69963},
{2.37787,1.91147,2.70042},
{2.37848,1.91175,2.7012},
{2.37909,1.91203,2.70199},
{2.3797,1.91231,2.70277},
{2.38031,1.91259,2.70356},
{2.38092,1.91287,2.70435},
{2.38154,1.91315,2.70513},
{2.38215,1.91343,2.70592},
{2.38276,1.91371,2.7067},
{2.38337,1.91399,2.70749},
{2.38398,1.91427,2.70827},
{2.3846,1.91455,2.70906},
{2.38521,1.91483,2.70984},
{2.38582,1.91511,2.71063},
{2.38643,1.91539,2.71141},
{2.38704,1.91567,2.7122},
{2.38766,1.91594,2.71299},
{2.38827,1.91622,2.71377},
{2.38888,1.9165,2.71456},
{2.38949,1.91678,2.71534},
{2.3901,1.91706,2.71613},
{2.39072,1.91734,2.71691},
{2.39133,1.91762,2.7177},
{2.39194,1.9179,2.71848},
{2.39255,1.91818,2.71927},
{2.39316,1.91846,2.72006},
{2.39378,1.91874,2.72084},
{2.39439,1.91902,2.72163},
{2.395,1.9193,2.72241},
{2.39406,1.91889,2.72125},
{2.39463,1.91919,2.72204},
{2.39519,1.91948,2.72282},
{2.39575,1.91978,2.72361},
{2.39631,1.92007,2.72439},
{2.39688,1.92036,2.72518},
{2.39744,1.92066,2.72596},
{2.398,1.92095,2.72675},
{2.39856,1.92125,2.72753},
{2.39913,1.92154,2.72832},
{2.39969,1.92183,2.7291},
{2.40025,1.92213,2.72989},
{2.40081,1.92242,2.73067},
{2.40137,1.92272,2.73146},
{2.40194,1.92301,2.73224},
{2.4025,1.9233,2.73303},
{2.40306,1.9236,2.73381},
{2.40362,1.92389,2.7346},
{2.40419,1.92419,2.73539},
{2.40475,1.92448,2.73617},
{2.40531,1.92477,2.73696},
{2.40587,1.92507,2.73774},
{2.40644,1.92536,2.73853},
{2.407,1.92566,2.73931},
{2.40756,1.92595,2.7401},
{2.40812,1.92624,2.74088},
{2.40869,1.92654,2.74167},
{2.40925,1.92683,2.74245},
{2.40981,1.92713,2.74324},
{2.41037,1.92742,2.74402},
{2.41094,1.92771,2.74481},
{2.4115,1.92801,2.74559},
{2.41206,1.9283,2.74638},
{2.41262,1.9286,2.74716},
{2.41319,1.92889,2.74795},
{2.41375,1.92918,2.74873},
{2.41431,1.92948,2.74952},
{2.41487,1.92977,2.75031},
{2.41544,1.93007,2.75109},
{2.416,1.93036,2.75188},
{2.41656,1.93065,2.75266},
{2.41712,1.93095,2.75345},
{2.41769,1.93124,2.75423},
{2.41825,1.93154,2.75502},
{2.41881,1.93183,2.7558},
{2.41937,1.93212,2.75659},
{2.41994,1.93242,2.75737},
{2.4205,1.93271,2.75816},
{2.42106,1.93301,2.75894},
{2.42162,1.9333,2.75973},
{2.42219,1.93359,2.76051},
{2.42275,1.93389,2.7613},
{2.42331,1.93418,2.76208},
{2.42387,1.93448,2.76287},
{2.42443,1.93477,2.76365},
{2.425,1.93506,2.76444},
{2.42556,1.93536,2.76523},
{2.42612,1.93565,2.76601},
{2.42668,1.93595,2.7668},
{2.42725,1.93624,2.76758},
{2.42781,1.93653,2.76837},
{2.42837,1.93683,2.76915},
{2.42893,1.93712,2.76994},
{2.4295,1.93742,2.77072},
{2.43006,1.93771,2.77151},
{2.43062,1.938,2.77229},
{2.43118,1.9383,2.77308},
{2.43175,1.93859,2.77386},
{2.43231,1.93889,2.77465},
{2.43287,1.93918,2.77543},
{2.43343,1.93947,2.77622},
{2.434,1.93977,2.777},
{2.43456,1.94006,2.77779},
{2.43512,1.94036,2.77858},
{2.43568,1.94065,2.77936},
{2.43625,1.94094,2.78015},
{2.43681,1.94124,2.78093},
{2.43737,1.94153,2.78172},
{2.43793,1.94183,2.7825},
{2.4385,1.94212,2.78329},
{2.43906,1.94241,2.78407},
{2.43962,1.94271,2.78486},
{2.44018,1.943,2.78564},
{2.44075,1.9433,2.78643},
{2.44131,1.94359,2.78721},
{2.44187,1.94388,2.788},
{2.44243,1.94418,2.78878},
{2.443,1.94447,2.78957},
{2.44356,1.94477,2.79035},
{2.44412,1.94506,2.79114},
{2.44468,1.94535,2.79192},
{2.44525,1.94565,2.79271},
{2.44581,1.94594,2.7935},
{2.44637,1.94624,2.79428},
{2.44693,1.94653,2.79507},
{2.44749,1.94682,2.79585},
{2.44806,1.94712,2.79664},
{2.44862,1.94741,2.79742},
{2.44918,1.94771,2.79821},
{2.44974,1.948,2.79899},
{2.45031,1.94829,2.79978},
{2.45087,1.94859,2.80056},
{2.45143,1.94888,2.80135},
{2.45199,1.94918,2.80213},
{2.45256,1.94947,2.80292},
{2.45312,1.94976,2.8037},
{2.45202,1.94921,2.80221},
{2.45253,1.94951,2.80299},
{2.45304,1.94981,2.80378},
{2.45355,1.95011,2.80456},
{2.45406,1.95041,2.80535},
{2.45457,1.95071,2.80613},
{2.45508,1.95101,2.80692},
{2.45559,1.95132,2.80771},
{2.4561,1.95162,2.80849},
{2.45661,1.95192,2.80928},
{2.45712,1.95222,2.81006},
{2.45763,1.95252,2.81085},
{2.45814,1.95282,2.81163},
{2.45865,1.95312,2.81242},
{2.45916,1.95342,2.8132},
{2.45967,1.95372,2.81399},
{2.46018,1.95403,2.81478},
{2.46069,1.95433,2.81556},
{2.4612,1.95463,2.81635},
{2.46171,1.95493,2.81713},
{2.46222,1.95523,2.81792},
{2.46273,1.95553,2.8187},
{2.46324,1.95583,2.81949},
{2.46375,1.95613,2.82027},
{2.46426,1.95644,2.82106},
{2.46477,1.95674,2.82185},
{2.46528,1.95704,2.82263},
{2.46579,1.95734,2.82342},
{2.4663,1.95764,2.8242},
{2.46681,1.95794,2.82499},
{2.46732,1.95824,2.82577},
{2.46783,1.95854,2.82656},
{2.46834,1.95884,2.82734},
{2.46885,1.95915,2.82813},
{2.46936,1.95945,2.82892},
{2.46987,1.95975,2.8297},
{2.47038,1.96005,2.83049},
{2.47089,1.96035,2.83127},
{2.4714,1.96065,2.83206},
{2.47191,1.96095,2.83284},
{2.47242,1.96125,2.83363},
{2.47293,1.96156,2.83441},
{2.47344,1.96186,2.8352},
{2.47395,1.96216,2.83599},
{2.47446,1.96246,2.83677},
{2.47497,1.96276,2.83756},
{2.47548,1.96306,2.83834},
{2.47599,1.96336,2.83913},
{2.4765,1.96366,2.83991},
{2.47701,1.96396,2.8407},
{2.47752,1.96427,2.84148},
{2.47803,1.96457,2.84227},
{2.47854,1.96487,2.84305},
{2.47905,1.96517,2.84384},
{2.47956,1.96547,2.84463},
{2.48007,1.96577,2.84541},
{2.48058,1.96607,2.8462},
{2.48109,1.96637,2.84698},
{2.4816,1.96668,2.84777},
{2.48211,1.96698,2.84855},
{2.48262,1.96728,2.84934},
{2.48313,1.96758,2.85012},
{2.48364,1.96788,2.85091},
{2.48415,1.96818,2.8517},
{2.48466,1.96848,2.85248},
{2.48517,1.96878,2.85327},
{2.48568,1.96908,2.85405},
{2.48619,1.96939,2.85484},
{2.4867,1.96969,2.85562},
{2.48721,1.96999,2.85641},
{2.48772,1.97029,2.85719},
{2.48823,1.97059,2.85798},
{2.48874,1.97089,2.85877},
{2.48925,1.97119,2.85955},
{2.48976,1.97149,2.86034},
{2.49027,1.9718,2.86112},
{2.49078,1.9721,2.86191},
{2.49129,1.9724,2.86269},
{2.4918,1.9727,2.86348},
{2.49231,1.973,2.86426},
{2.49282,1.9733,2.86505},
{2.49333,1.9736,2.86584},
{2.49384,1.9739,2.86662},
{2.49435,1.9742,2.86741},
{2.49486,1.97451,2.86819},
{2.49538,1.97481,2.86898},
{2.49589,1.97511,2.86976},
{2.4964,1.97541,2.87055},
{2.49691,1.97571,2.87133},
{2.49742,1.97601,2.87212},
{2.49793,1.97631,2.87291},
{2.49844,1.97661,2.87369},
{2.49895,1.97692,2.87448},
{2.49946,1.97722,2.87526},
{2.49997,1.97752,2.87605},
{2.50048,1.97782,2.87683},
{2.50099,1.97812,2.87762},
{2.5015,1.97842,2.8784},
{2.50201,1.97872,2.87919},
{2.50252,1.97902,2.87998},
{2.50303,1.97932,2.88076},
{2.50354,1.97963,2.88155},
{2.50405,1.97993,2.88233},
{2.50284,1.97923,2.88051},
{2.50329,1.97953,2.88129},
{2.50375,1.97983,2.88208},
{2.50421,1.98013,2.88286},
{2.50466,1.98043,2.88365},
{2.50512,1.98073,2.88443},
{2.50558,1.98104,2.88522},
{2.50603,1.98134,2.886},
{2.50649,1.98164,2.88679},
{2.50695,1.98194,2.88758},
{2.5074,1.98224,2.88836},
{2.50786,1.98254,2.88915},
{2.50832,1.98284,2.88993},
{2.50877,1.98314,2.89072},
{2.50923,1.98345,2.8915},
{2.50969,1.98375,2.89229},
{2.51014,1.98405,2.89307},
{2.5106,1.98435,2.89386},
{2.51106,1.98465,2.89464},
{2.51151,1.98495,2.89543},
{2.51197,1.98525,2.89621},
{2.51243,1.98555,2.897},
{2.51288,1.98586,2.89778},
{2.51334,1.98616,2.89857},
{2.5138,1.98646,2.89935},
{2.51425,1.98676,2.90014},
{2.51471,1.98706,2.90092},
{2.51517,1.98736,2.90171},
{2.51562,1.98766,2.9025},
{2.51608,1.98797,2.90328},
{2.51654,1.98827,2.90407},
{2.51699,1.98857,2.90485},
{2.51745,1.98887,2.90564},
{2.51791,1.98917,2.90642},
{2.51836,1.98947,2.90721},
{2.51882,1.98977,2.90799},
{2.51928,1.99007,2.90878},
{2.51973,1.99038,2.90956},
{2.52019,1.99068,2.91035},
{2.52065,1.99098,2.91113},
{2.5211,1.99128,2.91192},
{2.52156,1.99158,2.9127},
{2.52202,1.99188,2.91349},
{2.52247,1.99218,2.91427},
{2.52293,1.99248,2.91506},
{2.52339,1.99279,2.91584},
{2.52384,1.99309,2.91663},
{2.5243,1.99339,2.91741},
{2.52476,1.99369,2.9182},
{2.52521,1.99399,2.91899},
{2.52567,1.99429,2.91977},
{2.52613,1.99459,2.92056},
{2.52658,1.9949,2.92134},
{2.52704,1.9952,2.92213},
{2.5275,1.9955,2.92291},
{2.52795,1.9958,2.9237},
{2.52841,1.9961,2.92448},
{2.52887,1.9964,2.92527},
{2.52932,1.9967,2.92605},
{2.52978,1.997,2.92684},
{2.53024,1.99731,2.92762},
{2.53069,1.99761,2.92841},
{2.53115,1.99791,2.92919},
{2.53161,1.99821,2.92998},
{2.53206,1.99851,2.93076},
{2.53252,1.99881,2.93155},
{2.53298,1.99911,2.93233},
{2.53343,1.99941,2.93312},
{2.53389,1.99972,2.9339},
{2.53435,2.00002,2.93469},
{2.5348,2.00032,2.93548},
{2.53526,2.00062,2.93626},
{2.53572,2.00092,2.93705},
{2.53617,2.00122,2.93783},
{2.53663,2.00152,2.93862},
{2.53709,2.00182,2.9394},
{2.53754,2.00213,2.94019},
{2.538,2.00243,2.94097},
{2.53845,2.00273,2.94176},
{2.53891,2.00303,2.94254},
{2.53937,2.00333,2.94333},
{2.53982,2.00363,2.94411},
{2.54028,2.00393,2.9449},
{2.54074,2.00424,2.94568},
{2.54119,2.00454,2.94647},
{2.54165,2.00484,2.94725},
{2.54211,2.00514,2.94804},
{2.54256,2.00544,2.94882},
{2.54302,2.00574,2.94961},
{2.54348,2.00604,2.9504},
{2.54393,2.00634,2.95118},
{2.54439,2.00665,2.95197},
{2.54485,2.00695,2.95275},
{2.5453,2.00725,2.95354},
{2.54576,2.00755,2.95432},
{2.54622,2.00785,2.95511},
{2.54667,2.00815,2.95589},
{2.54713,2.00845,2.95668},
{2.54759,2.00875,2.95746},
{2.54804,2.00906,2.95825},
{2.54677,2.00823,2.95611},
{2.54717,2.00853,2.9569},
{2.54757,2.00882,2.95768},
{2.54797,2.00912,2.95847},
{2.54838,2.00941,2.95925},
{2.54878,2.0097,2.96004},
{2.54918,2.01,2.96082},
{2.54959,2.01029,2.96161},
{2.54999,2.01059,2.96239},
{2.55039,2.01088,2.96318},
{2.5508,2.01118,2.96397},
{2.5512,2.01147,2.96475},
{2.5516,2.01177,2.96554},
{2.552,2.01206,2.96632},
{2.55241,2.01236,2.96711},
{2.55281,2.01265,2.96789},
{2.55321,2.01295,2.96868},
{2.55362,2.01324,2.96946},
{2.55402,2.01354,2.97025},
{2.55442,2.01383,2.97104},
{2.55482,2.01412,2.97182},
{2.55523,2.01442,2.97261},
{2.55563,2.01471,2.97339},
{2.55603,2.01501,2.97418},
{2.55644,2.0153,2.97496},
{2.55684,2.0156,2.97575},
{2.55724,2.01589,2.97653},
{2.55765,2.01619,2.97732},
{2.55805,2.01648,2.97811},
{2.55845,2.01678,2.97889},
{2.55885,2.01707,2.97968},
{2.55926,2.01737,2.98046},
{2.55966,2.01766,2.98125},
{2.56006,2.01796,2.98203},
{2.56047,2.01825,2.98282},
{2.56087,2.01854,2.9836},
{2.56127,2.01884,2.98439},
{2.56167,2.01913,2.98518},
{2.56208,2.01943,2.98596},
{2.56248,2.01972,2.98675},
{2.56288,2.02002,2.98753},
{2.56329,2.02031,2.98832},
{2.56369,2.02061,2.9891},
{2.56409,2.0209,2.98989},
{2.5645,2.0212,2.99067},
{2.5649,2.02149,2.99146},
{2.5653,2.02179,2.99225},
{2.5657,2.02208,2.99303},
{2.56611,2.02238,2.99382},
{2.56651,2.02267,2.9946},
{2.56691,2.02296,2.99539},
{2.56732,2.02326,2.99617},
{2.56772,2.02355,2.99696},
{2.56812,2.02385,2.99774},
{2.56852,2.02414,2.99853},
{2.56893,2.02444,2.99932},
{2.56933,2.02473,3.0001},
{2.56973,2.02503,3.00089},
{2.57014,2.02532,3.00167},
{2.57054,2.02562,3.00246},
{2.57094,2.02591,3.00324},
{2.57135,2.02621,3.00403},
{2.57175,2.0265,3.00481},
{2.57215,2.0268,3.0056},
{2.57255,2.02709,3.00639},
{2.57296,2.02738,3.00717},
{2.57336,2.02768,3.00796},
{2.57376,2.02797,3.00874},
{2.57417,2.02827,3.00953},
{2.57457,2.02856,3.01031},
{2.57497,2.02886,3.0111},
{2.57537,2.02915,3.01188},
{2.57578,2.02945,3.01267},
{2.57618,2.02974,3.01346},
{2.57658,2.03004,3.01424},
{2.57699,2.03033,3.01503},
{2.57739,2.03063,3.01581},
{2.57779,2.03092,3.0166},
{2.5782,2.03122,3.01738},
{2.5786,2.03151,3.01817},
{2.579,2.0318,3.01895},
{2.5794,2.0321,3.01974},
{2.57981,2.03239,3.02053},
{2.58021,2.03269,3.02131},
{2.58061,2.03298,3.0221},
{2.58102,2.03328,3.02288},
{2.58142,2.03357,3.02367},
{2.58182,2.03387,3.02445},
{2.58222,2.03416,3.02524},
{2.58263,2.03446,3.02602},
{2.58303,2.03475,3.02681},
{2.58343,2.03505,3.0276},
{2.58384,2.03534,3.02838},
{2.58424,2.03564,3.02917},
{2.58464,2.03593,3.02995},
{2.58505,2.03622,3.03074},
{2.58376,2.0353,3.02829},
{2.58411,2.03558,3.02908},
{2.58446,2.03586,3.02987},
{2.58481,2.03615,3.03065},
{2.58517,2.03643,3.03144},
{2.58552,2.03671,3.03222},
{2.58587,2.03699,3.03301},
{2.58622,2.03727,3.03379},
{2.58657,2.03756,3.03458},
{2.58692,2.03784,3.03536},
{2.58727,2.03812,3.03615},
{2.58762,2.0384,3.03693},
{2.58797,2.03868,3.03772},
{2.58832,2.03897,3.0385},
{2.58867,2.03925,3.03929},
{2.58902,2.03953,3.04007},
{2.58937,2.03981,3.04086},
{2.58972,2.04009,3.04164},
{2.59007,2.04038,3.04243},
{2.59042,2.04066,3.04321},
{2.59077,2.04094,3.044},
{2.59112,2.04122,3.04478},
{2.59147,2.0415,3.04557},
{2.59183,2.04179,3.04635},
{2.59218,2.04207,3.04714},
{2.59253,2.04235,3.04793},
{2.59288,2.04263,3.04871},
{2.59323,2.04291,3.0495},
{2.59358,2.0432,3.05028},
{2.59393,2.04348,3.05107},
{2.59428,2.04376,3.05185},
{2.59463,2.04404,3.05264},
{2.59498,2.04432,3.05342},
{2.59533,2.04461,3.05421},
{2.59568,2.04489,3.05499},
{2.59603,2.04517,3.05578},
{2.59638,2.04545,3.05656},
{2.59673,2.04573,3.05735},
{2.59708,2.04602,3.05813},
{2.59743,2.0463,3.05892},
{2.59778,2.04658,3.0597},
{2.59814,2.04686,3.06049},
{2.59849,2.04714,3.06127},
{2.59884,2.04743,3.06206},
{2.59919,2.04771,3.06284},
{2.59954,2.04799,3.06363},
{2.59989,2.04827,3.06441},
{2.60024,2.04855,3.0652},
{2.60059,2.04884,3.06598},
{2.60094,2.04912,3.06677},
{2.60129,2.0494,3.06756},
{2.60164,2.04968,3.06834},
{2.60199,2.04996,3.06913},
{2.60234,2.05025,3.06991},
{2.60269,2.05053,3.0707},
{2.60304,2.05081,3.07148},
{2.60339,2.05109,3.07227},
{2.60374,2.05137,3.07305},
{2.60409,2.05166,3.07384},
{2.60444,2.05194,3.07462},
{2.6048,2.05222,3.07541},
{2.60515,2.0525,3.07619},
{2.6055,2.05278,3.07698},
{2.60585,2.05307,3.07776},
{2.6062,2.05335,3.07855},
{2.60655,2.05363,3.07933},
{2.6069,2.05391,3.08012},
{2.60725,2.05419,3.0809},
{2.6076,2.05448,3.08169},
{2.60795,2.05476,3.08247},
{2.6083,2.05504,3.08326},
{2.60865,2.05532,3.08404},
{2.609,2.0556,3.08483},
{2.60935,2.05589,3.08561},
{2.6097,2.05617,3.0864},
{2.61005,2.05645,3.08719},
{2.6104,2.05673,3.08797},
{2.61075,2.05701,3.08876},
{2.61111,2.0573,3.08954},
{2.61146,2.05758,3.09033},
{2.61181,2.05786,3.09111},
{2.61216,2.05814,3.0919},
{2.61251,2.05842,3.09268},
{2.61286,2.05871,3.09347},
{2.61321,2.05899,3.09425},
{2.61356,2.05927,3.09504},
{2.61391,2.05955,3.09582},
{2.61426,2.05983,3.09661},
{2.61461,2.06012,3.09739},
{2.61496,2.0604,3.09818},
{2.61531,2.06068,3.09896},
{2.61566,2.06096,3.09975},
{2.61441,2.05997,3.09702},
{2.61471,2.06023,3.0978},
{2.61501,2.0605,3.09859},
{2.61531,2.06076,3.09937},
{2.61561,2.06103,3.10016},
{2.61591,2.06129,3.10094},
{2.61621,2.06155,3.10173},
{2.61651,2.06182,3.10252},
{2.61681,2.06208,3.1033},
{2.61711,2.06235,3.10409},
{2.61741,2.06261,3.10487},
{2.61771,2.06288,3.10566},
{2.61801,2.06314,3.10644},
{2.61831,2.0634,3.10723},
{2.61861,2.06367,3.10801},
{2.61891,2.06393,3.1088},
{2.61921,2.0642,3.10959},
{2.61951,2.06446,3.11037},
{2.61981,2.06472,3.11116},
{2.62011,2.06499,3.11194},
{2.62041,2.06525,3.11273},
{2.62071,2.06552,3.11351},
{2.62101,2.06578,3.1143},
{2.62131,2.06604,3.11509},
{2.62161,2.06631,3.11587},
{2.62191,2.06657,3.11666},
{2.62221,2.06684,3.11744},
{2.62251,2.0671,3.11823},
{2.62281,2.06736,3.11901},
{2.62311,2.06763,3.1198},
{2.62341,2.06789,3.12058},
{2.62371,2.06816,3.12137},
{2.62401,2.06842,3.12216},
{2.62431,2.06868,3.12294},
{2.62461,2.06895,3.12373},
{2.62491,2.06921,3.12451},
{2.62521,2.06948,3.1253},
{2.62551,2.06974,3.12608},
{2.62581,2.07,3.12687},
{2.62611,2.07027,3.12766},
{2.62641,2.07053,3.12844},
{2.62671,2.0708,3.12923},
{2.62701,2.07106,3.13001},
{2.62731,2.07132,3.1308},
{2.62761,2.07159,3.13158},
{2.62791,2.07185,3.13237},
{2.62821,2.07212,3.13315},
{2.62851,2.07238,3.13394},
{2.62881,2.07264,3.13473},
{2.62911,2.07291,3.13551},
{2.62941,2.07317,3.1363},
{2.62971,2.07344,3.13708},
{2.63001,2.0737,3.13787},
{2.63031,2.07396,3.13865},
{2.63061,2.07423,3.13944},
{2.63091,2.07449,3.14023},
{2.63121,2.07476,3.14101},
{2.63151,2.07502,-3.14139},
{2.63181,2.07528,-3.1406},
{2.63211,2.07555,-3.13982},
{2.63241,2.07581,-3.13903},
{2.63271,2.07608,-3.13825},
{2.63301,2.07634,-3.13746},
{2.63331,2.0766,-3.13667},
{2.63361,2.07687,-3.13589},
{2.63391,2.07713,-3.1351},
{2.63421,2.0774,-3.13432},
{2.63451,2.07766,-3.13353},
{2.63481,2.07792,-3.13275},
{2.63511,2.07819,-3.13196},
{2.63541,2.07845,-3.13118},
{2.63571,2.07872,-3.13039},
{2.63601,2.07898,-3.1296},
{2.63631,2.07924,-3.12882},
{2.63661,2.07951,-3.12803},
{2.63691,2.07977,-3.12725},
{2.63721,2.08004,-3.12646},
{2.63751,2.0803,-3.12568},
{2.63781,2.08056,-3.12489},
{2.63811,2.08083,-3.12411},
{2.63841,2.08109,-3.12332},
{2.63871,2.08136,-3.12253},
{2.63901,2.08162,-3.12175},
{2.63932,2.08188,-3.12096},
{2.63962,2.08215,-3.12018},
{2.63992,2.08241,-3.11939},
{2.64022,2.08268,-3.11861},
{2.63906,2.08166,-3.12162},
{2.63931,2.0819,-3.12083},
{2.63957,2.08215,-3.12005},
{2.63982,2.08239,-3.11926},
{2.64007,2.08263,-3.11848},
{2.64032,2.08287,-3.11769},
{2.64058,2.08311,-3.11691},
{2.64083,2.08335,-3.11612},
{2.64108,2.0836,-3.11534},
{2.64134,2.08384,-3.11455},
{2.64159,2.08408,-3.11377},
{2.64184,2.08432,-3.11298},
{2.64209,2.08456,-3.1122},
{2.64235,2.0848,-3.11141},
{2.6426,2.08505,-3.11063},
{2.64285,2.08529,-3.10984},
{2.6431,2.08553,-3.10905},
{2.64336,2.08577,-3.10827},
{2.64361,2.08601,-3.10748},
{2.64386,2.08625,-3.1067},
{2.64411,2.0865,-3.10591},
{2.64437,2.08674,-3.10513},
{2.64462,2.08698,-3.10434},
{2.64487,2.08722,-3.10356},
{2.64513,2.08746,-3.10277},
{2.64538,2.0877,-3.10199},
{2.64563,2.08795,-3.1012},
{2.64588,2.08819,-3.10042},
{2.64614,2.08843,-3.09963},
{2.64639,2.08867,-3.09885},
{2.64664,2.08891,-3.09806},
{2.64689,2.08915,-3.09728},
{2.64715,2.0894,-3.09649},
{2.6474,2.08964,-3.09571},
{2.64765,2.08988,-3.09492},
{2.6479,2.09012,-3.09414},
{2.64816,2.09036,-3.09335},
{2.64841,2.0906,-3.09257},
{2.64866,2.09085,-3.09178},
{2.64892,2.09109,-3.091},
{2.64917,2.09133,-3.09021},
{2.64942,2.09157,-3.08943},
{2.64967,2.09181,-3.08864},
{2.64993,2.09205,-3.08786},
{2.65018,2.0923,-3.08707},
{2.65043,2.09254,-3.08629},
{2.65068,2.09278,-3.0855},
{2.65094,2.09302,-3.08472},
{2.65119,2.09326,-3.08393},
{2.65144,2.0935,-3.08315},
{2.65169,2.09375,-3.08236},
{2.65195,2.09399,-3.08158},
{2.6522,2.09423,-3.08079},
{2.65245,2.09447,-3.08001},
{2.6527,2.09471,-3.07922},
{2.65296,2.09495,-3.07844},
{2.65321,2.09519,-3.07765},
{2.65346,2.09544,-3.07686},
{2.65372,2.09568,-3.07608},
{2.65397,2.09592,-3.07529},
{2.65422,2.09616,-3.07451},
{2.65447,2.0964,-3.07372},
{2.65473,2.09664,-3.07294},
{2.65498,2.09689,-3.07215},
{2.65523,2.09713,-3.07137},
{2.65548,2.09737,-3.07058},
{2.65574,2.09761,-3.0698},
{2.65599,2.09785,-3.06901},
{2.65624,2.09809,-3.06823},
{2.65649,2.09834,-3.06744},
{2.65675,2.09858,-3.06666},
{2.657,2.09882,-3.06587},
{2.65725,2.09906,-3.06509},
{2.65751,2.0993,-3.0643},
{2.65776,2.09954,-3.06352},
{2.65801,2.09979,-3.06273},
{2.65826,2.10003,-3.06195},
{2.65852,2.10027,-3.06116},
{2.65877,2.10051,-3.06038},
{2.65902,2.10075,-3.05959},
{2.65927,2.10099,-3.05881},
{2.65953,2.10124,-3.05802},
{2.65978,2.10148,-3.05724},
{2.65871,2.10046,-3.06051},
{2.65892,2.10068,-3.05972},
{2.65913,2.10089,-3.05894},
{2.65933,2.10111,-3.05815},
{2.65954,2.10132,-3.05736},
{2.65975,2.10154,-3.05658},
{2.65996,2.10176,-3.05579},
{2.66017,2.10197,-3.05501},
{2.66038,2.10219,-3.05422},
{2.66059,2.1024,-3.05344},
{2.66079,2.10262,-3.05265},
{2.661,2.10283,-3.05186},
{2.66121,2.10305,-3.05108},
{2.66142,2.10327,-3.05029},
{2.66163,2.10348,-3.04951},
{2.66184,2.1037,-3.04872},
{2.66205,2.10391,-3.04793},
{2.66225,2.10413,-3.04715},
{2.66246,2.10435,-3.04636},
{2.66267,2.10456,-3.04558},
{2.66288,2.10478,-3.04479},
{2.66309,2.10499,-3.04401},
{2.6633,2.10521,-3.04322},
{2.66351,2.10543,-3.04243},
{2.66371,2.10564,-3.04165},
{2.66392,2.10586,-3.04086},
{2.66413,2.10607,-3.04008},
{2.66434,2.10629,-3.03929},
{2.66455,2.1065,-3.03851},
{2.66476,2.10672,-3.03772},
{2.66497,2.10694,-3.03693},
{2.66517,2.10715,-3.03615},
{2.66538,2.10737,-3.03536},
{2.66559,2.10758,-3.03458},
{2.6658,2.1078,-3.03379},
{2.66601,2.10802,-3.03301},
{2.66622,2.10823,-3.03222},
{2.66643,2.10845,-3.03143},
{2.66664,2.10866,-3.03065},
{2.66684,2.10888,-3.02986},
{2.66705,2.1091,-3.02908},
{2.66726,2.10931,-3.02829},
{2.66747,2.10953,-3.02751},
{2.66768,2.10974,-3.02672},
{2.66789,2.10996,-3.02593},
{2.6681,2.11017,-3.02515},
{2.6683,2.11039,-3.02436},
{2.66851,2.11061,-3.02358},
{2.66872,2.11082,-3.02279},
{2.66893,2.11104,-3.02201},
{2.66914,2.11125,-3.02122},
{2.66935,2.11147,-3.02043},
{2.66956,2.11169,-3.01965},
{2.66976,2.1119,-3.01886},
{2.66997,2.11212,-3.01808},
{2.67018,2.11233,-3.01729},
{2.67039,2.11255,-3.01651},
{2.6706,2.11277,-3.01572},
{2.67081,2.11298,-3.01493},
{2.67102,2.1132,-3.01415},
{2.67122,2.11341,-3.01336},
{2.67143,2.11363,-3.01258},
{2.67164,2.11384,-3.01179},
{2.67185,2.11406,-3.011},
{2.67206,2.11428,-3.01022},
{2.67227,2.11449,-3.00943},
{2.67248,2.11471,-3.00865},
{2.67268,2.11492,-3.00786},
{2.67289,2.11514,-3.00708},
{2.6731,2.11536,-3.00629},
{2.67331,2.11557,-3.0055},
{2.67352,2.11579,-3.00472},
{2.67373,2.116,-3.00393},
{2.67394,2.11622,-3.00315},
{2.67414,2.11643,-3.00236},
{2.67435,2.11665,-3.00158},
{2.67456,2.11687,-3.00079},
{2.67477,2.11708,-3},
{2.6738,2.11609,-3.00352},
{2.67397,2.11628,-3.00274},
{2.67414,2.11647,-3.00195},
{2.67431,2.11665,-3.00117},
{2.67448,2.11684,-3.00038},
{2.67464,2.11703,-2.9996},
{2.67481,2.11722,-2.99881},
{2.67498,2.11741,-2.99803},
{2.67515,2.11759,-2.99724},
{2.67532,2.11778,-2.99646},
{2.67549,2.11797,-2.99567},
{2.67566,2.11816,-2.99489},
{2.67583,2.11835,-2.9941},
{2.67599,2.11853,-2.99332},
{2.67616,2.11872,-2.99253},
{2.67633,2.11891,-2.99175},
{2.6765,2.1191,-2.99096},
{2.67667,2.11928,-2.99018},
{2.67684,2.11947,-2.98939},
{2.67701,2.11966,-2.98861},
{2.67718,2.11985,-2.98783},
{2.67734,2.12004,-2.98704},
{2.67751,2.12022,-2.98626},
{2.67768,2.12041,-2.98547},
{2.67785,2.1206,-2.98469},
{2.67802,2.12079,-2.9839},
{2.67819,2.12098,-2.98312},
{2.67836,2.12116,-2.98233},
{2.67853,2.12135,-2.98155},
{2.6787,2.12154,-2.98076},
{2.67886,2.12173,-2.97998},
{2.67903,2.12192,-2.97919},
{2.6792,2.1221,-2.97841},
{2.67937,2.12229,-2.97762},
{2.67954,2.12248,-2.97684},
{2.67971,2.12267,-2.97605},
{2.67988,2.12286,-2.97527},
{2.68005,2.12304,-2.97448},
{2.68021,2.12323,-2.9737},
{2.68038,2.12342,-2.97291},
{2.68055,2.12361,-2.97213},
{2.68072,2.12379,-2.97134},
{2.68089,2.12398,-2.97056},
{2.68106,2.12417,-2.96977},
{2.68123,2.12436,-2.96899},
{2.6814,2.12455,-2.9682},
{2.68156,2.12473,-2.96742},
{2.68173,2.12492,-2.96663},
{2.6819,2.12511,-2.96585},
{2.68207,2.1253,-2.96506},
{2.68224,2.12549,-2.96428},
{2.68241,2.12567,-2.96349},
{2.68258,2.12586,-2.96271},
{2.68275,2.12605,-2.96192},
{2.68292,2.12624,-2.96114},
{2.68308,2.12643,-2.96035},
{2.68325,2.12661,-2.95957},
{2.68342,2.1268,-2.95878},
{2.68359,2.12699,-2.958},
{2.68376,2.12718,-2.95721},
{2.68393,2.12737,-2.95643},
{2.6841,2.12755,-2.95564},
{2.68427,2.12774,-2.95486},
{2.68443,2.12793,-2.95407},
{2.6846,2.12812,-2.95329},
{2.68477,2.1283,-2.9525},
{2.68494,2.12849,-2.95172},
{2.68511,2.12868,-2.95093},
{2.68528,2.12887,-2.95015},
{2.68545,2.12906,-2.94936},
{2.68562,2.12924,-2.94858},
{2.68578,2.12943,-2.94779},
{2.68495,2.12851,-2.95154},
{2.68508,2.12867,-2.95075},
{2.68521,2.12883,-2.94996},
{2.68535,2.12899,-2.94918},
{2.68548,2.12915,-2.94839},
{2.68561,2.1293,-2.9476},
{2.68575,2.12946,-2.94682},
{2.68588,2.12962,-2.94603},
{2.68601,2.12978,-2.94525},
{2.68615,2.12994,-2.94446},
{2.68628,2.1301,-2.94367},
{2.68641,2.13026,-2.94289},
{2.68654,2.13042,-2.9421},
{2.68668,2.13058,-2.94132},
{2.68681,2.13073,-2.94053},
{2.68694,2.13089,-2.93974},
{2.68708,2.13105,-2.93896},
{2.68721,2.13121,-2.93817},
{2.68734,2.13137,-2.93739},
{2.68748,2.13153,-2.9366},
{2.68761,2.13169,-2.93581},
{2.68774,2.13185,-2.93503},
{2.68787,2.13201,-2.93424},
{2.68801,2.13217,-2.93345},
{2.68814,2.13232,-2.93267},
{2.68827,2.13248,-2.93188},
{2.68841,2.13264,-2.9311},
{2.68854,2.1328,-2.93031},
{2.68867,2.13296,-2.92952},
{2.68881,2.13312,-2.92874},
{2.68894,2.13328,-2.92795},
{2.68907,2.13344,-2.92717},
{2.68921,2.1336,-2.92638},
{2.68934,2.13375,-2.92559},
{2.68947,2.13391,-2.92481},
{2.6896,2.13407,-2.92402},
{2.68974,2.13423,-2.92323},
{2.68987,2.13439,-2.92245},
{2.69,2.13455,-2.92166},
{2.69014,2.13471,-2.92088},
{2.69027,2.13487,-2.92009},
{2.6904,2.13503,-2.9193},
{2.69054,2.13518,-2.91852},
{2.69067,2.13534,-2.91773},
{2.6908,2.1355,-2.91695},
{2.69093,2.13566,-2.91616},
{2.69107,2.13582,-2.91537},
{2.6912,2.13598,-2.91459},
{2.69133,2.13614,-2.9138},
{2.69147,2.1363,-2.91302},
{2.6916,2.13646,-2.91223},
{2.69173,2.13661,-2.91144},
{2.69187,2.13677,-2.91066},
{2.692,2.13693,-2.90987},
{2.69213,2.13709,-2.90908},
{2.69227,2.13725,-2.9083},
{2.6924,2.13741,-2.90751},
{2.69253,2.13757,-2.90673},
{2.69266,2.13773,-2.90594},
{2.6928,2.13789,-2.90515},
{2.69293,2.13804,-2.90437},
{2.69306,2.1382,-2.90358},
{2.6932,2.13836,-2.9028},
{2.69333,2.13852,-2.90201},
{2.69346,2.13868,-2.90122},
{2.6936,2.13884,-2.90044},
{2.69291,2.13802,-2.9044},
{2.69301,2.13815,-2.90361},
{2.69311,2.13828,-2.90283},
{2.69321,2.13841,-2.90204},
{2.69331,2.13854,-2.90126},
{2.69342,2.13867,-2.90048},
{2.69352,2.1388,-2.89969},
{2.69362,2.13893,-2.89891},
{2.69372,2.13906,-2.89812},
{2.69382,2.13919,-2.89734},
{2.69393,2.13932,-2.89656},
{2.69403,2.13945,-2.89577},
{2.69413,2.13958,-2.89499},
{2.69423,2.13971,-2.8942},
{2.69433,2.13984,-2.89342},
{2.69444,2.13997,-2.89264},
{2.69454,2.1401,-2.89185},
{2.69464,2.14023,-2.89107},
{2.69474,2.14036,-2.89028},
{2.69484,2.14049,-2.8895},
{2.69494,2.14062,-2.88871},
{2.69505,2.14075,-2.88793},
{2.69515,2.14088,-2.88715},
{2.69525,2.14101,-2.88636},
{2.69535,2.14114,-2.88558},
{2.69545,2.14127,-2.88479},
{2.69556,2.1414,-2.88401},
{2.69566,2.14153,-2.88323},
{2.69576,2.14166,-2.88244},
{2.69586,2.14179,-2.88166},
{2.69596,2.14192,-2.88087},
{2.69607,2.14205,-2.88009},
{2.69617,2.14218,-2.87931},
{2.69627,2.14231,-2.87852},
{2.69637,2.14244,-2.87774},
{2.69647,2.14257,-2.87695},
{2.69658,2.1427,-2.87617},
{2.69668,2.14283,-2.87539},
{2.69678,2.14296,-2.8746},
{2.69688,2.14309,-2.87382},
{2.69698,2.14322,-2.87303},
{2.69709,2.14335,-2.87225},
{2.69719,2.14348,-2.87147},
{2.69729,2.14361,-2.87068},
{2.69739,2.14374,-2.8699},
{2.69749,2.14387,-2.86911},
{2.6976,2.144,-2.86833},
{2.6977,2.14413,-2.86755},
{2.6978,2.14426,-2.86676},
{2.6979,2.14439,-2.86598},
{2.698,2.14452,-2.86519},
{2.6981,2.14465,-2.86441},
{2.69821,2.14478,-2.86362},
{2.69831,2.14491,-2.86284},
{2.69841,2.14504,-2.86206},
{2.69851,2.14517,-2.86127},
{2.69861,2.1453,-2.86049},
{2.69872,2.14543,-2.8597},
{2.69882,2.14556,-2.85892},
{2.69892,2.14569,-2.85814},
{2.69837,2.14499,-2.86227},
{2.69845,2.14509,-2.86148},
{2.69852,2.14519,-2.86069},
{2.6986,2.14529,-2.85991},
{2.69867,2.1454,-2.85912},
{2.69875,2.1455,-2.85833},
{2.69882,2.1456,-2.85754},
{2.6989,2.1457,-2.85675},
{2.69897,2.1458,-2.85596},
{2.69905,2.14591,-2.85517},
{2.69912,2.14601,-2.85438},
{2.6992,2.14611,-2.85359},
{2.69927,2.14621,-2.8528},
{2.69935,2.14631,-2.85202},
{2.69942,2.14642,-2.85123},
{2.69949,2.14652,-2.85044},
{2.69957,2.14662,-2.84965},
{2.69964,2.14672,-2.84886},
{2.69972,2.14682,-2.84807},
{2.69979,2.14693,-2.84728},
{2.69987,2.14703,-2.84649},
{2.69994,2.14713,-2.8457},
{2.70002,2.14723,-2.84492},
{2.70009,2.14733,-2.84413},
{2.70017,2.14744,-2.84334},
{2.70024,2.14754,-2.84255},
{2.70032,2.14764,-2.84176},
{2.70039,2.14774,-2.84097},
{2.70047,2.14784,-2.84018},
{2.70054,2.14794,-2.83939},
{2.70062,2.14805,-2.8386},
{2.70069,2.14815,-2.83781},
{2.70077,2.14825,-2.83703},
{2.70084,2.14835,-2.83624},
{2.70092,2.14845,-2.83545},
{2.70099,2.14856,-2.83466},
{2.70107,2.14866,-2.83387},
{2.70114,2.14876,-2.83308},
{2.70122,2.14886,-2.83229},
{2.70129,2.14896,-2.8315},
{2.70137,2.14907,-2.83071},
{2.70144,2.14917,-2.82993},
{2.70152,2.14927,-2.82914},
{2.70159,2.14937,-2.82835},
{2.70167,2.14947,-2.82756},
{2.70174,2.14958,-2.82677},
{2.70182,2.14968,-2.82598},
{2.70189,2.14978,-2.82519},
{2.70197,2.14988,-2.8244},
{2.70204,2.14998,-2.82361},
{2.70212,2.15009,-2.82283},
{2.70219,2.15019,-2.82204},
{2.70227,2.15029,-2.82125},
{2.70234,2.15039,-2.82046},
{2.70192,2.14982,-2.82481},
{2.70197,2.14989,-2.82407},
{2.70202,2.14997,-2.82332},
{2.70208,2.15005,-2.82258},
{2.70213,2.15012,-2.82183},
{2.70218,2.1502,-2.82109},
{2.70223,2.15027,-2.82034},
{2.70229,2.15035,-2.81959},
{2.70234,2.15043,-2.81885},
{2.70239,2.1505,-2.8181},
{2.70244,2.15058,-2.81736},
{2.7025,2.15065,-2.81661},
{2.70255,2.15073,-2.81587},
{2.7026,2.15081,-2.81512},
{2.70265,2.15088,-2.81437},
{2.70271,2.15096,-2.81363},
{2.70276,2.15103,-2.81288},
{2.70281,2.15111,-2.81214},
{2.70286,2.15119,-2.81139},
{2.70292,2.15126,-2.81065},
{2.70297,2.15134,-2.8099},
{2.70302,2.15141,-2.80916},
{2.70307,2.15149,-2.80841},
{2.70313,2.15156,-2.80766},
{2.70318,2.15164,-2.80692},
{2.70323,2.15172,-2.80617},
{2.70328,2.15179,-2.80543},
{2.70334,2.15187,-2.80468},
{2.70339,2.15194,-2.80394},
{2.70344,2.15202,-2.80319},
{2.70349,2.1521,-2.80244},
{2.70354,2.15217,-2.8017},
{2.7036,2.15225,-2.80095},
{2.70365,2.15232,-2.80021},
{2.7037,2.1524,-2.79946},
{2.70375,2.15248,-2.79872},
{2.70381,2.15255,-2.79797},
{2.70386,2.15263,-2.79722},
{2.70391,2.1527,-2.79648},
{2.70396,2.15278,-2.79573},
{2.70402,2.15286,-2.79499},
{2.70407,2.15293,-2.79424},
{2.70412,2.15301,-2.7935},
{2.70417,2.15308,-2.79275},
{2.70423,2.15316,-2.79201},
{2.70428,2.15323,-2.79126},
{2.70433,2.15331,-2.79051},
{2.70403,2.15288,-2.79476},
{2.70407,2.15293,-2.79418},
{2.7041,2.15298,-2.7936},
{2.70413,2.15304,-2.79302},
{2.70417,2.15309,-2.79244},
{2.7042,2.15314,-2.79186},
{2.70424,2.15319,-2.79128},
{2.70427,2.15325,-2.7907},
{2.7043,2.1533,-2.79012},
{2.70434,2.15335,-2.78954},
{2.70437,2.1534,-2.78896},
{2.70441,2.15346,-2.78838},
{2.70444,2.15351,-2.7878},
{2.70447,2.15356,-2.78723},
{2.70451,2.15361,-2.78665},
{2.70454,2.15367,-2.78607},
{2.70458,2.15372,-2.78549},
{2.70461,2.15377,-2.78491},
{2.70464,2.15382,-2.78433},
{2.70468,2.15388,-2.78375},
{2.70471,2.15393,-2.78317},
{2.70475,2.15398,-2.78259},
{2.70478,2.15403,-2.78201},
{2.70481,2.15409,-2.78143},
{2.70485,2.15414,-2.78085},
{2.70488,2.15419,-2.78027},
{2.70492,2.15424,-2.77969},
{2.70495,2.1543,-2.77911},
{2.70498,2.15435,-2.77853},
{2.70502,2.1544,-2.77795},
{2.70505,2.15445,-2.77737},
{2.70509,2.15451,-2.7768},
{2.70512,2.15456,-2.77622},
{2.70515,2.15461,-2.77564},
{2.70519,2.15466,-2.77506},
{2.70522,2.15472,-2.77448},
{2.70526,2.15477,-2.7739},
{2.70529,2.15482,-2.77332},
{2.70532,2.15487,-2.77274},
{2.70536,2.15493,-2.77216},
{2.70539,2.15498,-2.77158},
{2.70519,2.15467,-2.77503},
{2.70521,2.1547,-2.77466},
{2.70523,2.15473,-2.77429},
{2.70525,2.15477,-2.77392},
{2.70527,2.1548,-2.77355},
{2.70529,2.15483,-2.77318},
{2.70531,2.15486,-2.77281},
{2.70533,2.1549,-2.77244},
{2.70535,2.15493,-2.77207},
{2.70537,2.15496,-2.7717},
{2.70539,2.155,-2.77133},
{2.70541,2.15503,-2.77096},
{2.70543,2.15506,-2.77059},
{2.70545,2.15509,-2.77022},
{2.70547,2.15513,-2.76985},
{2.70549,2.15516,-2.76948},
{2.70551,2.15519,-2.76911},
{2.70553,2.15523,-2.76874},
{2.70555,2.15526,-2.76837},
{2.70557,2.15529,-2.768},
{2.70559,2.15532,-2.76763},
{2.70561,2.15536,-2.76726},
{2.70563,2.15539,-2.76689},
{2.70565,2.15542,-2.76652},
{2.70567,2.15546,-2.76615},
{2.7057,2.15549,-2.76578},
{2.70572,2.15552,-2.76541},
{2.70574,2.15555,-2.76504},
{2.70576,2.15559,-2.76467},
{2.70578,2.15562,-2.7643},
{2.7058,2.15565,-2.76393},
{2.70582,2.15569,-2.76356},
{2.70584,2.15572,-2.76319},
{2.70586,2.15575,-2.76282},
{2.70573,2.15555,-2.7651},
{2.70574,2.15557,-2.76489},
{2.70575,2.15559,-2.76469},
{2.70576,2.1556,-2.76449},
{2.70578,2.15562,-2.76429},
{2.70579,2.15564,-2.76409},
{2.7058,2.15566,-2.76389},
{2.70581,2.15568,-2.76369},
{2.70582,2.15569,-2.76349},
{2.70583,2.15571,-2.76328},
{2.70584,2.15573,-2.76308},
{2.70585,2.15575,-2.76288},
{2.70586,2.15576,-2.76268},
{2.70587,2.15578,-2.76248},
{2.70588,2.1558,-2.76228},
{2.70589,2.15582,-2.76208},
{2.7059,2.15584,-2.76188},
{2.70591,2.15585,-2.76168},
{2.70593,2.15587,-2.76147},
{2.70594,2.15589,-2.76127},
{2.70595,2.15591,-2.76107},
{2.70596,2.15593,-2.76087},
{2.70597,2.15594,-2.76067},
{2.70598,2.15596,-2.76047},
{2.70599,2.15598,-2.76027},
{2.706,2.156,-2.76007},
{2.70601,2.15601,-2.75986},
{2.70594,2.1559,-2.76114},
{2.70595,2.15591,-2.76106},
{2.70595,2.15592,-2.76097},
{2.70596,2.15592,-2.76089},
{2.70596,2.15593,-2.7608},
{2.70596,2.15594,-2.76072},
{2.70597,2.15595,-2.76063},
{2.70597,2.15595,-2.76055},
{2.70598,2.15596,-2.76046},
{2.70598,2.15597,-2.76038},
{2.70599,2.15597,-2.76029},
{2.70599,2.15598,-2.76021},
{2.70599,2.15599,-2.76012},
{2.706,2.156,-2.76004},
{2.706,2.156,-2.75995},
{2.70601,2.15601,-2.75987},
{2.70601,2.15602,-2.75979},
{2.70601,2.15603,-2.7597},
{2.70602,2.15603,-2.75962},
{2.70602,2.15604,-2.75953},
{2.706,2.15599,-2.76009},
{2.706,2.15599,-2.76007},
{2.706,2.156,-2.76005},
{2.706,2.156,-2.76003},
{2.706,2.156,-2.76002},
{2.706,2.156,-2.76},
{2.706,2.156,-2.75998},
{2.706,2.156,-2.75996},
{2.706,2.15601,-2.75994},
{2.706,2.15601,-2.75992},
{2.70601,2.15601,-2.7599},
{2.70601,2.15601,-2.75988},
{2.70601,2.15601,-2.75986},
{2.706,2.156,-2.76}