{5.754,0.462,1.151917326794},
{5.75399,0.462023,1.151945326794},
{5.75399,0.462035,1.151960326794},
{5.75399,0.462047,1.151975326794},
{5.75396,0.462125,1.152070326794},
{5.75395,0.462154,1.152105326794},
{5.75394,0.462182,1.152141326794},
{5.75393,0.462211,1.152177326794},
{5.75393,0.46224,1.152212326794},
{5.75392,0.462269,1.152248326794},
{5.75391,0.462298,1.152284326794},
{5.7539,0.462327,1.152319326794},
{5.75389,0.462356,1.152355326794},
{5.75383,0.462536,1.152577326794},
{5.75382,0.462589,1.152643326794},
{5.7538,0.462642,1.152709326794},
{5.75378,0.462695,1.152775326794},
{5.75377,0.462748,1.152841326794},
{5.75375,0.4628,1.152907326794},
{5.75373,0.462853,1.152973326794},
{5.75372,0.462906,1.153039326794},
{5.7537,0.462959,1.153105326794},
{5.75369,0.463012,1.153171326794},
{5.75367,0.463065,1.153238326794},
{5.75365,0.463118,1.153304326794},
{5.75364,0.463171,1.153370326794},
{5.75362,0.463224,1.153436326794},
{5.75352,0.463545,1.153836326794},
{5.75349,0.463629,1.153942326794},
{5.75347,0.463713,1.154047326794},
{5.75344,0.463797,1.154153326794},
{5.75341,0.463881,1.154259326794},
{5.75339,0.463965,1.154365326794},
{5.75336,0.464049,1.154470326794},
{5.75334,0.464132,1.154576326794},
{5.75331,0.464216,1.154682326794},
{5.75328,0.4643,1.154788326794},
{5.75326,0.464384,1.154893326794},
{5.75323,0.464468,1.154999326794},
{5.7532,0.464552,1.155105326794},
{5.75318,0.464636,1.155210326794},
{5.75315,0.46472,1.155316326794},
{5.75313,0.464804,1.155422326794},
{5.7531,0.464888,1.155528326794},
{5.75307,0.464972,1.155633326794},
{5.75305,0.465056,1.155739326794},
{5.75302,0.46514,1.155845326794},
{5.75285,0.465673,1.156515326794},
{5.75282,0.465794,1.156666326794},
{5.75278,0.465916,1.156817326794},
{5.75274,0.466037,1.156968326794},
{5.7527,0.466159,1.157119326794},
{5.75266,0.46628,1.157270326794},
{5.75263,0.466401,1.157421326794},
{5.75259,0.466523,1.157572326794},
{5.75255,0.466644,1.157723326794},
{5.75251,0.466766,1.157874326794},
{5.75247,0.466887,1.158025326794},
{5.75243,0.467008,1.158176326794},
{5.7524,0.46713,1.158327326794},
{5.75236,0.467251,1.158478326794},
{5.75232,0.467372,1.158629326794},
{5.75228,0.467494,1.158780326794},
{5.75224,0.467615,1.158931326794},
{5.75221,0.467737,1.159082326794},
{5.75217,0.467858,1.159233326794},
{5.75213,0.467979,1.159384326794},
{5.75209,0.468101,1.159535326794},
{5.75205,0.468222,1.159686326794},
{5.75201,0.468344,1.159837326794},
{5.75198,0.468465,1.159988326794},
{5.75174,0.469208,1.160907326794},
{5.75169,0.469372,1.161104326794},
{5.75164,0.469537,1.161301326794},
{5.75159,0.469701,1.161498326794},
{5.75153,0.469866,1.161696326794},
{5.75148,0.47003,1.161893326794},
{5.75143,0.470194,1.162090326794},
{5.75138,0.470359,1.162287326794},
{5.75132,0.470523,1.162485326794},
{5.75127,0.470688,1.162682326794},
{5.75122,0.470852,1.162879326794},
{5.75117,0.471016,1.163076326794},
{5.75111,0.471181,1.163274326794},
{5.75106,0.471345,1.163471326794},
{5.75101,0.47151,1.163668326794},
{5.75096,0.471674,1.163865326794},
{5.7509,0.471839,1.164062326794},
{5.75085,0.472003,1.164260326794},
{5.7508,0.472167,1.164457326794},
{5.75075,0.472332,1.164654326794},
{5.75069,0.472496,1.164851326794},
{5.75064,0.472661,1.165049326794},
{5.75059,0.472825,1.165246326794},
{5.75054,0.47299,1.165443326794},
{5.75049,0.473154,1.165640326794},
{5.75043,0.473318,1.165838326794},
{5.75038,0.473483,1.166035326794},
{5.75033,0.473647,1.166232326794},
{5.75028,0.473812,1.166429326794},
{5.74996,0.47479,1.167594326794},
{5.74989,0.475002,1.167835326794},
{5.74983,0.475214,1.168076326794},
{5.74976,0.475427,1.168317326794},
{5.74969,0.475639,1.168558326794},
{5.74962,0.475851,1.168799326794},
{5.74955,0.476063,1.169039326794},
{5.74948,0.476276,1.169280326794},
{5.74941,0.476488,1.169521326794},
{5.74934,0.4767,1.169762326794},
{5.74927,0.476912,1.170003326794},
{5.7492,0.477125,1.170244326794},
{5.74914,0.477337,1.170485326794},
{5.74907,0.477549,1.170726326794},
{5.749,0.477762,1.170967326794},
{5.74893,0.477974,1.171208326794},
{5.74886,0.478186,1.171449326794},
{5.74879,0.478398,1.171690326794},
{5.74872,0.478611,1.171930326794},
{5.74865,0.478823,1.172171326794},
{5.74858,0.479035,1.172412326794},
{5.74851,0.479247,1.172653326794},
{5.74845,0.47946,1.172894326794},
{5.74838,0.479672,1.173135326794},
{5.74831,0.479884,1.173376326794},
{5.74824,0.480096,1.173617326794},
{5.74817,0.480309,1.173858326794},
{5.7481,0.480521,1.174099326794},
{5.74803,0.480733,1.174340326794},
{5.74796,0.480945,1.174581326794},
{5.74789,0.481158,1.174821326794},
{5.74782,0.48137,1.175062326794},
{5.74776,0.481582,1.175303326794},
{5.74769,0.481794,1.175544326794},
{5.74728,0.483032,1.176932326794},
{5.74719,0.483296,1.177210326794},
{5.74711,0.48356,1.177489326794},
{5.74702,0.483824,1.177767326794},
{5.74693,0.484088,1.178046326794},
{5.74684,0.484352,1.178325326794},
{5.74675,0.484616,1.178603326794},
{5.74666,0.48488,1.178882326794},
{5.74658,0.485144,1.179161326794},
{5.74649,0.485408,1.179439326794},
{5.7464,0.485672,1.179718326794},
{5.74631,0.485936,1.179997326794},
{5.74622,0.4862,1.180275326794},
{5.74614,0.486464,1.180554326794},
{5.74605,0.486728,1.180832326794},
{5.74596,0.486992,1.181111326794},
{5.74587,0.487256,1.181390326794},
{5.74578,0.487519,1.181668326794},
{5.74569,0.487783,1.181947326794},
{5.74561,0.488047,1.182226326794},
{5.74552,0.488311,1.182504326794},
{5.74543,0.488575,1.182783326794},
{5.74534,0.488839,1.183061326794},
{5.74525,0.489103,1.183340326794},
{5.74517,0.489367,1.183619326794},
{5.74508,0.489631,1.183897326794},
{5.74499,0.489895,1.184176326794},
{5.7449,0.490159,1.184455326794},
{5.74481,0.490423,1.184733326794},
{5.74472,0.490687,1.185012326794},
{5.74464,0.490951,1.185291326794},
{5.74455,0.491215,1.185569326794},
{5.74446,0.491479,1.185848326794},
{5.74437,0.491743,1.186126326794},
{5.74428,0.492007,1.186405326794},
{5.7442,0.492271,1.186684326794},
{5.74411,0.492534,1.186962326794},
{5.74402,0.492798,1.187241326794},
{5.74353,0.494266,1.188778326794},
{5.74342,0.494584,1.189085326794},
{5.74331,0.494903,1.189392326794},
{5.7432,0.495221,1.189700326794},
{5.74309,0.49554,1.190007326794},
{5.74298,0.495858,1.190315326794},
{5.74287,0.496177,1.190622326794},
{5.74276,0.496495,1.190929326794},
{5.74265,0.496813,1.191237326794},
{5.74254,0.497132,1.191544326794},
{5.74243,0.49745,1.191851326794},
{5.74232,0.497769,1.192159326794},
{5.74221,0.498087,1.192466326794},
{5.7421,0.498406,1.192774326794},
{5.74199,0.498724,1.193081326794},
{5.74188,0.499043,1.193388326794},
{5.74177,0.499361,1.193696326794},
{5.74166,0.49968,1.194003326794},
{5.74155,0.499998,1.194311326794},
{5.74144,0.500317,1.194618326794},
{5.74133,0.500635,1.194925326794},
{5.74122,0.500954,1.195233326794},
{5.7411,0.501272,1.195540326794},
{5.74099,0.501591,1.195848326794},
{5.74088,0.501909,1.196155326794},
{5.74077,0.502228,1.196462326794},
{5.74066,0.502546,1.196770326794},
{5.74055,0.502864,1.197077326794},
{5.74044,0.503183,1.197385326794},
{5.74033,0.503501,1.197692326794},
{5.74022,0.50382,1.197999326794},
{5.74011,0.504138,1.198307326794},
{5.74,0.504457,1.198614326794},
{5.73989,0.504775,1.198921326794},
{5.73978,0.505094,1.199229326794},
{5.73967,0.505412,1.199536326794},
{5.73956,0.505731,1.199844326794},
{5.73945,0.506049,1.200151326794},
{5.73934,0.506368,1.200458326794},
{5.73923,0.506686,1.200766326794},
{5.73912,0.507005,1.201073326794},
{5.73901,0.507323,1.201381326794},
{5.7389,0.507642,1.201688326794},
{5.73831,0.509359,1.203326326794},
{5.73817,0.509734,1.203651326794},
{5.73804,0.510108,1.203976326794},
{5.7379,0.510483,1.204300326794},
{5.73777,0.510858,1.204625326794},
{5.73763,0.511233,1.204950326794},
{5.7375,0.511607,1.205275326794},
{5.73736,0.511982,1.205600326794},
{5.73723,0.512357,1.205925326794},
{5.73709,0.512732,1.206249326794},
{5.73696,0.513107,1.206574326794},
{5.73682,0.513481,1.206899326794},
{5.73669,0.513856,1.207224326794},
{5.73655,0.514231,1.207549326794},
{5.73642,0.514606,1.207874326794},
{5.73628,0.51498,1.208198326794},
{5.73615,0.515355,1.208523326794},
{5.73601,0.51573,1.208848326794},
{5.73588,0.516105,1.209173326794},
{5.73574,0.51648,1.209498326794},
{5.73561,0.516854,1.209823326794},
{5.73547,0.517229,1.210147326794},
{5.73534,0.517604,1.210472326794},
{5.7352,0.517979,1.210797326794},
{5.73507,0.518353,1.211122326794},
{5.73493,0.518728,1.211447326794},
{5.7348,0.519103,1.211772326794},
{5.73466,0.519478,1.212096326794},
{5.73453,0.519852,1.212421326794},
{5.73439,0.520227,1.212746326794},
{5.73426,0.520602,1.213071326794},
{5.73412,0.520977,1.213396326794},
{5.73399,0.521352,1.213721326794},
{5.73385,0.521726,1.214045326794},
{5.73372,0.522101,1.214370326794},
{5.73358,0.522476,1.214695326794},
{5.73345,0.522851,1.215020326794},
{5.73331,0.523225,1.215345326794},
{5.73318,0.5236,1.215670326794},
{5.73304,0.523975,1.215995326794},
{5.73291,0.52435,1.216319326794},
{5.73277,0.524724,1.216644326794},
{5.73264,0.525099,1.216969326794},
{5.7325,0.525474,1.217294326794},
{5.73237,0.525849,1.217619326794},
{5.73223,0.526224,1.217944326794},
{5.7321,0.526598,1.218268326794},
{5.7314,0.528532,1.219929326794},
{5.73124,0.528964,1.220259326794},
{5.73108,0.529396,1.220589326794},
{5.73091,0.529828,1.220918326794},
{5.73075,0.530259,1.221248326794},
{5.73059,0.530691,1.221578326794},
{5.73043,0.531123,1.221907326794},
{5.73026,0.531555,1.222237326794},
{5.7301,0.531987,1.222567326794},
{5.72994,0.532418,1.222896326794},
{5.72978,0.53285,1.223226326794},
{5.72961,0.533282,1.223556326794},
{5.72945,0.533714,1.223885326794},
{5.72929,0.534146,1.224215326794},
{5.72913,0.534577,1.224545326794},
{5.72896,0.535009,1.224874326794},
{5.7288,0.535441,1.225204326794},
{5.72864,0.535873,1.225534326794},
{5.72848,0.536305,1.225864326794},
{5.72831,0.536736,1.226193326794},
{5.72815,0.537168,1.226523326794},
{5.72799,0.5376,1.226853326794},
{5.72783,0.538032,1.227182326794},
{5.72766,0.538464,1.227512326794},
{5.7275,0.538895,1.227842326794},
{5.72734,0.539327,1.228171326794},
{5.72718,0.539759,1.228501326794},
{5.72701,0.540191,1.228831326794},
{5.72685,0.540623,1.229160326794},
{5.72669,0.541054,1.229490326794},
{5.72653,0.541486,1.229820326794},
{5.72636,0.541918,1.230149326794},
{5.7262,0.54235,1.230479326794},
{5.72604,0.542782,1.230809326794},
{5.72588,0.543213,1.231138326794},
{5.72571,0.543645,1.231468326794},
{5.72555,0.544077,1.231798326794},
{5.72539,0.544509,1.232127326794},
{5.72523,0.544941,1.232457326794},
{5.72506,0.545372,1.232787326794},
{5.7249,0.545804,1.233116326794},
{5.72474,0.546236,1.233446326794},
{5.72458,0.546668,1.233776326794},
{5.72441,0.5471,1.234105326794},
{5.72425,0.547532,1.234435326794},
{5.72409,0.547963,1.234765326794},
{5.72393,0.548395,1.235094326794},
{5.72376,0.548827,1.235424326794},
{5.7236,0.549259,1.235754326794},
{5.72344,0.549691,1.236083326794},
{5.72328,0.550122,1.236413326794},
{5.72248,0.552241,1.238029326794},
{5.72228,0.55273,1.238351326794},
{5.72209,0.553218,1.238672326794},
{5.7219,0.553707,1.238994326794},
{5.72171,0.554195,1.239316326794},
{5.72151,0.554684,1.239637326794},
{5.72132,0.555172,1.239959326794},
{5.72113,0.555661,1.240281326794},
{5.72094,0.556149,1.240602326794},
{5.72075,0.556638,1.240924326794},
{5.72055,0.557126,1.241246326794},
{5.72036,0.557615,1.241568326794},
{5.72017,0.558103,1.241889326794},
{5.71998,0.558592,1.242211326794},
{5.71978,0.559081,1.242533326794},
{5.71959,0.559569,1.242854326794},
{5.7194,0.560058,1.243176326794},
{5.71921,0.560546,1.243498326794},
{5.71901,0.561035,1.243819326794},
{5.71882,0.561523,1.244141326794},
{5.71863,0.562012,1.244463326794},
{5.71844,0.5625,1.244784326794},
{5.71824,0.562989,1.245106326794},
{5.71805,0.563477,1.245428326794},
{5.71786,0.563966,1.245750326794},
{5.71767,0.564454,1.246071326794},
{5.71747,0.564943,1.246393326794},
{5.71728,0.565431,1.246715326794},
{5.71709,0.56592,1.247036326794},
{5.7169,0.566408,1.247358326794},
{5.7167,0.566897,1.247680326794},
{5.71651,0.567385,1.248001326794},
{5.71632,0.567874,1.248323326794},
{5.71613,0.568362,1.248645326794},
{5.71593,0.568851,1.248967326794},
{5.71574,0.56934,1.249288326794},
{5.71555,0.569828,1.249610326794},
{5.71536,0.570317,1.249932326794},
{5.71516,0.570805,1.250253326794},
{5.71497,0.571294,1.250575326794},
{5.71478,0.571782,1.250897326794},
{5.71459,0.572271,1.251218326794},
{5.71439,0.572759,1.251540326794},
{5.7142,0.573248,1.251862326794},
{5.71401,0.573736,1.252184326794},
{5.71382,0.574225,1.252505326794},
{5.71362,0.574713,1.252827326794},
{5.71343,0.575202,1.253149326794},
{5.71324,0.57569,1.253470326794},
{5.71305,0.576179,1.253792326794},
{5.71285,0.576667,1.254114326794},
{5.71266,0.577156,1.254435326794},
{5.71247,0.577644,1.254757326794},
{5.71228,0.578133,1.255079326794},
{5.71208,0.578622,1.255401326794},
{5.71189,0.57911,1.255722326794},
{5.71096,0.581443,1.257211326794},
{5.71074,0.581987,1.257513326794},
{5.71052,0.582531,1.257815326794},
{5.71029,0.583075,1.258117326794},
{5.71007,0.583619,1.258419326794},
{5.70984,0.584163,1.258721326794},
{5.70962,0.584707,1.259023326794},
{5.70939,0.585251,1.259325326794},
{5.70917,0.585795,1.259627326794},
{5.70895,0.586339,1.259929326794},
{5.70872,0.586883,1.260231326794},
{5.7085,0.587427,1.260533326794},
{5.70827,0.587971,1.260835326794},
{5.70805,0.588515,1.261137326794},
{5.70783,0.589059,1.261439326794},
{5.7076,0.589603,1.261741326794},
{5.70738,0.590147,1.262043326794},
{5.70715,0.590691,1.262345326794},
{5.70693,0.591235,1.262647326794},
{5.7067,0.591779,1.262949326794},
{5.70648,0.592323,1.263251326794},
{5.70626,0.592867,1.263552326794},
{5.70603,0.593411,1.263854326794},
{5.70581,0.593955,1.264156326794},
{5.70558,0.594499,1.264458326794},
{5.70536,0.595043,1.264760326794},
{5.70513,0.595587,1.265062326794},
{5.70491,0.596131,1.265364326794},
{5.70469,0.596675,1.265666326794},
{5.70446,0.597219,1.265968326794},
{5.70424,0.597763,1.266270326794},
{5.70401,0.598307,1.266572326794},
{5.70379,0.598851,1.266874326794},
{5.70357,0.599395,1.267176326794},
{5.70334,0.599939,1.267478326794},
{5.70312,0.600483,1.267780326794},
{5.70289,0.601027,1.268082326794},
{5.70267,0.601571,1.268384326794},
{5.70244,0.602115,1.268686326794},
{5.70222,0.602659,1.268988326794},
{5.702,0.603203,1.269290326794},
{5.70177,0.603747,1.269592326794},
{5.70155,0.604291,1.269894326794},
{5.70132,0.604835,1.270196326794},
{5.7011,0.605379,1.270498326794},
{5.70087,0.605923,1.270800326794},
{5.70065,0.606467,1.271102326794},
{5.70043,0.607011,1.271404326794},
{5.7002,0.607555,1.271706326794},
{5.69998,0.608099,1.272008326794},
{5.69975,0.608643,1.272310326794},
{5.69953,0.609187,1.272612326794},
{5.69931,0.609731,1.272914326794},
{5.69908,0.610275,1.273216326794},
{5.69886,0.610819,1.273518326794},
{5.69863,0.611363,1.273820326794},
{5.69841,0.611907,1.274121326794},
{5.69818,0.612451,1.274423326794},
{5.69796,0.612995,1.274725326794},
{5.69693,0.615463,1.276039326794},
{5.69668,0.61606,1.276311326794},
{5.69642,0.616658,1.276584326794},
{5.69616,0.617255,1.276857326794},
{5.69591,0.617852,1.277129326794},
{5.69565,0.61845,1.277402326794},
{5.69539,0.619047,1.277674326794},
{5.69513,0.619645,1.277947326794},
{5.69488,0.620242,1.278220326794},
{5.69462,0.62084,1.278492326794},
{5.69436,0.621437,1.278765326794},
{5.69411,0.622035,1.279037326794},
{5.69385,0.622632,1.279310326794},
{5.69359,0.62323,1.279583326794},
{5.69334,0.623827,1.279855326794},
{5.69308,0.624424,1.280128326794},
{5.69282,0.625022,1.280400326794},
{5.69257,0.625619,1.280673326794},
{5.69231,0.626217,1.280946326794},
{5.69205,0.626814,1.281218326794},
{5.6918,0.627412,1.281491326794},
{5.69154,0.628009,1.281763326794},
{5.69128,0.628607,1.282036326794},
{5.69103,0.629204,1.282309326794},
{5.69077,0.629802,1.282581326794},
{5.69051,0.630399,1.282854326794},
{5.69025,0.630997,1.283126326794},
{5.69,0.631594,1.283399326794},
{5.68974,0.632191,1.283672326794},
{5.68948,0.632789,1.283944326794},
{5.68923,0.633386,1.284217326794},
{5.68897,0.633984,1.284489326794},
{5.68871,0.634581,1.284762326794},
{5.68846,0.635179,1.285035326794},
{5.6882,0.635776,1.285307326794},
{5.68794,0.636374,1.285580326794},
{5.68769,0.636971,1.285852326794},
{5.68743,0.637569,1.286125326794},
{5.68717,0.638166,1.286398326794},
{5.68692,0.638763,1.286670326794},
{5.68666,0.639361,1.286943326794},
{5.6864,0.639958,1.287215326794},
{5.68615,0.640556,1.287488326794},
{5.68589,0.641153,1.287761326794},
{5.68563,0.641751,1.288033326794},
{5.68537,0.642348,1.288306326794},
{5.68512,0.642946,1.288578326794},
{5.68486,0.643543,1.288851326794},
{5.6846,0.644141,1.289124326794},
{5.68435,0.644738,1.289396326794},
{5.68409,0.645335,1.289669326794},
{5.68383,0.645933,1.289941326794},
{5.68358,0.64653,1.290214326794},
{5.68332,0.647128,1.290486326794},
{5.68306,0.647725,1.290759326794},
{5.68281,0.648323,1.291032326794},
{5.68255,0.64892,1.291304326794},
{5.68229,0.649518,1.291577326794},
{5.68204,0.650115,1.291849326794},
{5.68178,0.650713,1.292122326794},
{5.68152,0.65131,1.292395326794},
{5.68127,0.651907,1.292667326794},
{5.68017,0.654444,1.293787326794},
{5.67988,0.655092,1.294023326794},
{5.67959,0.65574,1.294260326794},
{5.6793,0.656388,1.294496326794},
{5.67901,0.657037,1.294733326794},
{5.67872,0.657685,1.294969326794},
{5.67843,0.658333,1.295206326794},
{5.67814,0.658981,1.295442326794},
{5.67785,0.659629,1.295679326794},
{5.67756,0.660278,1.295915326794},
{5.67728,0.660926,1.296152326794},
{5.67699,0.661574,1.296388326794},
{5.6767,0.662222,1.296624326794},
{5.67641,0.66287,1.296861326794},
{5.67612,0.663519,1.297097326794},
{5.67583,0.664167,1.297334326794},
{5.67554,0.664815,1.297570326794},
{5.67525,0.665463,1.297807326794},
{5.67496,0.666111,1.298043326794},
{5.67467,0.66676,1.298280326794},
{5.67438,0.667408,1.298516326794},
{5.67409,0.668056,1.298753326794},
{5.6738,0.668704,1.298989326794},
{5.67351,0.669353,1.299225326794},
{5.67323,0.670001,1.299462326794},
{5.67294,0.670649,1.299698326794},
{5.67265,0.671297,1.299935326794},
{5.67236,0.671945,1.300171326794},
{5.67207,0.672594,1.300408326794},
{5.67178,0.673242,1.300644326794},
{5.67149,0.67389,1.300881326794},
{5.6712,0.674538,1.301117326794},
{5.67091,0.675186,1.301354326794},
{5.67062,0.675835,1.301590326794},
{5.67033,0.676483,1.301826326794},
{5.67004,0.677131,1.302063326794},
{5.66975,0.677779,1.302299326794},
{5.66946,0.678427,1.302536326794},
{5.66918,0.679076,1.302772326794},
{5.66889,0.679724,1.303009326794},
{5.6686,0.680372,1.303245326794},
{5.66831,0.68102,1.303482326794},
{5.66802,0.681668,1.303718326794},
{5.66773,0.682317,1.303955326794},
{5.66744,0.682965,1.304191326794},
{5.66715,0.683613,1.304427326794},
{5.66686,0.684261,1.304664326794},
{5.66657,0.684909,1.304900326794},
{5.66628,0.685558,1.305137326794},
{5.66599,0.686206,1.305373326794},
{5.6657,0.686854,1.305610326794},
{5.66541,0.687502,1.305846326794},
{5.66512,0.688151,1.306083326794},
{5.66484,0.688799,1.306319326794},
{5.66455,0.689447,1.306556326794},
{5.66426,0.690095,1.306792326794},
{5.66397,0.690743,1.307028326794},
{5.66368,0.691392,1.307265326794},
{5.66339,0.69204,1.307501326794},
{5.6631,0.692688,1.307738326794},
{5.66281,0.693336,1.307974326794},
{5.66252,0.693984,1.308211326794},
{5.66223,0.694633,1.308447326794},
{5.66194,0.695281,1.308684326794},
{5.66165,0.695929,1.308920326794},
{5.66051,0.69848,1.309844326794},
{5.66019,0.699176,1.310041326794},
{5.65987,0.699872,1.310238326794},
{5.65955,0.700568,1.310434326794},
{5.65923,0.701263,1.310631326794},
{5.65891,0.701959,1.310828326794},
{5.65859,0.702655,1.311025326794},
{5.65827,0.703351,1.311222326794},
{5.65795,0.704046,1.311418326794},
{5.65763,0.704742,1.311615326794},
{5.65731,0.705438,1.311812326794},
{5.65699,0.706134,1.312009326794},
{5.65667,0.706829,1.312206326794},
{5.65635,0.707525,1.312402326794},
{5.65603,0.708221,1.312599326794},
{5.65571,0.708917,1.312796326794},
{5.65539,0.709612,1.312993326794},
{5.65506,0.710308,1.313189326794},
{5.65474,0.711004,1.313386326794},
{5.65442,0.7117,1.313583326794},
{5.6541,0.712395,1.313780326794},
{5.65378,0.713091,1.313977326794},
{5.65346,0.713787,1.314173326794},
{5.65314,0.714482,1.314370326794},
{5.65282,0.715178,1.314567326794},
{5.6525,0.715874,1.314764326794},
{5.65218,0.71657,1.314960326794},
{5.65186,0.717265,1.315157326794},
{5.65154,0.717961,1.315354326794},
{5.65122,0.718657,1.315551326794},
{5.6509,0.719353,1.315748326794},
{5.65058,0.720048,1.315944326794},
{5.65026,0.720744,1.316141326794},
{5.64994,0.72144,1.316338326794},
{5.64962,0.722136,1.316535326794},
{5.6493,0.722831,1.316732326794},
{5.64897,0.723527,1.316928326794},
{5.64865,0.724223,1.317125326794},
{5.64833,0.724919,1.317322326794},
{5.64801,0.725614,1.317519326794},
{5.64769,0.72631,1.317715326794},
{5.64737,0.727006,1.317912326794},
{5.64705,0.727702,1.318109326794},
{5.64673,0.728397,1.318306326794},
{5.64641,0.729093,1.318503326794},
{5.64609,0.729789,1.318699326794},
{5.64577,0.730485,1.318896326794},
{5.64545,0.73118,1.319093326794},
{5.64513,0.731876,1.319290326794},
{5.64481,0.732572,1.319487326794},
{5.64449,0.733267,1.319683326794},
{5.64417,0.733963,1.319880326794},
{5.64385,0.734659,1.320077326794},
{5.64353,0.735355,1.320274326794},
{5.64321,0.73605,1.320470326794},
{5.64288,0.736746,1.320667326794},
{5.64256,0.737442,1.320864326794},
{5.64224,0.738138,1.321061326794},
{5.64192,0.738833,1.321258326794},
{5.6416,0.739529,1.321454326794},
{5.64128,0.740225,1.321651326794},
{5.64096,0.740921,1.321848326794},
{5.64064,0.741616,1.322045326794},
{5.64032,0.742312,1.322242326794},
{5.64,0.743008,1.322438326794},
{5.63968,0.743704,1.322635326794},
{5.63936,0.744399,1.322832326794},
{5.63904,0.745095,1.323029326794},
{5.63872,0.745791,1.323225326794},
{5.63753,0.748361,1.323917326794},
{5.63718,0.749101,1.324074326794},
{5.63683,0.74984,1.324231326794},
{5.63648,0.75058,1.324387326794},
{5.63613,0.751319,1.324544326794},
{5.63578,0.752059,1.324701326794},
{5.63543,0.752798,1.324858326794},
{5.63508,0.753538,1.325014326794},
{5.63473,0.754277,1.325171326794},
{5.63438,0.755017,1.325328326794},
{5.63403,0.755757,1.325485326794},
{5.63368,0.756496,1.325642326794},
{5.63333,0.757236,1.325798326794},
{5.63298,0.757975,1.325955326794},
{5.63264,0.758715,1.326112326794},
{5.63229,0.759454,1.326269326794},
{5.63194,0.760194,1.326425326794},
{5.63159,0.760933,1.326582326794},
{5.63124,0.761673,1.326739326794},
{5.63089,0.762412,1.326896326794},
{5.63054,0.763152,1.327053326794},
{5.63019,0.763891,1.327209326794},
{5.62984,0.764631,1.327366326794},
{5.62949,0.76537,1.327523326794},
{5.62914,0.76611,1.327680326794},
{5.62879,0.76685,1.327836326794},
{5.62844,0.767589,1.327993326794},
{5.62809,0.768329,1.328150326794},
{5.62774,0.769068,1.328307326794},
{5.62739,0.769808,1.328464326794},
{5.62704,0.770547,1.328620326794},
{5.62669,0.771287,1.328777326794},
{5.62635,0.772026,1.328934326794},
{5.626,0.772766,1.329091326794},
{5.62565,0.773505,1.329247326794},
{5.6253,0.774245,1.329404326794},
{5.62495,0.774984,1.329561326794},
{5.6246,0.775724,1.329718326794},
{5.62425,0.776464,1.329874326794},
{5.6239,0.777203,1.330031326794},
{5.62355,0.777943,1.330188326794},
{5.6232,0.778682,1.330345326794},
{5.62285,0.779422,1.330502326794},
{5.6225,0.780161,1.330658326794},
{5.62215,0.780901,1.330815326794},
{5.6218,0.78164,1.330972326794},
{5.62145,0.78238,1.331129326794},
{5.6211,0.783119,1.331285326794},
{5.62075,0.783859,1.331442326794},
{5.6204,0.784598,1.331599326794},
{5.62006,0.785338,1.331756326794},
{5.61971,0.786077,1.331913326794},
{5.61936,0.786817,1.332069326794},
{5.61901,0.787557,1.332226326794},
{5.61866,0.788296,1.332383326794},
{5.61831,0.789036,1.332540326794},
{5.61796,0.789775,1.332696326794},
{5.61761,0.790515,1.332853326794},
{5.61726,0.791254,1.333010326794},
{5.61691,0.791994,1.333167326794},
{5.61656,0.792733,1.333324326794},
{5.61621,0.793473,1.333480326794},
{5.61586,0.794212,1.333637326794},
{5.61551,0.794952,1.333794326794},
{5.61516,0.795691,1.333951326794},
{5.61481,0.796431,1.334107326794},
{5.61446,0.79717,1.334264326794},
{5.61411,0.79791,1.334421326794},
{5.61377,0.79865,1.334578326794},
{5.61342,0.799389,1.334734326794},
{5.61307,0.800129,1.334891326794},
{5.61188,0.802641,1.335397326794},
{5.6115,0.80342,1.335516326794},
{5.61112,0.804199,1.335635326794},
{5.61075,0.804978,1.335754326794},
{5.61037,0.805757,1.335874326794},
{5.61,0.806536,1.335993326794},
{5.60962,0.807315,1.336112326794},
{5.60925,0.808095,1.336231326794},
{5.60887,0.808874,1.336350326794},
{5.6085,0.809653,1.336469326794},
{5.60812,0.810432,1.336588326794},
{5.60775,0.811211,1.336707326794},
{5.60737,0.81199,1.336827326794},
{5.607,0.812769,1.336946326794},
{5.60662,0.813548,1.337065326794},
{5.60625,0.814327,1.337184326794},
{5.60587,0.815107,1.337303326794},
{5.6055,0.815886,1.337422326794},
{5.60512,0.816665,1.337541326794},
{5.60475,0.817444,1.337660326794},
{5.60437,0.818223,1.337780326794},
{5.604,0.819002,1.337899326794},
{5.60362,0.819781,1.338018326794},
{5.60325,0.82056,1.338137326794},
{5.60287,0.82134,1.338256326794},
{5.6025,0.822119,1.338375326794},
{5.60212,0.822898,1.338494326794},
{5.60174,0.823677,1.338614326794},
{5.60137,0.824456,1.338733326794},
{5.60099,0.825235,1.338852326794},
{5.60062,0.826014,1.338971326794},
{5.60024,0.826793,1.339090326794},
{5.59987,0.827572,1.339209326794},
{5.59949,0.828352,1.339328326794},
{5.59912,0.829131,1.339447326794},
{5.59874,0.82991,1.339567326794},
{5.59837,0.830689,1.339686326794},
{5.59799,0.831468,1.339805326794},
{5.59762,0.832247,1.339924326794},
{5.59724,0.833026,1.340043326794},
{5.59687,0.833805,1.340162326794},
{5.59649,0.834585,1.340281326794},
{5.59612,0.835364,1.340401326794},
{5.59574,0.836143,1.340520326794},
{5.59537,0.836922,1.340639326794},
{5.59499,0.837701,1.340758326794},
{5.59462,0.83848,1.340877326794},
{5.59424,0.839259,1.340996326794},
{5.59387,0.840038,1.341115326794},
{5.59349,0.840817,1.341234326794},
{5.59312,0.841597,1.341354326794},
{5.59274,0.842376,1.341473326794},
{5.59236,0.843155,1.341592326794},
{5.59199,0.843934,1.341711326794},
{5.59161,0.844713,1.341830326794},
{5.59124,0.845492,1.341949326794},
{5.59086,0.846271,1.342068326794},
{5.59049,0.84705,1.342188326794},
{5.59011,0.84783,1.342307326794},
{5.58974,0.848609,1.342426326794},
{5.58936,0.849388,1.342545326794},
{5.58899,0.850167,1.342664326794},
{5.58861,0.850946,1.342783326794},
{5.58824,0.851725,1.342902326794},
{5.58786,0.852504,1.343021326794},
{5.58749,0.853283,1.343141326794},
{5.58711,0.854062,1.343260326794},
{5.58674,0.854842,1.343379326794},
{5.58636,0.855621,1.343498326794},
{5.58599,0.8564,1.343617326794},
{5.58561,0.857179,1.343736326794},
{5.58524,0.857958,1.343855326794},
{5.58486,0.858737,1.343974326794},
{5.58371,0.861133,1.344336326794},
{5.58331,0.861947,1.344422326794},
{5.58291,0.862761,1.344508326794},
{5.58252,0.863575,1.344594326794},
{5.58212,0.864389,1.344680326794},
{5.58172,0.865203,1.344766326794},
{5.58132,0.866017,1.344852326794},
{5.58093,0.866831,1.344938326794},
{5.58053,0.867646,1.345024326794},
{5.58013,0.86846,1.345109326794},
{5.57974,0.869274,1.345195326794},
{5.57934,0.870088,1.345281326794},
{5.57894,0.870902,1.345367326794},
{5.57854,0.871716,1.345453326794},
{5.57815,0.87253,1.345539326794},
{5.57775,0.873344,1.345625326794},
{5.57735,0.874158,1.345711326794},
{5.57696,0.874972,1.345797326794},
{5.57656,0.875786,1.345883326794},
{5.57616,0.8766,1.345969326794},
{5.57576,0.877414,1.346055326794},
{5.57537,0.878228,1.346140326794},
{5.57497,0.879042,1.346226326794},
{5.57457,0.879856,1.346312326794},
{5.57418,0.88067,1.346398326794},
{5.57378,0.881484,1.346484326794},
{5.57338,0.882298,1.346570326794},
{5.57298,0.883112,1.346656326794},
{5.57259,0.883926,1.346742326794},
{5.57219,0.88474,1.346828326794},
{5.57179,0.885554,1.346914326794},
{5.5714,0.886369,1.347000326794},
{5.571,0.887183,1.347086326794},
{5.5706,0.887997,1.347172326794},
{5.5702,0.888811,1.347257326794},
{5.56981,0.889625,1.347343326794},
{5.56941,0.890439,1.347429326794},
{5.56901,0.891253,1.347515326794},
{5.56862,0.892067,1.347601326794},
{5.56822,0.892881,1.347687326794},
{5.56782,0.893695,1.347773326794},
{5.56743,0.894509,1.347859326794},
{5.56703,0.895323,1.347945326794},
{5.56663,0.896137,1.348031326794},
{5.56623,0.896951,1.348117326794},
{5.56584,0.897765,1.348203326794},
{5.56544,0.898579,1.348288326794},
{5.56504,0.899393,1.348374326794},
{5.56465,0.900207,1.348460326794},
{5.56425,0.901021,1.348546326794},
{5.56385,0.901835,1.348632326794},
{5.56345,0.902649,1.348718326794},
{5.56306,0.903463,1.348804326794},
{5.56266,0.904277,1.348890326794},
{5.56226,0.905091,1.348976326794},
{5.56187,0.905906,1.349062326794},
{5.56147,0.90672,1.349148326794},
{5.56107,0.907534,1.349234326794},
{5.56067,0.908348,1.349320326794},
{5.56028,0.909162,1.349405326794},
{5.55988,0.909976,1.349491326794},
{5.55948,0.91079,1.349577326794},
{5.55909,0.911604,1.349663326794},
{5.55869,0.912418,1.349749326794},
{5.55829,0.913232,1.349835326794},
{5.55789,0.914046,1.349921326794},
{5.5575,0.91486,1.350007326794},
{5.5571,0.915674,1.350093326794},
{5.5567,0.916488,1.350179326794},
{5.55631,0.917302,1.350265326794},
{5.55591,0.918116,1.350351326794},
{5.55551,0.91893,1.350436326794},
{5.55511,0.919744,1.350522326794},
{5.55472,0.920558,1.350608326794},
{5.55432,0.921372,1.350694326794},
{5.55392,0.922186,1.350780326794},
{5.55281,0.924455,1.351002326794},
{5.5524,0.925299,1.351060326794},
{5.55199,0.926143,1.351118326794},
{5.55157,0.926987,1.351177326794},
{5.55116,0.927831,1.351235326794},
{5.55074,0.928674,1.351293326794},
{5.55033,0.929518,1.351352326794},
{5.54991,0.930362,1.351410326794},
{5.5495,0.931206,1.351469326794},
{5.54908,0.932049,1.351527326794},
{5.54867,0.932893,1.351585326794},
{5.54825,0.933737,1.351644326794},
{5.54784,0.934581,1.351702326794},
{5.54742,0.935425,1.351761326794},
{5.54701,0.936268,1.351819326794},
{5.54659,0.937112,1.351877326794},
{5.54618,0.937956,1.351936326794},
{5.54576,0.9388,1.351994326794},
{5.54535,0.939644,1.352053326794},
{5.54493,0.940487,1.352111326794},
{5.54452,0.941331,1.352169326794},
{5.5441,0.942175,1.352228326794},
{5.54369,0.943019,1.352286326794},
{5.54328,0.943862,1.352345326794},
{5.54286,0.944706,1.352403326794},
{5.54245,0.94555,1.352461326794},
{5.54203,0.946394,1.352520326794},
{5.54162,0.947238,1.352578326794},
{5.5412,0.948081,1.352637326794},
{5.54079,0.948925,1.352695326794},
{5.54037,0.949769,1.352753326794},
{5.53996,0.950613,1.352812326794},
{5.53954,0.951456,1.352870326794},
{5.53913,0.9523,1.352929326794},
{5.53871,0.953144,1.352987326794},
{5.5383,0.953988,1.353045326794},
{5.53788,0.954832,1.353104326794},
{5.53747,0.955675,1.353162326794},
{5.53705,0.956519,1.353220326794},
{5.53664,0.957363,1.353279326794},
{5.53622,0.958207,1.353337326794},
{5.53581,0.959051,1.353396326794},
{5.53539,0.959894,1.353454326794},
{5.53498,0.960738,1.353512326794},
{5.53457,0.961582,1.353571326794},
{5.53415,0.962426,1.353629326794},
{5.53374,0.963269,1.353688326794},
{5.53332,0.964113,1.353746326794},
{5.53291,0.964957,1.353804326794},
{5.53249,0.965801,1.353863326794},
{5.53208,0.966645,1.353921326794},
{5.53166,0.967488,1.353980326794},
{5.53125,0.968332,1.354038326794},
{5.53083,0.969176,1.354096326794},
{5.53042,0.97002,1.354155326794},
{5.53,0.970863,1.354213326794},
{5.52959,0.971707,1.354272326794},
{5.52917,0.972551,1.354330326794},
{5.52876,0.973395,1.354388326794},
{5.52834,0.974239,1.354447326794},
{5.52793,0.975082,1.354505326794},
{5.52751,0.975926,1.354564326794},
{5.5271,0.97677,1.354622326794},
{5.52668,0.977614,1.354680326794},
{5.52627,0.978458,1.354739326794},
{5.52586,0.979301,1.354797326794},
{5.52544,0.980145,1.354856326794},
{5.52503,0.980989,1.354914326794},
{5.52461,0.981833,1.354972326794},
{5.5242,0.982676,1.355031326794},
{5.52378,0.98352,1.355089326794},
{5.52337,0.984364,1.355147326794},
{5.52295,0.985208,1.355206326794},
{5.52254,0.986052,1.355264326794},
{5.52212,0.986895,1.355323326794},
{5.52171,0.987739,1.355381326794},
{5.52129,0.988583,1.355439326794},
{5.52027,0.990661,1.355576326794},
{5.51984,0.991529,1.355614326794},
{5.51941,0.992397,1.355651326794},
{5.51899,0.993265,1.355688326794},
{5.51856,0.994132,1.355725326794},
{5.51813,0.995,1.355762326794},
{5.5177,0.995868,1.355799326794},
{5.51727,0.996736,1.355836326794},
{5.51685,0.997604,1.355874326794},
{5.51642,0.998472,1.355911326794},
{5.51599,0.99934,1.355948326794},
{5.51556,1.00021,1.355985326794},
{5.51513,1.00108,1.356022326794},
{5.51471,1.00194,1.356059326794},
{5.51428,1.00281,1.356096326794},
{5.51385,1.00368,1.356133326794},
{5.51342,1.00455,1.356171326794},
{5.51299,1.00541,1.356208326794},
{5.51257,1.00628,1.356245326794},
{5.51214,1.00715,1.356282326794},
{5.51171,1.00802,1.356319326794},
{5.51128,1.00889,1.356356326794},
{5.51086,1.00975,1.356393326794},
{5.51043,1.01062,1.356431326794},
{5.51,1.01149,1.356468326794},
{5.50957,1.01236,1.356505326794},
{5.50914,1.01322,1.356542326794},
{5.50872,1.01409,1.356579326794},
{5.50829,1.01496,1.356616326794},
{5.50786,1.01583,1.356653326794},
{5.50743,1.0167,1.356690326794},
{5.507,1.01756,1.356728326794},
{5.50658,1.01843,1.356765326794},
{5.50615,1.0193,1.356802326794},
{5.50572,1.02017,1.356839326794},
{5.50529,1.02104,1.356876326794},
{5.50486,1.0219,1.356913326794},
{5.50444,1.02277,1.356950326794},
{5.50401,1.02364,1.356988326794},
{5.50358,1.02451,1.357025326794},
{5.50315,1.02537,1.357062326794},
{5.50272,1.02624,1.357099326794},
{5.5023,1.02711,1.357136326794},
{5.50187,1.02798,1.357173326794},
{5.50144,1.02885,1.357210326794},
{5.50101,1.02971,1.357247326794},
{5.50058,1.03058,1.357285326794},
{5.50016,1.03145,1.357322326794},
{5.49973,1.03232,1.357359326794},
{5.4993,1.03319,1.357396326794},
{5.49887,1.03405,1.357433326794},
{5.49844,1.03492,1.357470326794},
{5.49802,1.03579,1.357507326794},
{5.49759,1.03666,1.357545326794},
{5.49716,1.03752,1.357582326794},
{5.49673,1.03839,1.357619326794},
{5.4963,1.03926,1.357656326794},
{5.49588,1.04013,1.357693326794},
{5.49545,1.041,1.357730326794},
{5.49502,1.04186,1.357767326794},
{5.49459,1.04273,1.357804326794},
{5.49416,1.0436,1.357842326794},
{5.49374,1.04447,1.357879326794},
{5.49331,1.04533,1.357916326794},
{5.49288,1.0462,1.357953326794},
{5.49245,1.04707,1.357990326794},
{5.49202,1.04794,1.358027326794},
{5.4916,1.04881,1.358064326794},
{5.49117,1.04967,1.358101326794},
{5.49074,1.05054,1.358139326794},
{5.49031,1.05141,1.358176326794},
{5.48988,1.05228,1.358213326794},
{5.48946,1.05315,1.358250326794},
{5.48903,1.05401,1.358287326794},
{5.4886,1.05488,1.358324326794},
{5.48817,1.05575,1.358361326794},
{5.48774,1.05662,1.358399326794},
{5.48732,1.05748,1.358436326794},
{5.48689,1.05835,1.358473326794},
{5.48597,1.06022,1.358544326794},
{5.48553,1.0611,1.358566326794},
{5.48509,1.06199,1.358588326794},
{5.48466,1.06287,1.358611326794},
{5.48422,1.06376,1.358633326794},
{5.48378,1.06465,1.358655326794},
{5.48335,1.06553,1.358677326794},
{5.48291,1.06642,1.358699326794},
{5.48247,1.0673,1.358722326794},
{5.48204,1.06819,1.358744326794},
{5.4816,1.06907,1.358766326794},
{5.48116,1.06996,1.358788326794},
{5.48073,1.07085,1.358810326794},
{5.48029,1.07173,1.358832326794},
{5.47985,1.07262,1.358855326794},
{5.47942,1.0735,1.358877326794},
{5.47898,1.07439,1.358899326794},
{5.47854,1.07527,1.358921326794},
{5.47811,1.07616,1.358943326794},
{5.47767,1.07705,1.358966326794},
{5.47723,1.07793,1.358988326794},
{5.4768,1.07882,1.359010326794},
{5.47636,1.0797,1.359032326794},
{5.47592,1.08059,1.359054326794},
{5.47549,1.08147,1.359077326794},
{5.47505,1.08236,1.359099326794},
{5.47461,1.08324,1.359121326794},
{5.47417,1.08413,1.359143326794},
{5.47374,1.08502,1.359165326794},
{5.4733,1.0859,1.359188326794},
{5.47286,1.08679,1.359210326794},
{5.47243,1.08767,1.359232326794},
{5.47199,1.08856,1.359254326794},
{5.47155,1.08944,1.359276326794},
{5.47112,1.09033,1.359298326794},
{5.47068,1.09122,1.359321326794},
{5.47024,1.0921,1.359343326794},
{5.46981,1.09299,1.359365326794},
{5.46937,1.09387,1.359387326794},
{5.46893,1.09476,1.359409326794},
{5.4685,1.09564,1.359432326794},
{5.46806,1.09653,1.359454326794},
{5.46762,1.09742,1.359476326794},
{5.46719,1.0983,1.359498326794},
{5.46675,1.09919,1.359520326794},
{5.46631,1.10007,1.359543326794},
{5.46588,1.10096,1.359565326794},
{5.46544,1.10184,1.359587326794},
{5.465,1.10273,1.359609326794},
{5.46457,1.10362,1.359631326794},
{5.46413,1.1045,1.359654326794},
{5.46369,1.10539,1.359676326794},
{5.46326,1.10627,1.359698326794},
{5.46282,1.10716,1.359720326794},
{5.46238,1.10804,1.359742326794},
{5.46194,1.10893,1.359764326794},
{5.46151,1.10982,1.359787326794},
{5.46107,1.1107,1.359809326794},
{5.46063,1.11159,1.359831326794},
{5.4602,1.11247,1.359853326794},
{5.45976,1.11336,1.359875326794},
{5.45932,1.11424,1.359898326794},
{5.45889,1.11513,1.359920326794},
{5.45845,1.11601,1.359942326794},
{5.45801,1.1169,1.359964326794},
{5.45758,1.11779,1.359986326794},
{5.45714,1.11867,1.360009326794},
{5.4567,1.11956,1.360031326794},
{5.45627,1.12044,1.360053326794},
{5.45583,1.12133,1.360075326794},
{5.45539,1.12221,1.360097326794},
{5.45496,1.1231,1.360120326794},
{5.45452,1.12399,1.360142326794},
{5.45408,1.12487,1.360164326794},
{5.45365,1.12576,1.360186326794},
{5.45321,1.12664,1.360208326794},
{5.45277,1.12753,1.360230326794},
{5.45234,1.12841,1.360253326794},
{5.4519,1.1293,1.360275326794},
{5.45146,1.13019,1.360297326794},
{5.45067,1.1318,1.360332326794},
{5.45022,1.1327,1.360345326794},
{5.44978,1.13359,1.360358326794},
{5.44934,1.13449,1.360372326794},
{5.4489,1.13539,1.360385326794},
{5.44846,1.13629,1.360398326794},
{5.44802,1.13718,1.360412326794},
{5.44758,1.13808,1.360425326794},
{5.44714,1.13898,1.360438326794},
{5.44669,1.13987,1.360452326794},
{5.44625,1.14077,1.360465326794},
{5.44581,1.14167,1.360479326794},
{5.44537,1.14256,1.360492326794},
{5.44493,1.14346,1.360505326794},
{5.44449,1.14436,1.360519326794},
{5.44405,1.14525,1.360532326794},
{5.4436,1.14615,1.360545326794},
{5.44316,1.14705,1.360559326794},
{5.44272,1.14794,1.360572326794},
{5.44228,1.14884,1.360585326794},
{5.44184,1.14974,1.360599326794},
{5.4414,1.15064,1.360612326794},
{5.44096,1.15153,1.360626326794},
{5.44051,1.15243,1.360639326794},
{5.44007,1.15333,1.360652326794},
{5.43963,1.15422,1.360666326794},
{5.43919,1.15512,1.360679326794},
{5.43875,1.15602,1.360692326794},
{5.43831,1.15691,1.360706326794},
{5.43787,1.15781,1.360719326794},
{5.43743,1.15871,1.360733326794},
{5.43698,1.1596,1.360746326794},
{5.43654,1.1605,1.360759326794},
{5.4361,1.1614,1.360773326794},
{5.43566,1.16229,1.360786326794},
{5.43522,1.16319,1.360799326794},
{5.43478,1.16409,1.360813326794},
{5.43434,1.16499,1.360826326794},
{5.43389,1.16588,1.360839326794},
{5.43345,1.16678,1.360853326794},
{5.43301,1.16768,1.360866326794},
{5.43257,1.16857,1.360880326794},
{5.43213,1.16947,1.360893326794},
{5.43169,1.17037,1.360906326794},
{5.43125,1.17126,1.360920326794},
{5.43081,1.17216,1.360933326794},
{5.43036,1.17306,1.360946326794},
{5.42992,1.17395,1.360960326794},
{5.42948,1.17485,1.360973326794},
{5.42904,1.17575,1.360986326794},
{5.4286,1.17664,1.361000326794},
{5.42816,1.17754,1.361013326794},
{5.42772,1.17844,1.361027326794},
{5.42727,1.17934,1.361040326794},
{5.42683,1.18023,1.361053326794},
{5.42639,1.18113,1.361067326794},
{5.42595,1.18203,1.361080326794},
{5.42551,1.18292,1.361093326794},
{5.42507,1.18382,1.361107326794},
{5.42463,1.18472,1.361120326794},
{5.42419,1.18561,1.361134326794},
{5.42374,1.18651,1.361147326794},
{5.4233,1.18741,1.361160326794},
{5.42286,1.1883,1.361174326794},
{5.42242,1.1892,1.361187326794},
{5.42198,1.1901,1.361200326794},
{5.42154,1.19099,1.361214326794},
{5.4211,1.19189,1.361227326794},
{5.42065,1.19279,1.361240326794},
{5.42021,1.19369,1.361254326794},
{5.41977,1.19458,1.361267326794},
{5.41933,1.19548,1.361281326794},
{5.41889,1.19638,1.361294326794},
{5.41845,1.19727,1.361307326794},
{5.41801,1.19817,1.361321326794},
{5.41756,1.19907,1.361334326794},
{5.41712,1.19996,1.361347326794},
{5.41668,1.20086,1.361361326794},
{5.41624,1.20176,1.361374326794},
{5.4158,1.20265,1.361387326794},
{5.41536,1.20355,1.361401326794},
{5.4147,1.20489,1.361418326794},
{5.41426,1.20579,1.361428326794},
{5.41382,1.20669,1.361439326794},
{5.41337,1.2076,1.361449326794},
{5.41293,1.2085,1.361460326794},
{5.41249,1.2094,1.361470326794},
{5.41205,1.2103,1.361480326794},
{5.41161,1.2112,1.361491326794},
{5.41116,1.2121,1.361501326794},
{5.41072,1.213,1.361512326794},
{5.41028,1.2139,1.361522326794},
{5.40984,1.2148,1.361533326794},
{5.4094,1.21571,1.361543326794},
{5.40895,1.21661,1.361553326794},
{5.40851,1.21751,1.361564326794},
{5.40807,1.21841,1.361574326794},
{5.40763,1.21931,1.361585326794},
{5.40719,1.22021,1.361595326794},
{5.40674,1.22111,1.361605326794},
{5.4063,1.22201,1.361616326794},
{5.40586,1.22291,1.361626326794},
{5.40542,1.22381,1.361637326794},
{5.40498,1.22472,1.361647326794},
{5.40453,1.22562,1.361658326794},
{5.40409,1.22652,1.361668326794},
{5.40365,1.22742,1.361678326794},
{5.40321,1.22832,1.361689326794},
{5.40277,1.22922,1.361699326794},
{5.40232,1.23012,1.361710326794},
{5.40188,1.23102,1.361720326794},
{5.40144,1.23192,1.361730326794},
{5.401,1.23283,1.361741326794},
{5.40056,1.23373,1.361751326794},
{5.40011,1.23463,1.361762326794},
{5.39967,1.23553,1.361772326794},
{5.39923,1.23643,1.361783326794},
{5.39879,1.23733,1.361793326794},
{5.39835,1.23823,1.361803326794},
{5.3979,1.23913,1.361814326794},
{5.39746,1.24003,1.361824326794},
{5.39702,1.24094,1.361835326794},
{5.39658,1.24184,1.361845326794},
{5.39614,1.24274,1.361855326794},
{5.39569,1.24364,1.361866326794},
{5.39525,1.24454,1.361876326794},
{5.39481,1.24544,1.361887326794},
{5.39437,1.24634,1.361897326794},
{5.39393,1.24724,1.361908326794},
{5.39348,1.24814,1.361918326794},
{5.39304,1.24905,1.361928326794},
{5.3926,1.24995,1.361939326794},
{5.39216,1.25085,1.361949326794},
{5.39172,1.25175,1.361960326794},
{5.39127,1.25265,1.361970326794},
{5.39083,1.25355,1.361980326794},
{5.39039,1.25445,1.361991326794},
{5.38995,1.25535,1.362001326794},
{5.38951,1.25625,1.362012326794},
{5.38906,1.25716,1.362022326794},
{5.38862,1.25806,1.362033326794},
{5.38818,1.25896,1.362043326794},
{5.38774,1.25986,1.362053326794},
{5.3873,1.26076,1.362064326794},
{5.38686,1.26166,1.362074326794},
{5.38641,1.26256,1.362085326794},
{5.38597,1.26346,1.362095326794},
{5.38553,1.26436,1.362105326794},
{5.38509,1.26527,1.362116326794},
{5.38465,1.26617,1.362126326794},
{5.3842,1.26707,1.362137326794},
{5.38376,1.26797,1.362147326794},
{5.38332,1.26887,1.362158326794},
{5.38288,1.26977,1.362168326794},
{5.38244,1.27067,1.362178326794},
{5.38199,1.27157,1.362189326794},
{5.38155,1.27247,1.362199326794},
{5.38111,1.27338,1.362210326794},
{5.38067,1.27428,1.362220326794},
{5.38023,1.27518,1.362230326794},
{5.37978,1.27608,1.362241326794},
{5.37934,1.27698,1.362251326794},
{5.37883,1.27803,1.362266326794},
{5.37839,1.27892,1.362279326794},
{5.37795,1.27982,1.362292326794},
{5.37751,1.28072,1.362305326794},
{5.37707,1.28162,1.362319326794},
{5.37663,1.28252,1.362332326794},
{5.37619,1.28341,1.362345326794},
{5.37576,1.28431,1.362358326794},
{5.37532,1.28521,1.362372326794},
{5.37488,1.28611,1.362385326794},
{5.37444,1.28701,1.362398326794},
{5.374,1.2879,1.362411326794},
{5.37356,1.2888,1.362424326794},
{5.37312,1.2897,1.362438326794},
{5.37268,1.2906,1.362451326794},
{5.37224,1.2915,1.362464326794},
{5.3718,1.2924,1.362477326794},
{5.37137,1.29329,1.362491326794},
{5.37093,1.29419,1.362504326794},
{5.37049,1.29509,1.362517326794},
{5.37005,1.29599,1.362530326794},
{5.36961,1.29689,1.362544326794},
{5.36917,1.29778,1.362557326794},
{5.36873,1.29868,1.362570326794},
{5.36829,1.29958,1.362583326794},
{5.36785,1.30048,1.362597326794},
{5.36741,1.30138,1.362610326794},
{5.36697,1.30227,1.362623326794},
{5.36654,1.30317,1.362636326794},
{5.3661,1.30407,1.362650326794},
{5.36566,1.30497,1.362663326794},
{5.36522,1.30587,1.362676326794},
{5.36478,1.30676,1.362689326794},
{5.36434,1.30766,1.362702326794},
{5.3639,1.30856,1.362716326794},
{5.36346,1.30946,1.362729326794},
{5.36302,1.31036,1.362742326794},
{5.36258,1.31125,1.362755326794},
{5.36215,1.31215,1.362769326794},
{5.36171,1.31305,1.362782326794},
{5.36127,1.31395,1.362795326794},
{5.36083,1.31485,1.362808326794},
{5.36039,1.31574,1.362822326794},
{5.35995,1.31664,1.362835326794},
{5.35951,1.31754,1.362848326794},
{5.35907,1.31844,1.362861326794},
{5.35863,1.31934,1.362875326794},
{5.35819,1.32024,1.362888326794},
{5.35775,1.32113,1.362901326794},
{5.35732,1.32203,1.362914326794},
{5.35688,1.32293,1.362927326794},
{5.35644,1.32383,1.362941326794},
{5.356,1.32473,1.362954326794},
{5.35556,1.32562,1.362967326794},
{5.35512,1.32652,1.362980326794},
{5.35468,1.32742,1.362994326794},
{5.35424,1.32832,1.363007326794},
{5.3538,1.32922,1.363020326794},
{5.35336,1.33011,1.363033326794},
{5.35293,1.33101,1.363047326794},
{5.35249,1.33191,1.363060326794},
{5.35205,1.33281,1.363073326794},
{5.35161,1.33371,1.363086326794},
{5.35117,1.3346,1.363100326794},
{5.35073,1.3355,1.363113326794},
{5.35029,1.3364,1.363126326794},
{5.34985,1.3373,1.363139326794},
{5.34941,1.3382,1.363153326794},
{5.34897,1.33909,1.363166326794},
{5.34853,1.33999,1.363179326794},
{5.3481,1.34089,1.363192326794},
{5.34766,1.34179,1.363205326794},
{5.34722,1.34269,1.363219326794},
{5.34678,1.34358,1.363232326794},
{5.34634,1.34448,1.363245326794},
{5.3459,1.34538,1.363258326794},
{5.34546,1.34628,1.363272326794},
{5.34502,1.34718,1.363285326794},
{5.34458,1.34808,1.363298326794},
{5.34414,1.34897,1.363311326794},
{5.34371,1.34987,1.363325326794},
{5.34334,1.35062,1.363339326794},
{5.34291,1.35151,1.363361326794},
{5.34247,1.35239,1.363383326794},
{5.34204,1.35328,1.363405326794},
{5.34161,1.35417,1.363427326794},
{5.34118,1.35506,1.363449326794},
{5.34074,1.35594,1.363471326794},
{5.34031,1.35683,1.363493326794},
{5.33988,1.35772,1.363515326794},
{5.33944,1.35861,1.363536326794},
{5.33901,1.35949,1.363558326794},
{5.33858,1.36038,1.363580326794},
{5.33814,1.36127,1.363602326794},
{5.33771,1.36216,1.363624326794},
{5.33728,1.36305,1.363646326794},
{5.33685,1.36393,1.363668326794},
{5.33641,1.36482,1.363690326794},
{5.33598,1.36571,1.363712326794},
{5.33555,1.3666,1.363734326794},
{5.33511,1.36748,1.363756326794},
{5.33468,1.36837,1.363777326794},
{5.33425,1.36926,1.363799326794},
{5.33381,1.37015,1.363821326794},
{5.33338,1.37103,1.363843326794},
{5.33295,1.37192,1.363865326794},
{5.33252,1.37281,1.363887326794},
{5.33208,1.3737,1.363909326794},
{5.33165,1.37458,1.363931326794},
{5.33122,1.37547,1.363953326794},
{5.33078,1.37636,1.363975326794},
{5.33035,1.37725,1.363997326794},
{5.32992,1.37813,1.364019326794},
{5.32948,1.37902,1.364040326794},
{5.32905,1.37991,1.364062326794},
{5.32862,1.3808,1.364084326794},
{5.32819,1.38169,1.364106326794},
{5.32775,1.38257,1.364128326794},
{5.32732,1.38346,1.364150326794},
{5.32689,1.38435,1.364172326794},
{5.32645,1.38524,1.364194326794},
{5.32602,1.38612,1.364216326794},
{5.32559,1.38701,1.364238326794},
{5.32516,1.3879,1.364260326794},
{5.32472,1.38879,1.364281326794},
{5.32429,1.38967,1.364303326794},
{5.32386,1.39056,1.364325326794},
{5.32342,1.39145,1.364347326794},
{5.32299,1.39234,1.364369326794},
{5.32256,1.39322,1.364391326794},
{5.32212,1.39411,1.364413326794},
{5.32169,1.395,1.364435326794},
{5.32126,1.39589,1.364457326794},
{5.32083,1.39678,1.364479326794},
{5.32039,1.39766,1.364501326794},
{5.31996,1.39855,1.364523326794},
{5.31953,1.39944,1.364544326794},
{5.31909,1.40033,1.364566326794},
{5.31866,1.40121,1.364588326794},
{5.31823,1.4021,1.364610326794},
{5.31779,1.40299,1.364632326794},
{5.31736,1.40388,1.364654326794},
{5.31693,1.40476,1.364676326794},
{5.3165,1.40565,1.364698326794},
{5.31606,1.40654,1.364720326794},
{5.31563,1.40743,1.364742326794},
{5.3152,1.40831,1.364764326794},
{5.31476,1.4092,1.364785326794},
{5.31433,1.41009,1.364807326794},
{5.3139,1.41098,1.364829326794},
{5.31346,1.41187,1.364851326794},
{5.31303,1.41275,1.364873326794},
{5.3126,1.41364,1.364895326794},
{5.31217,1.41453,1.364917326794},
{5.31173,1.41542,1.364939326794},
{5.3113,1.4163,1.364961326794},
{5.31087,1.41719,1.364983326794},
{5.31043,1.41808,1.365005326794},
{5.31,1.41897,1.365027326794},
{5.30957,1.41985,1.365048326794},
{5.30913,1.42074,1.365070326794},
{5.3087,1.42163,1.365092326794},
{5.30848,1.42208,1.365107326794},
{5.30806,1.42295,1.365143326794},
{5.30763,1.42382,1.365180326794},
{5.30721,1.42469,1.365217326794},
{5.30679,1.42556,1.365253326794},
{5.30636,1.42643,1.365290326794},
{5.30594,1.4273,1.365327326794},
{5.30551,1.42817,1.365363326794},
{5.30509,1.42904,1.365400326794},
{5.30466,1.42991,1.365437326794},
{5.30424,1.43078,1.365473326794},
{5.30382,1.43165,1.365510326794},
{5.30339,1.43252,1.365547326794},
{5.30297,1.43338,1.365583326794},
{5.30254,1.43425,1.365620326794},
{5.30212,1.43512,1.365656326794},
{5.30169,1.43599,1.365693326794},
{5.30127,1.43686,1.365730326794},
{5.30085,1.43773,1.365766326794},
{5.30042,1.4386,1.365803326794},
{5.3,1.43947,1.365840326794},
{5.29957,1.44034,1.365876326794},
{5.29915,1.44121,1.365913326794},
{5.29872,1.44208,1.365950326794},
{5.2983,1.44295,1.365986326794},
{5.29788,1.44382,1.366023326794},
{5.29745,1.44469,1.366060326794},
{5.29703,1.44556,1.366096326794},
{5.2966,1.44643,1.366133326794},
{5.29618,1.4473,1.366170326794},
{5.29575,1.44817,1.366206326794},
{5.29533,1.44904,1.366243326794},
{5.29491,1.44991,1.366280326794},
{5.29448,1.45078,1.366316326794},
{5.29406,1.45165,1.366353326794},
{5.29363,1.45252,1.366390326794},
{5.29321,1.45339,1.366426326794},
{5.29278,1.45426,1.366463326794},
{5.29236,1.45513,1.366500326794},
{5.29194,1.456,1.366536326794},
{5.29151,1.45687,1.366573326794},
{5.29109,1.45774,1.366610326794},
{5.29066,1.45861,1.366646326794},
{5.29024,1.45948,1.366683326794},
{5.28982,1.46035,1.366720326794},
{5.28939,1.46122,1.366756326794},
{5.28897,1.46209,1.366793326794},
{5.28854,1.46296,1.366830326794},
{5.28812,1.46383,1.366866326794},
{5.28769,1.4647,1.366903326794},
{5.28727,1.46557,1.366940326794},
{5.28685,1.46644,1.366976326794},
{5.28642,1.46731,1.367013326794},
{5.286,1.46818,1.367050326794},
{5.28557,1.46905,1.367086326794},
{5.28515,1.46992,1.367123326794},
{5.28472,1.47079,1.367160326794},
{5.2843,1.47166,1.367196326794},
{5.28388,1.47253,1.367233326794},
{5.28345,1.4734,1.367270326794},
{5.28303,1.47427,1.367306326794},
{5.2826,1.47514,1.367343326794},
{5.28218,1.47601,1.367380326794},
{5.28175,1.47688,1.367416326794},
{5.28133,1.47775,1.367453326794},
{5.28091,1.47861,1.367490326794},
{5.28048,1.47948,1.367526326794},
{5.28006,1.48035,1.367563326794},
{5.27963,1.48122,1.367600326794},
{5.27921,1.48209,1.367636326794},
{5.27878,1.48296,1.367673326794},
{5.27836,1.48383,1.367710326794},
{5.27794,1.4847,1.367746326794},
{5.27751,1.48557,1.367783326794},
{5.27709,1.48644,1.367820326794},
{5.27666,1.48731,1.367856326794},
{5.27624,1.48818,1.367893326794},
{5.27581,1.48905,1.367930326794},
{5.27539,1.48992,1.367966326794},
{5.27497,1.49079,1.368003326794},
{5.27454,1.49166,1.368040326794},
{5.27447,1.49181,1.368057326794},
{5.27406,1.49265,1.368115326794},
{5.27364,1.4935,1.368172326794},
{5.27323,1.49434,1.368230326794},
{5.27282,1.49519,1.368288326794},
{5.2724,1.49603,1.368345326794},
{5.27199,1.49688,1.368403326794},
{5.27158,1.49772,1.368461326794},
{5.27116,1.49857,1.368518326794},
{5.27075,1.49941,1.368576326794},
{5.27034,1.50026,1.368634326794},
{5.26992,1.5011,1.368691326794},
{5.26951,1.50195,1.368749326794},
{5.2691,1.50279,1.368807326794},
{5.26868,1.50363,1.368864326794},
{5.26827,1.50448,1.368922326794},
{5.26786,1.50532,1.368980326794},
{5.26744,1.50617,1.369037326794},
{5.26703,1.50701,1.369095326794},
{5.26662,1.50786,1.369153326794},
{5.2662,1.5087,1.369211326794},
{5.26579,1.50955,1.369268326794},
{5.26538,1.51039,1.369326326794},
{5.26496,1.51124,1.369384326794},
{5.26455,1.51208,1.369441326794},
{5.26414,1.51293,1.369499326794},
{5.26372,1.51377,1.369557326794},
{5.26331,1.51461,1.369614326794},
{5.2629,1.51546,1.369672326794},
{5.26248,1.5163,1.369730326794},
{5.26207,1.51715,1.369787326794},
{5.26166,1.51799,1.369845326794},
{5.26124,1.51884,1.369903326794},
{5.26083,1.51968,1.369960326794},
{5.26042,1.52053,1.370018326794},
{5.26,1.52137,1.370076326794},
{5.25959,1.52222,1.370133326794},
{5.25918,1.52306,1.370191326794},
{5.25876,1.52391,1.370249326794},
{5.25835,1.52475,1.370306326794},
{5.25794,1.5256,1.370364326794},
{5.25752,1.52644,1.370422326794},
{5.25711,1.52728,1.370479326794},
{5.2567,1.52813,1.370537326794},
{5.25628,1.52897,1.370595326794},
{5.25587,1.52982,1.370653326794},
{5.25546,1.53066,1.370710326794},
{5.25504,1.53151,1.370768326794},
{5.25463,1.53235,1.370826326794},
{5.25422,1.5332,1.370883326794},
{5.2538,1.53404,1.370941326794},
{5.25339,1.53489,1.370999326794},
{5.25298,1.53573,1.371056326794},
{5.25256,1.53658,1.371114326794},
{5.25215,1.53742,1.371172326794},
{5.25174,1.53827,1.371229326794},
{5.25132,1.53911,1.371287326794},
{5.25091,1.53995,1.371345326794},
{5.2505,1.5408,1.371402326794},
{5.25008,1.54164,1.371460326794},
{5.24967,1.54249,1.371518326794},
{5.24926,1.54333,1.371575326794},
{5.24884,1.54418,1.371633326794},
{5.24843,1.54502,1.371691326794},
{5.24802,1.54587,1.371748326794},
{5.2476,1.54671,1.371806326794},
{5.24719,1.54756,1.371864326794},
{5.24678,1.5484,1.371921326794},
{5.24636,1.54925,1.371979326794},
{5.24595,1.55009,1.372037326794},
{5.24554,1.55093,1.372094326794},
{5.24512,1.55178,1.372152326794},
{5.24471,1.55262,1.372210326794},
{5.2443,1.55347,1.372268326794},
{5.24388,1.55431,1.372325326794},
{5.24347,1.55516,1.372383326794},
{5.24306,1.556,1.372441326794},
{5.24264,1.55685,1.372498326794},
{5.24223,1.55769,1.372556326794},
{5.24182,1.55854,1.372614326794},
{5.24188,1.5584,1.372623326794},
{5.24148,1.55921,1.372708326794},
{5.24108,1.56003,1.372792326794},
{5.24068,1.56084,1.372877326794},
{5.24028,1.56165,1.372962326794},
{5.23988,1.56246,1.373047326794},
{5.23948,1.56328,1.373132326794},
{5.23908,1.56409,1.373217326794},
{5.23868,1.5649,1.373302326794},
{5.23828,1.56571,1.373387326794},
{5.23788,1.56653,1.373472326794},
{5.23748,1.56734,1.373557326794},
{5.23707,1.56815,1.373641326794},
{5.23667,1.56896,1.373726326794},
{5.23627,1.56978,1.373811326794},
{5.23587,1.57059,1.373896326794},
{5.23547,1.5714,1.373981326794},
{5.23507,1.57221,1.374066326794},
{5.23467,1.57303,1.374151326794},
{5.23427,1.57384,1.374236326794},
{5.23387,1.57465,1.374321326794},
{5.23347,1.57546,1.374406326794},
{5.23307,1.57628,1.374490326794},
{5.23267,1.57709,1.374575326794},
{5.23227,1.5779,1.374660326794},
{5.23187,1.57871,1.374745326794},
{5.23147,1.57953,1.374830326794},
{5.23107,1.58034,1.374915326794},
{5.23067,1.58115,1.375000326794},
{5.23026,1.58196,1.375085326794},
{5.22986,1.58278,1.375170326794},
{5.22946,1.58359,1.375255326794},
{5.22906,1.5844,1.375340326794},
{5.22866,1.58521,1.375424326794},
{5.22826,1.58603,1.375509326794},
{5.22786,1.58684,1.375594326794},
{5.22746,1.58765,1.375679326794},
{5.22706,1.58846,1.375764326794},
{5.22666,1.58928,1.375849326794},
{5.22626,1.59009,1.375934326794},
{5.22586,1.5909,1.376019326794},
{5.22546,1.59171,1.376104326794},
{5.22506,1.59253,1.376189326794},
{5.22466,1.59334,1.376273326794},
{5.22426,1.59415,1.376358326794},
{5.22386,1.59496,1.376443326794},
{5.22346,1.59578,1.376528326794},
{5.22305,1.59659,1.376613326794},
{5.22265,1.5974,1.376698326794},
{5.22225,1.59821,1.376783326794},
{5.22185,1.59903,1.376868326794},
{5.22145,1.59984,1.376953326794},
{5.22105,1.60065,1.377038326794},
{5.22065,1.60146,1.377123326794},
{5.22025,1.60228,1.377207326794},
{5.21985,1.60309,1.377292326794},
{5.21945,1.6039,1.377377326794},
{5.21905,1.60471,1.377462326794},
{5.21865,1.60553,1.377547326794},
{5.21825,1.60634,1.377632326794},
{5.21785,1.60715,1.377717326794},
{5.21745,1.60796,1.377802326794},
{5.21705,1.60878,1.377887326794},
{5.21665,1.60959,1.377972326794},
{5.21624,1.6104,1.378056326794},
{5.21584,1.61121,1.378141326794},
{5.21544,1.61203,1.378226326794},
{5.21504,1.61284,1.378311326794},
{5.21464,1.61365,1.378396326794},
{5.21424,1.61446,1.378481326794},
{5.21384,1.61528,1.378566326794},
{5.21344,1.61609,1.378651326794},
{5.21304,1.6169,1.378736326794},
{5.21264,1.61772,1.378821326794},
{5.21224,1.61853,1.378906326794},
{5.21184,1.61934,1.378990326794},
{5.21144,1.62015,1.379075326794},
{5.21104,1.62097,1.379160326794},
{5.21064,1.62178,1.379245326794},
{5.21083,1.62137,1.379235326794},
{5.21045,1.62215,1.379353326794},
{5.21006,1.62292,1.379471326794},
{5.20967,1.6237,1.379589326794},
{5.20929,1.62447,1.379706326794},
{5.2089,1.62524,1.379824326794},
{5.20851,1.62602,1.379942326794},
{5.20813,1.62679,1.380060326794},
{5.20774,1.62757,1.380177326794},
{5.20735,1.62834,1.380295326794},
{5.20697,1.62911,1.380413326794},
{5.20658,1.62989,1.380531326794},
{5.2062,1.63066,1.380648326794},
{5.20581,1.63144,1.380766326794},
{5.20542,1.63221,1.380884326794},
{5.20504,1.63298,1.381002326794},
{5.20465,1.63376,1.381120326794},
{5.20426,1.63453,1.381237326794},
{5.20388,1.6353,1.381355326794},
{5.20349,1.63608,1.381473326794},
{5.20311,1.63685,1.381591326794},
{5.20272,1.63763,1.381708326794},
{5.20233,1.6384,1.381826326794},
{5.20195,1.63917,1.381944326794},
{5.20156,1.63995,1.382062326794},
{5.20117,1.64072,1.382180326794},
{5.20079,1.6415,1.382297326794},
{5.2004,1.64227,1.382415326794},
{5.20001,1.64304,1.382533326794},
{5.19963,1.64382,1.382651326794},
{5.19924,1.64459,1.382768326794},
{5.19886,1.64536,1.382886326794},
{5.19847,1.64614,1.383004326794},
{5.19808,1.64691,1.383122326794},
{5.1977,1.64769,1.383239326794},
{5.19731,1.64846,1.383357326794},
{5.19692,1.64923,1.383475326794},
{5.19654,1.65001,1.383593326794},
{5.19615,1.65078,1.383711326794},
{5.19577,1.65156,1.383828326794},
{5.19538,1.65233,1.383946326794},
{5.19499,1.6531,1.384064326794},
{5.19461,1.65388,1.384182326794},
{5.19422,1.65465,1.384299326794},
{5.19383,1.65543,1.384417326794},
{5.19345,1.6562,1.384535326794},
{5.19306,1.65697,1.384653326794},
{5.19267,1.65775,1.384771326794},
{5.19229,1.65852,1.384888326794},
{5.1919,1.65929,1.385006326794},
{5.19152,1.66007,1.385124326794},
{5.19113,1.66084,1.385242326794},
{5.19074,1.66162,1.385359326794},
{5.19036,1.66239,1.385477326794},
{5.18997,1.66316,1.385595326794},
{5.18958,1.66394,1.385713326794},
{5.1892,1.66471,1.385830326794},
{5.18881,1.66549,1.385948326794},
{5.18843,1.66626,1.386066326794},
{5.18804,1.66703,1.386184326794},
{5.18765,1.66781,1.386302326794},
{5.18727,1.66858,1.386419326794},
{5.18688,1.66935,1.386537326794},
{5.18649,1.67013,1.386655326794},
{5.18611,1.6709,1.386773326794},
{5.18572,1.67168,1.386890326794},
{5.18533,1.67245,1.387008326794},
{5.18495,1.67322,1.387126326794},
{5.18456,1.674,1.387244326794},
{5.18418,1.67477,1.387362326794},
{5.18379,1.67555,1.387479326794},
{5.1834,1.67632,1.387597326794},
{5.18302,1.67709,1.387715326794},
{5.18263,1.67787,1.387833326794},
{5.18224,1.67864,1.387950326794},
{5.18186,1.67942,1.388068326794},
{5.18147,1.68019,1.388186326794},
{5.18178,1.67957,1.388117326794},
{5.18141,1.6803,1.388272326794},
{5.18103,1.68103,1.388427326794},
{5.18066,1.68176,1.388582326794},
{5.18029,1.68249,1.388737326794},
{5.17992,1.68322,1.388893326794},
{5.17955,1.68395,1.389048326794},
{5.17918,1.68468,1.389203326794},
{5.17881,1.68541,1.389358326794},
{5.17844,1.68613,1.389513326794},
{5.17807,1.68686,1.389668326794},
{5.1777,1.68759,1.389823326794},
{5.17733,1.68832,1.389978326794},
{5.17696,1.68905,1.390133326794},
{5.17659,1.68978,1.390288326794},
{5.17622,1.69051,1.390443326794},
{5.17584,1.69124,1.390598326794},
{5.17547,1.69197,1.390753326794},
{5.1751,1.6927,1.390908326794},
{5.17473,1.69343,1.391063326794},
{5.17436,1.69416,1.391218326794},
{5.17399,1.69489,1.391373326794},
{5.17362,1.69562,1.391528326794},
{5.17325,1.69635,1.391683326794},
{5.17288,1.69707,1.391839326794},
{5.17251,1.6978,1.391994326794},
{5.17214,1.69853,1.392149326794},
{5.17177,1.69926,1.392304326794},
{5.1714,1.69999,1.392459326794},
{5.17103,1.70072,1.392614326794},
{5.17065,1.70145,1.392769326794},
{5.17028,1.70218,1.392924326794},
{5.16991,1.70291,1.393079326794},
{5.16954,1.70364,1.393234326794},
{5.16917,1.70437,1.393389326794},
{5.1688,1.7051,1.393544326794},
{5.16843,1.70583,1.393699326794},
{5.16806,1.70656,1.393854326794},
{5.16769,1.70729,1.394009326794},
{5.16732,1.70801,1.394164326794},
{5.16695,1.70874,1.394319326794},
{5.16658,1.70947,1.394474326794},
{5.16621,1.7102,1.394629326794},
{5.16584,1.71093,1.394785326794},
{5.16546,1.71166,1.394940326794},
{5.16509,1.71239,1.395095326794},
{5.16472,1.71312,1.395250326794},
{5.16435,1.71385,1.395405326794},
{5.16398,1.71458,1.395560326794},
{5.16361,1.71531,1.395715326794},
{5.16324,1.71604,1.395870326794},
{5.16287,1.71677,1.396025326794},
{5.1625,1.7175,1.396180326794},
{5.16213,1.71823,1.396335326794},
{5.16176,1.71895,1.396490326794},
{5.16139,1.71968,1.396645326794},
{5.16102,1.72041,1.396800326794},
{5.16065,1.72114,1.396955326794},
{5.16027,1.72187,1.397110326794},
{5.1599,1.7226,1.397265326794},
{5.15953,1.72333,1.397420326794},
{5.15916,1.72406,1.397576326794},
{5.15879,1.72479,1.397731326794},
{5.15842,1.72552,1.397886326794},
{5.15805,1.72625,1.398041326794},
{5.15768,1.72698,1.398196326794},
{5.15731,1.72771,1.398351326794},
{5.15694,1.72844,1.398506326794},
{5.15657,1.72917,1.398661326794},
{5.1562,1.72989,1.398816326794},
{5.15583,1.73062,1.398971326794},
{5.15546,1.73135,1.399126326794},
{5.15508,1.73208,1.399281326794},
{5.15471,1.73281,1.399436326794},
{5.15434,1.73354,1.399591326794},
{5.15474,1.73276,1.399427326794},
{5.15439,1.73344,1.399622326794},
{5.15403,1.73412,1.399817326794},
{5.15368,1.7348,1.400011326794},
{5.15333,1.73548,1.400206326794},
{5.15297,1.73616,1.400401326794},
{5.15262,1.73684,1.400596326794},
{5.15226,1.73752,1.400790326794},
{5.15191,1.7382,1.400985326794},
{5.15156,1.73888,1.401180326794},
{5.1512,1.73956,1.401374326794},
{5.15085,1.74024,1.401569326794},
{5.1505,1.74092,1.401764326794},
{5.15014,1.7416,1.401959326794},
{5.14979,1.74228,1.402153326794},
{5.14943,1.74295,1.402348326794},
{5.14908,1.74363,1.402543326794},
{5.14873,1.74431,1.402737326794},
{5.14837,1.74499,1.402932326794},
{5.14802,1.74567,1.403127326794},
{5.14767,1.74635,1.403322326794},
{5.14731,1.74703,1.403516326794},
{5.14696,1.74771,1.403711326794},
{5.1466,1.74839,1.403906326794},
{5.14625,1.74907,1.404101326794},
{5.1459,1.74975,1.404295326794},
{5.14554,1.75043,1.404490326794},
{5.14519,1.75111,1.404685326794},
{5.14484,1.75179,1.404879326794},
{5.14448,1.75247,1.405074326794},
{5.14413,1.75315,1.405269326794},
{5.14378,1.75383,1.405464326794},
{5.14342,1.75451,1.405658326794},
{5.14307,1.75519,1.405853326794},
{5.14271,1.75587,1.406048326794},
{5.14236,1.75655,1.406242326794},
{5.14201,1.75723,1.406437326794},
{5.14165,1.75791,1.406632326794},
{5.1413,1.75859,1.406827326794},
{5.14095,1.75927,1.407021326794},
{5.14059,1.75995,1.407216326794},
{5.14024,1.76063,1.407411326794},
{5.13988,1.76131,1.407606326794},
{5.13953,1.76199,1.407800326794},
{5.13918,1.76267,1.407995326794},
{5.13882,1.76335,1.408190326794},
{5.13847,1.76403,1.408384326794},
{5.13812,1.76471,1.408579326794},
{5.13776,1.76539,1.408774326794},
{5.13741,1.76607,1.408969326794},
{5.13705,1.76674,1.409163326794},
{5.1367,1.76742,1.409358326794},
{5.13635,1.7681,1.409553326794},
{5.13599,1.76878,1.409747326794},
{5.13564,1.76946,1.409942326794},
{5.13529,1.77014,1.410137326794},
{5.13493,1.77082,1.410332326794},
{5.13458,1.7715,1.410526326794},
{5.13422,1.77218,1.410721326794},
{5.13387,1.77286,1.410916326794},
{5.13352,1.77354,1.411111326794},
{5.13316,1.77422,1.411305326794},
{5.13281,1.7749,1.411500326794},
{5.13246,1.77558,1.411695326794},
{5.1321,1.77626,1.411889326794},
{5.13175,1.77694,1.412084326794},
{5.13139,1.77762,1.412279326794},
{5.13104,1.7783,1.412474326794},
{5.13069,1.77898,1.412668326794},
{5.13033,1.77966,1.412863326794},
{5.12998,1.78034,1.413058326794},
{5.12963,1.78102,1.413253326794},
{5.12927,1.7817,1.413447326794},
{5.12892,1.78238,1.413642326794},
{5.12941,1.78142,1.413399326794},
{5.12908,1.78204,1.413633326794},
{5.12874,1.78267,1.413867326794},
{5.12841,1.7833,1.414101326794},
{5.12807,1.78392,1.414336326794},
{5.12774,1.78455,1.414570326794},
{5.1274,1.78517,1.414804326794},
{5.12707,1.7858,1.415038326794},
{5.12673,1.78643,1.415272326794},
{5.1264,1.78705,1.415506326794},
{5.12606,1.78768,1.415740326794},
{5.12573,1.7883,1.415974326794},
{5.12539,1.78893,1.416209326794},
{5.12505,1.78956,1.416443326794},
{5.12472,1.79018,1.416677326794},
{5.12438,1.79081,1.416911326794},
{5.12405,1.79143,1.417145326794},
{5.12371,1.79206,1.417379326794},
{5.12338,1.79269,1.417613326794},
{5.12304,1.79331,1.417847326794},
{5.12271,1.79394,1.418082326794},
{5.12237,1.79456,1.418316326794},
{5.12204,1.79519,1.418550326794},
{5.1217,1.79582,1.418784326794},
{5.12137,1.79644,1.419018326794},
{5.12103,1.79707,1.419252326794},
{5.1207,1.79769,1.419486326794},
{5.12036,1.79832,1.419720326794},
{5.12003,1.79895,1.419955326794},
{5.11969,1.79957,1.420189326794},
{5.11936,1.8002,1.420423326794},
{5.11902,1.80082,1.420657326794},
{5.11869,1.80145,1.420891326794},
{5.11835,1.80208,1.421125326794},
{5.11802,1.8027,1.421359326794},
{5.11768,1.80333,1.421593326794},
{5.11735,1.80395,1.421827326794},
{5.11701,1.80458,1.422062326794},
{5.11667,1.80521,1.422296326794},
{5.11634,1.80583,1.422530326794},
{5.116,1.80646,1.422764326794},
{5.11567,1.80708,1.422998326794},
{5.11533,1.80771,1.423232326794},
{5.115,1.80834,1.423466326794},
{5.11466,1.80896,1.423700326794},
{5.11433,1.80959,1.423935326794},
{5.11399,1.81021,1.424169326794},
{5.11366,1.81084,1.424403326794},
{5.11332,1.81147,1.424637326794},
{5.11299,1.81209,1.424871326794},
{5.11265,1.81272,1.425105326794},
{5.11232,1.81334,1.425339326794},
{5.11198,1.81397,1.425573326794},
{5.11165,1.8146,1.425808326794},
{5.11131,1.81522,1.426042326794},
{5.11098,1.81585,1.426276326794},
{5.11064,1.81647,1.426510326794},
{5.11031,1.8171,1.426744326794},
{5.10997,1.81773,1.426978326794},
{5.10964,1.81835,1.427212326794},
{5.1093,1.81898,1.427446326794},
{5.10897,1.8196,1.427681326794},
{5.10863,1.82023,1.427915326794},
{5.10829,1.82086,1.428149326794},
{5.10796,1.82148,1.428383326794},
{5.10762,1.82211,1.428617326794},
{5.10729,1.82273,1.428851326794},
{5.10695,1.82336,1.429085326794},
{5.10662,1.82399,1.429319326794},
{5.10628,1.82461,1.429553326794},
{5.10595,1.82524,1.429788326794},
{5.10651,1.82418,1.429419326794},
{5.1062,1.82475,1.429689326794},
{5.10588,1.82531,1.429959326794},
{5.10557,1.82588,1.430229326794},
{5.10525,1.82645,1.430499326794},
{5.10494,1.82702,1.430769326794},
{5.10462,1.82759,1.431039326794},
{5.10431,1.82816,1.431309326794},
{5.10399,1.82873,1.431579326794},
{5.10368,1.8293,1.431849326794},
{5.10336,1.82987,1.432119326794},
{5.10305,1.83044,1.432389326794},
{5.10273,1.83101,1.432660326794},
{5.10242,1.83158,1.432930326794},
{5.1021,1.83215,1.433200326794},
{5.10179,1.83272,1.433470326794},
{5.10147,1.83328,1.433740326794},
{5.10116,1.83385,1.434010326794},
{5.10084,1.83442,1.434280326794},
{5.10053,1.83499,1.434550326794},
{5.10021,1.83556,1.434820326794},
{5.0999,1.83613,1.435090326794},
{5.09958,1.8367,1.435360326794},
{5.09927,1.83727,1.435630326794},
{5.09895,1.83784,1.435901326794},
{5.09864,1.83841,1.436171326794},
{5.09832,1.83898,1.436441326794},
{5.09801,1.83955,1.436711326794},
{5.0977,1.84012,1.436981326794},
{5.09738,1.84069,1.437251326794},
{5.09707,1.84126,1.437521326794},
{5.09675,1.84182,1.437791326794},
{5.09644,1.84239,1.438061326794},
{5.09612,1.84296,1.438331326794},
{5.09581,1.84353,1.438601326794},
{5.09549,1.8441,1.438871326794},
{5.09518,1.84467,1.439142326794},
{5.09486,1.84524,1.439412326794},
{5.09455,1.84581,1.439682326794},
{5.09423,1.84638,1.439952326794},
{5.09392,1.84695,1.440222326794},
{5.0936,1.84752,1.440492326794},
{5.09329,1.84809,1.440762326794},
{5.09297,1.84866,1.441032326794},
{5.09266,1.84923,1.441302326794},
{5.09234,1.84979,1.441572326794},
{5.09203,1.85036,1.441842326794},
{5.09171,1.85093,1.442112326794},
{5.0914,1.8515,1.442383326794},
{5.09108,1.85207,1.442653326794},
{5.09077,1.85264,1.442923326794},
{5.09045,1.85321,1.443193326794},
{5.09014,1.85378,1.443463326794},
{5.08982,1.85435,1.443733326794},
{5.08951,1.85492,1.444003326794},
{5.08919,1.85549,1.444273326794},
{5.08888,1.85606,1.444543326794},
{5.08856,1.85663,1.444813326794},
{5.08825,1.8572,1.445083326794},
{5.08793,1.85776,1.445353326794},
{5.08762,1.85833,1.445624326794},
{5.0873,1.8589,1.445894326794},
{5.08699,1.85947,1.446164326794},
{5.08667,1.86004,1.446434326794},
{5.08636,1.86061,1.446704326794},
{5.08604,1.86118,1.446974326794},
{5.08573,1.86175,1.447244326794},
{5.08541,1.86232,1.447514326794},
{5.08602,1.86122,1.446995326794},
{5.08573,1.86173,1.447294326794},
{5.08544,1.86224,1.447594326794},
{5.08514,1.86275,1.447893326794},
{5.08485,1.86326,1.448193326794},
{5.08456,1.86377,1.448492326794},
{5.08427,1.86428,1.448792326794},
{5.08397,1.86479,1.449091326794},
{5.08368,1.86531,1.449391326794},
{5.08339,1.86582,1.449690326794},
{5.0831,1.86633,1.449990326794},
{5.0828,1.86684,1.450289326794},
{5.08251,1.86735,1.450589326794},
{5.08222,1.86786,1.450888326794},
{5.08193,1.86837,1.451188326794},
{5.08163,1.86888,1.451487326794},
{5.08134,1.86939,1.451786326794},
{5.08105,1.8699,1.452086326794},
{5.08076,1.87041,1.452385326794},
{5.08046,1.87092,1.452685326794},
{5.08017,1.87144,1.452984326794},
{5.07988,1.87195,1.453284326794},
{5.07959,1.87246,1.453583326794},
{5.07929,1.87297,1.453883326794},
{5.079,1.87348,1.454182326794},
{5.07871,1.87399,1.454482326794},
{5.07842,1.8745,1.454781326794},
{5.07812,1.87501,1.455081326794},
{5.07783,1.87552,1.455380326794},
{5.07754,1.87603,1.455679326794},
{5.07724,1.87654,1.455979326794},
{5.07695,1.87706,1.456278326794},
{5.07666,1.87757,1.456578326794},
{5.07637,1.87808,1.456877326794},
{5.07607,1.87859,1.457177326794},
{5.07578,1.8791,1.457476326794},
{5.07549,1.87961,1.457776326794},
{5.0752,1.88012,1.458075326794},
{5.0749,1.88063,1.458375326794},
{5.07461,1.88114,1.458674326794},
{5.07432,1.88165,1.458974326794},
{5.07403,1.88216,1.459273326794},
{5.07373,1.88267,1.459572326794},
{5.07344,1.88319,1.459872326794},
{5.07315,1.8837,1.460171326794},
{5.07286,1.88421,1.460471326794},
{5.07256,1.88472,1.460770326794},
{5.07227,1.88523,1.461070326794},
{5.07198,1.88574,1.461369326794},
{5.07169,1.88625,1.461669326794},
{5.07139,1.88676,1.461968326794},
{5.0711,1.88727,1.462268326794},
{5.07081,1.88778,1.462567326794},
{5.07052,1.88829,1.462867326794},
{5.07022,1.8888,1.463166326794},
{5.06993,1.88932,1.463466326794},
{5.06964,1.88983,1.463765326794},
{5.06935,1.89034,1.464064326794},
{5.06905,1.89085,1.464364326794},
{5.06876,1.89136,1.464663326794},
{5.06847,1.89187,1.464963326794},
{5.06817,1.89238,1.465262326794},
{5.06788,1.89289,1.465562326794},
{5.06759,1.8934,1.465861326794},
{5.0673,1.89391,1.466161326794},
{5.067,1.89442,1.466460326794},
{5.06766,1.89327,1.465815326794},
{5.06739,1.89372,1.466134326794},
{5.06712,1.89418,1.466453326794},
{5.06685,1.89463,1.466773326794},
{5.06659,1.89508,1.467092326794},
{5.06632,1.89553,1.467411326794},
{5.06605,1.89598,1.467731326794},
{5.06578,1.89644,1.468050326794},
{5.06551,1.89689,1.468369326794},
{5.06525,1.89734,1.468689326794},
{5.06498,1.89779,1.469008326794},
{5.06471,1.89824,1.469327326794},
{5.06444,1.89869,1.469647326794},
{5.06417,1.89915,1.469966326794},
{5.0639,1.8996,1.470285326794},
{5.06364,1.90005,1.470605326794},
{5.06337,1.9005,1.470924526794},
{5.0631,1.90095,1.471243926794},
{5.06283,1.90141,1.471563226794},
{5.06256,1.90186,1.471882626794},
{5.0623,1.90231,1.472201926794},
{5.06203,1.90276,1.472521326794},
{5.06176,1.90321,1.472840626794},
{5.06149,1.90366,1.473160026794},
{5.06122,1.90412,1.473479326794},
{5.06095,1.90457,1.473798726794},
{5.06069,1.90502,1.474118026794},
{5.06042,1.90547,1.474437426794},
{5.06015,1.90592,1.474756726794},
{5.05988,1.90638,1.475076126794},
{5.05961,1.90683,1.475395426794},
{5.05935,1.90728,1.475714826794},
{5.05908,1.90773,1.476034126794},
{5.05881,1.90818,1.476353526794},
{5.05854,1.90863,1.476672826794},
{5.05827,1.90909,1.476992226794},
{5.05801,1.90954,1.477311526794},
{5.05774,1.90999,1.477630926794},
{5.05747,1.91044,1.477950226794},
{5.0572,1.91089,1.478269626794},
{5.05693,1.91135,1.478588926794},
{5.05666,1.9118,1.478908326794},
{5.0564,1.91225,1.479227726794},
{5.05613,1.9127,1.479547026794},
{5.05586,1.91315,1.479866426794},
{5.05559,1.9136,1.480185726794},
{5.05532,1.91406,1.480505126794},
{5.05506,1.91451,1.480824426794},
{5.05479,1.91496,1.481143826794},
{5.05452,1.91541,1.481463126794},
{5.05425,1.91586,1.481782526794},
{5.05398,1.91632,1.482101826794},
{5.05371,1.91677,1.482421226794},
{5.05345,1.91722,1.482740526794},
{5.05318,1.91767,1.483059926794},
{5.05291,1.91812,1.483379226794},
{5.05264,1.91857,1.483698626794},
{5.05237,1.91903,1.484017926794},
{5.05211,1.91948,1.484337326794},
{5.05184,1.91993,1.484656626794},
{5.05157,1.92038,1.484976026794},
{5.0513,1.92083,1.485295326794},
{5.05196,1.91972,1.484517226794},
{5.05172,1.92011,1.484844926794},
{5.05148,1.92051,1.485172626794},
{5.05124,1.9209,1.485500326794},
{5.051,1.92129,1.485828026794},
{5.05075,1.92169,1.486155726794},
{5.05051,1.92208,1.486483526794},
{5.05027,1.92247,1.486811226794},
{5.05003,1.92287,1.487138926794},
{5.04979,1.92326,1.487466626794},
{5.04955,1.92365,1.487794326794},
{5.0493,1.92405,1.488122026794},
{5.04906,1.92444,1.488449726794},
{5.04882,1.92483,1.488777526794},
{5.04858,1.92523,1.489105226794},
{5.04834,1.92562,1.489432926794},
{5.0481,1.92601,1.489760626794},
{5.04785,1.92641,1.490088326794},
{5.04761,1.9268,1.490416026794},
{5.04737,1.92719,1.490743826794},
{5.04713,1.92759,1.491071526794},
{5.04689,1.92798,1.491399226794},
{5.04665,1.92837,1.491726926794},
{5.0464,1.92877,1.492054626794},
{5.04616,1.92916,1.492382326794},
{5.04592,1.92955,1.492710026794},
{5.04568,1.92995,1.493037826794},
{5.04544,1.93034,1.493365526794},
{5.0452,1.93073,1.493693226794},
{5.04495,1.93113,1.494020926794},
{5.04471,1.93152,1.494348626794},
{5.04447,1.93192,1.494676326794},
{5.04423,1.93231,1.495004026794},
{5.04399,1.9327,1.495331826794},
{5.04374,1.9331,1.495659526794},
{5.0435,1.93349,1.495987226794},
{5.04326,1.93388,1.496314926794},
{5.04302,1.93428,1.496642626794},
{5.04278,1.93467,1.496970326794},
{5.04254,1.93506,1.497298026794},
{5.04229,1.93546,1.497625826794},
{5.04205,1.93585,1.497953526794},
{5.04181,1.93624,1.498281226794},
{5.04157,1.93664,1.498608926794},
{5.04133,1.93703,1.498936626794},
{5.04109,1.93742,1.499264326794},
{5.04084,1.93782,1.499592126794},
{5.0406,1.93821,1.499919826794},
{5.04036,1.9386,1.500247526794},
{5.04012,1.939,1.500575226794},
{5.03988,1.93939,1.500902926794},
{5.03964,1.93978,1.501230626794},
{5.03939,1.94018,1.501558326794},
{5.03915,1.94057,1.501886126794},
{5.03891,1.94096,1.502213826794},
{5.03867,1.94136,1.502541526794},
{5.03843,1.94175,1.502869226794},
{5.03819,1.94215,1.503196926794},
{5.03794,1.94254,1.503524626794},
{5.0386,1.94147,1.502645226794},
{5.03839,1.9418,1.502968626794},
{5.03817,1.94214,1.503292126794},
{5.03796,1.94248,1.503615526794},
{5.03775,1.94281,1.503939026794},
{5.03753,1.94315,1.504262526794},
{5.03732,1.94349,1.504585926794},
{5.03711,1.94382,1.504909426794},
{5.03689,1.94416,1.505232926794},
{5.03668,1.9445,1.505556326794},
{5.03647,1.94483,1.505879826794},
{5.03625,1.94517,1.506203326794},
{5.03604,1.94551,1.506526726794},
{5.03583,1.94584,1.506850226794},
{5.03561,1.94618,1.507173626794},
{5.0354,1.94652,1.507497126794},
{5.03519,1.94685,1.507820626794},
{5.03497,1.94719,1.508144026794},
{5.03476,1.94753,1.508467526794},
{5.03454,1.94786,1.508791026794},
{5.03433,1.9482,1.509114426794},
{5.03412,1.94854,1.509437926794},
{5.0339,1.94888,1.509761326794},
{5.03369,1.94921,1.510084826794},
{5.03348,1.94955,1.510408326794},
{5.03326,1.94989,1.510731726794},
{5.03305,1.95022,1.511055226794},
{5.03284,1.95056,1.511378726794},
{5.03262,1.9509,1.511702126794},
{5.03241,1.95123,1.512025626794},
{5.0322,1.95157,1.512349126794},
{5.03198,1.95191,1.512672526794},
{5.03177,1.95224,1.512996026794},
{5.03156,1.95258,1.513319426794},
{5.03134,1.95292,1.513642926794},
{5.03113,1.95325,1.513966426794},
{5.03091,1.95359,1.514289826794},
{5.0307,1.95393,1.514613326794},
{5.03049,1.95426,1.514936826794},
{5.03027,1.9546,1.515260226794},
{5.03006,1.95494,1.515583726794},
{5.02985,1.95527,1.515907226794},
{5.02963,1.95561,1.516230626794},
{5.02942,1.95595,1.516554126794},
{5.02921,1.95628,1.516877526794},
{5.02899,1.95662,1.517201026794},
{5.02878,1.95696,1.517524526794},
{5.02857,1.9573,1.517847926794},
{5.02835,1.95763,1.518171426794},
{5.02814,1.95797,1.518494926794},
{5.02793,1.95831,1.518818326794},
{5.02771,1.95864,1.519141826794},
{5.0275,1.95898,1.519465326794},
{5.02728,1.95932,1.519788726794},
{5.02707,1.95965,1.520112226794},
{5.02769,1.95867,1.519171526794},
{5.02751,1.95895,1.519478226794},
{5.02733,1.95923,1.519785026794},
{5.02714,1.95952,1.520091826794},
{5.02696,1.9598,1.520398626794},
{5.02677,1.96008,1.520705426794},
{5.02659,1.96036,1.521012126794},
{5.0264,1.96065,1.521318926794},
{5.02622,1.96093,1.521625726794},
{5.02604,1.96121,1.521932526794},
{5.02585,1.9615,1.522239326794},
{5.02567,1.96178,1.522546126794},
{5.02548,1.96206,1.522852826794},
{5.0253,1.96234,1.523159626794},
{5.02512,1.96263,1.523466426794},
{5.02493,1.96291,1.523773226794},
{5.02475,1.96319,1.524080026794},
{5.02456,1.96347,1.524386826794},
{5.02438,1.96376,1.524693526794},
{5.02419,1.96404,1.525000326794},
{5.02401,1.96432,1.525307126794},
{5.02383,1.96461,1.525613926794},
{5.02364,1.96489,1.525920726794},
{5.02346,1.96517,1.526227426794},
{5.02327,1.96545,1.526534226794},
{5.02309,1.96574,1.526841026794},
{5.0229,1.96602,1.527147826794},
{5.02272,1.9663,1.527454626794},
{5.02254,1.96658,1.527761426794},
{5.02235,1.96687,1.528068126794},
{5.02217,1.96715,1.528374926794},
{5.02198,1.96743,1.528681726794},
{5.0218,1.96772,1.528988526794},
{5.02161,1.968,1.529295326794},
{5.02143,1.96828,1.529602026794},
{5.02125,1.96856,1.529908826794},
{5.02106,1.96885,1.530215626794},
{5.02088,1.96913,1.530522426794},
{5.02069,1.96941,1.530829226794},
{5.02051,1.96969,1.531136026794},
{5.02032,1.96998,1.531442726794},
{5.02014,1.97026,1.531749526794},
{5.01996,1.97054,1.532056326794},
{5.01977,1.97082,1.532363126794},
{5.01959,1.97111,1.532669926794},
{5.0194,1.97139,1.532976626794},
{5.01922,1.97167,1.533283426794},
{5.01904,1.97196,1.533590226794},
{5.01885,1.97224,1.533897026794},
{5.01867,1.97252,1.534203826794},
{5.01848,1.9728,1.534510626794},
{5.0183,1.97309,1.534817326794},
{5.0189,1.97217,1.533840726794},
{5.01874,1.9724,1.534119726794},
{5.01859,1.97263,1.534398626794},
{5.01843,1.97286,1.534677526794},
{5.01828,1.97309,1.534956526794},
{5.01812,1.97333,1.535235426794},
{5.01797,1.97356,1.535514426794},
{5.01781,1.97379,1.535793326794},
{5.01766,1.97402,1.536072226794},
{5.0175,1.97425,1.536351226794},
{5.01735,1.97449,1.536630126794},
{5.01719,1.97472,1.536909126794},
{5.01704,1.97495,1.537188026794},
{5.01689,1.97518,1.537466926794},
{5.01673,1.97541,1.537745926794},
{5.01658,1.97564,1.538024826794},
{5.01642,1.97588,1.538303826794},
{5.01627,1.97611,1.538582726794},
{5.01611,1.97634,1.538861626794},
{5.01596,1.97657,1.539140626794},
{5.0158,1.9768,1.539419526794},
{5.01565,1.97704,1.539698426794},
{5.01549,1.97727,1.539977426794},
{5.01534,1.9775,1.540256326794},
{5.01518,1.97773,1.540535326794},
{5.01503,1.97796,1.540814226794},
{5.01488,1.9782,1.541093126794},
{5.01472,1.97843,1.541372126794},
{5.01457,1.97866,1.541651026794},
{5.01441,1.97889,1.541930026794},
{5.01426,1.97912,1.542208926794},
{5.0141,1.97936,1.542487826794},
{5.01395,1.97959,1.542766826794},
{5.01379,1.97982,1.543045726794},
{5.01364,1.98005,1.543324726794},
{5.01348,1.98028,1.543603626794},
{5.01333,1.98052,1.543882526794},
{5.01317,1.98075,1.544161526794},
{5.01302,1.98098,1.544440426794},
{5.01287,1.98121,1.544719326794},
{5.01271,1.98144,1.544998326794},
{5.01256,1.98168,1.545277226794},
{5.0124,1.98191,1.545556226794},
{5.01225,1.98214,1.545835126794},
{5.01209,1.98237,1.546114026794},
{5.01194,1.9826,1.546393026794},
{5.01178,1.98283,1.546671926794},
{5.01231,1.98204,1.545728626794},
{5.01219,1.98223,1.545970826794},
{5.01206,1.98241,1.546213026794},
{5.01194,1.9826,1.546455226794},
{5.01181,1.98278,1.546697526794},
{5.01168,1.98297,1.546939726794},
{5.01156,1.98315,1.547181926794},
{5.01143,1.98334,1.547424226794},
{5.01131,1.98352,1.547666426794},
{5.01118,1.98371,1.547908626794},
{5.01106,1.98389,1.548150926794},
{5.01093,1.98408,1.548393126794},
{5.01081,1.98426,1.548635326794},
{5.01068,1.98445,1.548877626794},
{5.01055,1.98463,1.549119826794},
{5.01043,1.98482,1.549362026794},
{5.0103,1.985,1.549604226794},
{5.01018,1.98519,1.549846526794},
{5.01005,1.98537,1.550088726794},
{5.00993,1.98556,1.550330926794},
{5.0098,1.98574,1.550573226794},
{5.00968,1.98593,1.550815426794},
{5.00955,1.98611,1.551057626794},
{5.00942,1.9863,1.551299926794},
{5.0093,1.98648,1.551542126794},
{5.00917,1.98667,1.551784326794},
{5.00905,1.98685,1.552026626794},
{5.00892,1.98704,1.552268826794},
{5.0088,1.98722,1.552511026794},
{5.00867,1.98741,1.552753326794},
{5.00855,1.98759,1.552995526794},
{5.00842,1.98778,1.553237726794},
{5.00829,1.98796,1.553479926794},
{5.00817,1.98815,1.553722226794},
{5.00804,1.98833,1.553964426794},
{5.00792,1.98852,1.554206626794},
{5.00779,1.9887,1.554448926794},
{5.00767,1.98889,1.554691126794},
{5.00754,1.98907,1.554933326794},
{5.00742,1.98926,1.555175626794},
{5.00729,1.98944,1.555417826794},
{5.00716,1.98963,1.555660026794},
{5.00704,1.98981,1.555902326794},
{5.00749,1.98914,1.555029826794},
{5.0074,1.98928,1.555229426794},
{5.0073,1.98943,1.555429026794},
{5.0072,1.98957,1.555628626794},
{5.0071,1.98971,1.555828226794},
{5.007,1.98985,1.556027926794},
{5.00691,1.99,1.556227526794},
{5.00681,1.99014,1.556427126794},
{5.00671,1.99028,1.556626726794},
{5.00661,1.99042,1.556826326794},
{5.00652,1.99057,1.557025926794},
{5.00642,1.99071,1.557225526794},
{5.00632,1.99085,1.557425126794},
{5.00622,1.99099,1.557624726794},
{5.00612,1.99114,1.557824326794},
{5.00603,1.99128,1.558023926794},
{5.00593,1.99142,1.558223526794},
{5.00583,1.99157,1.558423126794},
{5.00573,1.99171,1.558622726794},
{5.00563,1.99185,1.558822326794},
{5.00554,1.99199,1.559021926794},
{5.00544,1.99214,1.559221526794},
{5.00534,1.99228,1.559421126794},
{5.00524,1.99242,1.559620726794},
{5.00514,1.99256,1.559820426794},
{5.00505,1.99271,1.560020026794},
{5.00495,1.99285,1.560219626794},
{5.00485,1.99299,1.560419226794},
{5.00475,1.99313,1.560618826794},
{5.00465,1.99328,1.560818406794},
{5.00456,1.99342,1.561018016794},
{5.00446,1.99356,1.561217616794},
{5.00436,1.99371,1.561417226794},
{5.00426,1.99385,1.561616826794},
{5.00416,1.99399,1.561816436794},
{5.00407,1.99413,1.562016036794},
{5.00397,1.99428,1.562215646794},
{5.00387,1.99442,1.562415246794},
{5.00423,1.99389,1.561677086794},
{5.00416,1.99399,1.561831506794},
{5.00409,1.9941,1.561985926794},
{5.00402,1.9942,1.562140346794},
{5.00394,1.99431,1.562294766794},
{5.00387,1.99441,1.562449186794},
{5.0038,1.99452,1.562603606794},
{5.00372,1.99463,1.562758026794},
{5.00365,1.99473,1.562912436794},
{5.00358,1.99484,1.563066856794},
{5.00351,1.99494,1.563221276794},
{5.00343,1.99505,1.563375696794},
{5.00336,1.99515,1.563530116794},
{5.00329,1.99526,1.563684536794},
{5.00322,1.99536,1.563838956794},
{5.00314,1.99547,1.563993376794},
{5.00307,1.99557,1.564147796794},
{5.003,1.99568,1.564302216794},
{5.00293,1.99578,1.564456626794},
{5.00285,1.99589,1.564611046794},
{5.00278,1.99599,1.564765466794},
{5.00271,1.9961,1.564919886794},
{5.00263,1.9962,1.565074306794},
{5.00256,1.99631,1.565228726794},
{5.00249,1.99641,1.565383146794},
{5.00242,1.99652,1.565537566794},
{5.00234,1.99662,1.565691986794},
{5.00227,1.99673,1.565846406794},
{5.0022,1.99683,1.566000816794},
{5.00213,1.99694,1.566155236794},
{5.00205,1.99704,1.566309656794},
{5.00198,1.99715,1.566464076794},
{5.00191,1.99725,1.566618496794},
{5.00184,1.99736,1.566772916794},
{5.00212,1.99694,1.566168796794},
{5.00207,1.99702,1.566278796794},
{5.00202,1.99709,1.566388786794},
{5.00197,1.99716,1.566498776794},
{5.00192,1.99724,1.566608766794},
{5.00187,1.99731,1.566718766794},
{5.00182,1.99738,1.566828756794},
{5.00177,1.99745,1.566938746794},
{5.00172,1.99753,1.567048736794},
{5.00167,1.9976,1.567158726794},
{5.00162,1.99767,1.567268726794},
{5.00157,1.99774,1.567378716794},
{5.00151,1.99782,1.567488706794},
{5.00146,1.99789,1.567598696794},
{5.00141,1.99796,1.567708696794},
{5.00136,1.99803,1.567818686794},
{5.00131,1.99811,1.567928676794},
{5.00126,1.99818,1.568038666794},
{5.00121,1.99825,1.568148666794},
{5.00116,1.99833,1.568258656794},
{5.00111,1.9984,1.568368646794},
{5.00106,1.99847,1.568478636794},
{5.00101,1.99854,1.568588636794},
{5.00096,1.99862,1.568698626794},
{5.00091,1.99869,1.568808616794},
{5.00086,1.99876,1.568918606794},
{5.00081,1.99883,1.569028596794},
{5.00076,1.99891,1.569138596794},
{5.00071,1.99898,1.569248586794},
{5.00091,1.99868,1.568802336794},
{5.00088,1.99873,1.568872086794},
{5.00085,1.99878,1.568941826794},
{5.00082,1.99882,1.569011576794},
{5.00079,1.99887,1.569081326794},
{5.00075,1.99891,1.569151066794},
{5.00072,1.99896,1.569220816794},
{5.00069,1.99901,1.569290566794},
{5.00066,1.99905,1.569360306794},
{5.00063,1.9991,1.569430056794},
{5.00059,1.99914,1.569499796794},
{5.00056,1.99919,1.569569546794},
{5.00053,1.99923,1.569639296794},
{5.0005,1.99928,1.569709036794},
{5.00047,1.99933,1.569778786794},
{5.00044,1.99937,1.569848531794},
{5.0004,1.99942,1.569918277794},
{5.00037,1.99946,1.569988023794},
{5.00034,1.99951,1.570057769794},
{5.00031,1.99956,1.570127516794},
{5.00028,1.9996,1.570197262794},
{5.00024,1.99965,1.570267008794},
{5.00021,1.99969,1.570336754794},
{5.00018,1.99974,1.570406501794},
{5.00031,1.99955,1.570118625794},
{5.00029,1.99958,1.570156446794},
{5.00028,1.9996,1.570194267794},
{5.00026,1.99963,1.570232089794},
{5.00024,1.99965,1.570269910794},
{5.00022,1.99968,1.570307731794},
{5.00021,1.9997,1.570345553794},
{5.00019,1.99973,1.570383374794},
{5.00017,1.99975,1.570421196794},
{5.00016,1.99978,1.570459017794},
{5.00014,1.9998,1.570496838794},
{5.00012,1.99983,1.570534660794},
{5.0001,1.99985,1.570572481794},
{5.00009,1.99988,1.570610302794},
{5.00007,1.9999,1.570648124794},
{5.00005,1.99993,1.570685945794},
{5.00003,1.99995,1.570723767294},
{5.00002,1.99998,1.570761588694},
{5,2,1.570799410074},
{5.00007,1.9999,1.570642788794},
{5.00006,1.99991,1.570658557794},
{5.00006,1.99992,1.570674325794},
{5.00005,1.99993,1.570690094794},
{5.00004,1.99994,1.570705864094},
{5.00003,1.99995,1.570721632994},
{5.00003,1.99996,1.570737401894},
{5.00002,1.99997,1.570753170794},
{5.00001,1.99998,1.570768939694},
{5.00001,1.99999,1.570784708594},
{5,2,1.570800477514},
{4.99999,2.00001,1.570816246394},
{4.99998,2.00002,1.570832015294},
{4.99998,2.00003,1.570847784194},
{5.00001,1.99999,1.570782668694},
{5,1.99999,1.570786247994},
{5,2,1.570789827144},
{5,2,1.570793406354},
{5,2,1.570796985557},
{5,2,1.570800564764},
{5,2.00001,1.570804143964},
{4.99999,2.00001,1.570807723194},
{4.99999,2.00001,1.570811302394},
{5,2,1.570796326794}