{4.65,0.55,1.570796326794},
{4.65001,0.550013,1.570796401914},
{4.65002,0.55002,1.570796444909},
{4.65003,0.550027,1.570796487905},
{4.65008,0.550074,1.570796744284},
{4.6501,0.550091,1.570796823300},
{4.65012,0.550109,1.570796902315},
{4.65014,0.550126,1.570796981331},
{4.65015,0.550143,1.570797060347},
{4.65017,0.55016,1.570797139363},
{4.65019,0.550178,1.570797218378},
{4.6503,0.550274,1.570797639114},
{4.65033,0.550306,1.570797740504},
{4.65036,0.550337,1.570797841894},
{4.6504,0.550369,1.570797943274},
{4.65043,0.5504,1.570798044664},
{4.65047,0.550432,1.570798146054},
{4.6505,0.550464,1.570798247444},
{4.65053,0.550495,1.570798348834},
{4.65057,0.550527,1.570798450214},
{4.6506,0.550558,1.570798551604},
{4.65064,0.55059,1.570798652994},
{4.65067,0.550622,1.570798754384},
{4.65086,0.550799,1.570799296904},
{4.65092,0.550849,1.570799422664},
{4.65097,0.550899,1.570799548424},
{4.65102,0.550949,1.570799674184},
{4.65108,0.550999,1.570799799944},
{4.65113,0.551049,1.570799925714},
{4.65118,0.551099,1.570800051474},
{4.65124,0.551149,1.570800177234},
{4.65129,0.551198,1.570800302994},
{4.65135,0.551248,1.570800428754},
{4.6514,0.551298,1.570800554524},
{4.65145,0.551348,1.570800680284},
{4.65151,0.551398,1.570800806044},
{4.65156,0.551448,1.570800931804},
{4.65161,0.551498,1.570801057564},
{4.65189,0.551753,1.570801698864},
{4.65197,0.551825,1.570801847434},
{4.65205,0.551897,1.570801996004},
{4.65212,0.551968,1.570802144564},
{4.6522,0.55204,1.570802293134},
{4.65228,0.552112,1.570802441704},
{4.65236,0.552184,1.570802590274},
{4.65243,0.552256,1.570802738844},
{4.65251,0.552328,1.570802887404},
{4.65259,0.5524,1.570803035974},
{4.65267,0.552472,1.570803184544},
{4.65274,0.552544,1.570803333114},
{4.65282,0.552616,1.570803481684},
{4.6529,0.552687,1.570803630244},
{4.65298,0.552759,1.570803778814},
{4.65305,0.552831,1.570803927384},
{4.65313,0.552903,1.570804075954},
{4.65321,0.552975,1.570804224524},
{4.65329,0.553047,1.570804373084},
{4.65336,0.553119,1.570804521654},
{4.65376,0.553484,1.570805270984},
{4.65386,0.553581,1.570805446154},
{4.65397,0.553678,1.570805621324},
{4.65407,0.553776,1.570805796504},
{4.65418,0.553873,1.570805971674},
{4.65428,0.55397,1.570806146854},
{4.65439,0.554067,1.570806322024},
{4.65449,0.554165,1.570806497194},
{4.6546,0.554262,1.570806672394},
{4.6547,0.554359,1.570806847594},
{4.65481,0.554457,1.570807022694},
{4.65491,0.554554,1.570807197894},
{4.65502,0.554651,1.570807373094},
{4.65512,0.554748,1.570807548294},
{4.65523,0.554846,1.570807723394},
{4.65533,0.554943,1.570807898594},
{4.65544,0.55504,1.570808073794},
{4.65554,0.555137,1.570808248994},
{4.65565,0.555235,1.570808424094},
{4.65575,0.555332,1.570808599294},
{4.65586,0.555429,1.570808774494},
{4.65596,0.555527,1.570808949694},
{4.65607,0.555624,1.570809124794},
{4.65617,0.555721,1.570809299994},
{4.65669,0.556208,1.570810166194},
{4.65683,0.556334,1.570810358394},
{4.65697,0.556459,1.570810550594},
{4.6571,0.556585,1.570810742794},
{4.65724,0.55671,1.570810934994},
{4.65737,0.556836,1.570811127194},
{4.65751,0.556962,1.570811319394},
{4.65764,0.557087,1.570811511594},
{4.65778,0.557213,1.570811703794},
{4.65791,0.557338,1.570811895994},
{4.65805,0.557464,1.570812088194},
{4.65819,0.55759,1.570812280394},
{4.65832,0.557715,1.570812472594},
{4.65846,0.557841,1.570812664794},
{4.65859,0.557967,1.570812856994},
{4.65873,0.558092,1.570813049194},
{4.65886,0.558218,1.570813241394},
{4.659,0.558343,1.570813433594},
{4.65913,0.558469,1.570813625794},
{4.65927,0.558595,1.570813817994},
{4.6594,0.55872,1.570814010194},
{4.65954,0.558846,1.570814202394},
{4.65968,0.558971,1.570814394594},
{4.65981,0.559097,1.570814586794},
{4.65995,0.559223,1.570814778994},
{4.66008,0.559348,1.570814971194},
{4.66022,0.559474,1.570815163394},
{4.66035,0.5596,1.570815355594},
{4.66102,0.560219,1.570816290694},
{4.66119,0.560375,1.570816505794},
{4.66136,0.560532,1.570816720894},
{4.66153,0.560688,1.570816935994},
{4.6617,0.560845,1.570817151094},
{4.66186,0.561001,1.570817366194},
{4.66203,0.561158,1.570817581394},
{4.6622,0.561314,1.570817796494},
{4.66237,0.56147,1.570818011594},
{4.66254,0.561627,1.570818226694},
{4.66271,0.561783,1.570818441794},
{4.66288,0.56194,1.570818656894},
{4.66305,0.562096,1.570818872094},
{4.66321,0.562253,1.570819087194},
{4.66338,0.562409,1.570819302294},
{4.66355,0.562566,1.570819517394},
{4.66372,0.562722,1.570819732494},
{4.66389,0.562879,1.570819947694},
{4.66406,0.563035,1.570820162794},
{4.66423,0.563191,1.570820377894},
{4.6644,0.563348,1.570820592994},
{4.66456,0.563504,1.570820808094},
{4.66473,0.563661,1.570821023194},
{4.6649,0.563817,1.570821238394},
{4.66507,0.563974,1.570821453494},
{4.66524,0.56413,1.570821668594},
{4.66541,0.564287,1.570821883694},
{4.66558,0.564443,1.570822098794},
{4.66575,0.5646,1.570822313994},
{4.66591,0.564756,1.570822529094},
{4.66608,0.564912,1.570822744194},
{4.66625,0.565069,1.570822959294},
{4.66707,0.565831,1.570823975194},
{4.66728,0.56602,1.570824201194},
{4.66748,0.566209,1.570824427194},
{4.66769,0.566399,1.570824653194},
{4.66789,0.566588,1.570824879094},
{4.66809,0.566777,1.570825105094},
{4.6683,0.566967,1.570825331094},
{4.6685,0.567156,1.570825556994},
{4.66871,0.567345,1.570825782994},
{4.66891,0.567535,1.570826008994},
{4.66912,0.567724,1.570826234894},
{4.66932,0.567913,1.570826460894},
{4.66952,0.568102,1.570826686894},
{4.66973,0.568292,1.570826912794},
{4.66993,0.568481,1.570827138794},
{4.67014,0.56867,1.570827364794},
{4.67034,0.56886,1.570827590694},
{4.67054,0.569049,1.570827816694},
{4.67075,0.569238,1.570828042694},
{4.67095,0.569428,1.570828268594},
{4.67116,0.569617,1.570828494594},
{4.67136,0.569806,1.570828720594},
{4.67157,0.569995,1.570828946494},
{4.67177,0.570185,1.570829172494},
{4.67197,0.570374,1.570829398494},
{4.67218,0.570563,1.570829624394},
{4.67238,0.570753,1.570829850394},
{4.67259,0.570942,1.570830076394},
{4.67279,0.571131,1.570830302394},
{4.673,0.571321,1.570830528294},
{4.6732,0.57151,1.570830754294},
{4.6734,0.571699,1.570830980294},
{4.67361,0.571888,1.570831206194},
{4.67381,0.572078,1.570831432194},
{4.67402,0.572267,1.570831658194},
{4.67497,0.573148,1.570832683494},
{4.67521,0.573371,1.570832910594},
{4.67545,0.573595,1.570833137694},
{4.67569,0.573819,1.570833364894},
{4.67593,0.574042,1.570833591994},
{4.67617,0.574266,1.570833819094},
{4.67641,0.574489,1.570834046194},
{4.67665,0.574713,1.570834273294},
{4.6769,0.574937,1.570834500394},
{4.67714,0.57516,1.570834727594},
{4.67738,0.575384,1.570834954694},
{4.67762,0.575608,1.570835181794},
{4.67786,0.575831,1.570835408894},
{4.6781,0.576055,1.570835635994},
{4.67834,0.576278,1.570835863094},
{4.67858,0.576502,1.570836090294},
{4.67883,0.576726,1.570836317394},
{4.67907,0.576949,1.570836544494},
{4.67931,0.577173,1.570836771594},
{4.67955,0.577397,1.570836998694},
{4.67979,0.57762,1.570837225794},
{4.68003,0.577844,1.570837452894},
{4.68027,0.578067,1.570837680094},
{4.68051,0.578291,1.570837907194},
{4.68075,0.578515,1.570838134294},
{4.681,0.578738,1.570838361394},
{4.68124,0.578962,1.570838588494},
{4.68148,0.579186,1.570838815594},
{4.68172,0.579409,1.570839042794},
{4.68196,0.579633,1.570839269894},
{4.6822,0.579856,1.570839496994},
{4.68244,0.58008,1.570839724094},
{4.68268,0.580304,1.570839951194},
{4.68293,0.580527,1.570840178294},
{4.68317,0.580751,1.570840405394},
{4.68341,0.580975,1.570840632594},
{4.68365,0.581198,1.570840859694},
{4.68389,0.581422,1.570841086794},
{4.68413,0.581645,1.570841313894},
{4.68522,0.582654,1.570842312694},
{4.6855,0.582913,1.570842544994},
{4.68578,0.583172,1.570842777294},
{4.68606,0.583431,1.570843009694},
{4.68634,0.58369,1.570843241994},
{4.68662,0.583949,1.570843474394},
{4.68689,0.584208,1.570843706694},
{4.68717,0.584466,1.570843938994},
{4.68745,0.584725,1.570844171394},
{4.68773,0.584984,1.570844403694},
{4.68801,0.585243,1.570844636094},
{4.68829,0.585502,1.570844868394},
{4.68857,0.585761,1.570845100794},
{4.68885,0.58602,1.570845333094},
{4.68913,0.586279,1.570845565394},
{4.68941,0.586537,1.570845797794},
{4.68969,0.586796,1.570846030094},
{4.68997,0.587055,1.570846262494},
{4.69025,0.587314,1.570846494794},
{4.69052,0.587573,1.570846727194},
{4.6908,0.587832,1.570846959494},
{4.69108,0.588091,1.570847191794},
{4.69136,0.58835,1.570847424194},
{4.69164,0.588608,1.570847656494},
{4.69192,0.588867,1.570847888894},
{4.6922,0.589126,1.570848121194},
{4.69248,0.589385,1.570848353494},
{4.69276,0.589644,1.570848585894},
{4.69304,0.589903,1.570848818194},
{4.69332,0.590162,1.570849050594},
{4.6936,0.590421,1.570849282894},
{4.69388,0.59068,1.570849515294},
{4.69415,0.590938,1.570849747594},
{4.69443,0.591197,1.570849979894},
{4.69471,0.591456,1.570850212294},
{4.69499,0.591715,1.570850444594},
{4.69527,0.591974,1.570850676994},
{4.69555,0.592233,1.570850909294},
{4.69583,0.592492,1.570851141694},
{4.69611,0.592751,1.570851373994},
{4.69639,0.593009,1.570851606294},
{4.69667,0.593268,1.570851838694},
{4.69787,0.594381,1.570852807194},
{4.69819,0.594676,1.570853025694},
{4.6985,0.59497,1.570853244094},
{4.69882,0.595265,1.570853462494},
{4.69914,0.595559,1.570853680994},
{4.69946,0.595854,1.570853899394},
{4.69977,0.596148,1.570854117894},
{4.70009,0.596443,1.570854336294},
{4.70041,0.596737,1.570854554694},
{4.70073,0.597032,1.570854773194},
{4.70104,0.597326,1.570854991594},
{4.70136,0.597621,1.570855210094},
{4.70168,0.597915,1.570855428494},
{4.702,0.59821,1.570855646894},
{4.70231,0.598504,1.570855865394},
{4.70263,0.598799,1.570856083794},
{4.70295,0.599093,1.570856302194},
{4.70327,0.599388,1.570856520694},
{4.70359,0.599682,1.570856739094},
{4.7039,0.599977,1.570856957594},
{4.70422,0.600271,1.570857175994},
{4.70454,0.600566,1.570857394394},
{4.70486,0.60086,1.570857612894},
{4.70517,0.601155,1.570857831294},
{4.70549,0.601449,1.570858049794},
{4.70581,0.601744,1.570858268194},
{4.70613,0.602038,1.570858486594},
{4.70644,0.602333,1.570858705094},
{4.70676,0.602627,1.570858923494},
{4.70708,0.602922,1.570859141994},
{4.7074,0.603216,1.570859360394},
{4.70771,0.603511,1.570859578794},
{4.70803,0.603805,1.570859797294},
{4.70835,0.6041,1.570860015694},
{4.70867,0.604394,1.570860234194},
{4.70898,0.604689,1.570860452594},
{4.7093,0.604983,1.570860670994},
{4.70962,0.605277,1.570860889494},
{4.70994,0.605572,1.570861107894},
{4.71026,0.605866,1.570861326394},
{4.71057,0.606161,1.570861544794},
{4.71089,0.606455,1.570861763194},
{4.71121,0.60675,1.570861981694},
{4.71153,0.607044,1.570862200094},
{4.71184,0.607339,1.570862418594},
{4.71313,0.608534,1.570863294194},
{4.71349,0.608864,1.570863498894},
{4.71384,0.609194,1.570863703694},
{4.7142,0.609524,1.570863908394},
{4.71456,0.609854,1.570864113194},
{4.71491,0.610183,1.570864317894},
{4.71527,0.610513,1.570864522694},
{4.71562,0.610843,1.570864727394},
{4.71598,0.611173,1.570864932194},
{4.71633,0.611503,1.570865136894},
{4.71669,0.611833,1.570865341694},
{4.71705,0.612163,1.570865546494},
{4.7174,0.612493,1.570865751194},
{4.71776,0.612823,1.570865955994},
{4.71811,0.613152,1.570866160694},
{4.71847,0.613482,1.570866365494},
{4.71883,0.613812,1.570866570194},
{4.71918,0.614142,1.570866774994},
{4.71954,0.614472,1.570866979694},
{4.71989,0.614802,1.570867184494},
{4.72025,0.615132,1.570867389194},
{4.7206,0.615462,1.570867593994},
{4.72096,0.615792,1.570867798794},
{4.72132,0.616121,1.570868003494},
{4.72167,0.616451,1.570868208294},
{4.72203,0.616781,1.570868412994},
{4.72238,0.617111,1.570868617794},
{4.72274,0.617441,1.570868822494},
{4.72309,0.617771,1.570869027294},
{4.72345,0.618101,1.570869231994},
{4.72381,0.618431,1.570869436794},
{4.72416,0.618761,1.570869641494},
{4.72452,0.61909,1.570869846294},
{4.72487,0.61942,1.570870050994},
{4.72523,0.61975,1.570870255794},
{4.72559,0.62008,1.570870460594},
{4.72594,0.62041,1.570870665294},
{4.7263,0.62074,1.570870870094},
{4.72665,0.62107,1.570871074794},
{4.72701,0.6214,1.570871279594},
{4.72736,0.621729,1.570871484294},
{4.72772,0.622059,1.570871689094},
{4.72808,0.622389,1.570871893794},
{4.72843,0.622719,1.570872098594},
{4.72879,0.623049,1.570872303294},
{4.72914,0.623379,1.570872508094},
{4.7295,0.623709,1.570872712894},
{4.72985,0.624039,1.570872917594},
{4.73021,0.624369,1.570873122394},
{4.73161,0.625662,1.570873889394},
{4.732,0.626026,1.570874073994},
{4.73239,0.626391,1.570874258594},
{4.73278,0.626755,1.570874443194},
{4.73318,0.62712,1.570874627694},
{4.73357,0.627484,1.570874812294},
{4.73396,0.627849,1.570874996894},
{4.73436,0.628213,1.570875181494},
{4.73475,0.628578,1.570875365994},
{4.73514,0.628942,1.570875550594},
{4.73554,0.629307,1.570875735194},
{4.73593,0.629671,1.570875919794},
{4.73632,0.630036,1.570876104394},
{4.73672,0.6304,1.570876288894},
{4.73711,0.630765,1.570876473494},
{4.7375,0.631129,1.570876658094},
{4.7379,0.631494,1.570876842694},
{4.73829,0.631858,1.570877027294},
{4.73868,0.632223,1.570877211794},
{4.73907,0.632587,1.570877396394},
{4.73947,0.632952,1.570877580994},
{4.73986,0.633316,1.570877765594},
{4.74025,0.633681,1.570877950194},
{4.74065,0.634045,1.570878134694},
{4.74104,0.63441,1.570878319294},
{4.74143,0.634774,1.570878503894},
{4.74183,0.635139,1.570878688494},
{4.74222,0.635503,1.570878872994},
{4.74261,0.635868,1.570879057594},
{4.74301,0.636232,1.570879242194},
{4.7434,0.636597,1.570879426794},
{4.74379,0.636961,1.570879611394},
{4.74419,0.637326,1.570879795894},
{4.74458,0.63769,1.570879980494},
{4.74497,0.638055,1.570880165094},
{4.74536,0.638419,1.570880349694},
{4.74576,0.638784,1.570880534294},
{4.74615,0.639148,1.570880718794},
{4.74654,0.639513,1.570880903394},
{4.74694,0.639878,1.570881087994},
{4.74733,0.640242,1.570881272594},
{4.74772,0.640607,1.570881457194},
{4.74812,0.640971,1.570881641694},
{4.74851,0.641336,1.570881826294},
{4.7489,0.6417,1.570882010894},
{4.7493,0.642065,1.570882195494},
{4.74969,0.642429,1.570882380094},
{4.75008,0.642794,1.570882564594},
{4.75048,0.643158,1.570882749194},
{4.75087,0.643523,1.570882933794},
{4.75126,0.643887,1.570883118394},
{4.75271,0.645228,1.570883771394},
{4.75314,0.645626,1.570883929894},
{4.75357,0.646024,1.570884088294},
{4.754,0.646422,1.570884246794},
{4.75442,0.646819,1.570884405194},
{4.75485,0.647217,1.570884563694},
{4.75528,0.647615,1.570884722094},
{4.75571,0.648013,1.570884880594},
{4.75614,0.648411,1.570885038994},
{4.75657,0.648808,1.570885197494},
{4.757,0.649206,1.570885355894},
{4.75743,0.649604,1.570885514394},
{4.75786,0.650002,1.570885672794},
{4.75829,0.650399,1.570885831294},
{4.75871,0.650797,1.570885989694},
{4.75914,0.651195,1.570886148194},
{4.75957,0.651593,1.570886306594},
{4.76,0.651991,1.570886465094},
{4.76043,0.652388,1.570886623494},
{4.76086,0.652786,1.570886781994},
{4.76129,0.653184,1.570886940394},
{4.76172,0.653582,1.570887098894},
{4.76215,0.653979,1.570887257294},
{4.76258,0.654377,1.570887415794},
{4.763,0.654775,1.570887574194},
{4.76343,0.655173,1.570887732694},
{4.76386,0.655571,1.570887891094},
{4.76429,0.655968,1.570888049594},
{4.76472,0.656366,1.570888207994},
{4.76515,0.656764,1.570888366494},
{4.76558,0.657162,1.570888524894},
{4.76601,0.657559,1.570888683394},
{4.76644,0.657957,1.570888841794},
{4.76687,0.658355,1.570889000294},
{4.76729,0.658753,1.570889158794},
{4.76772,0.659151,1.570889317194},
{4.76815,0.659548,1.570889475694},
{4.76858,0.659946,1.570889634094},
{4.76901,0.660344,1.570889792594},
{4.76944,0.660742,1.570889950994},
{4.76987,0.661139,1.570890109494},
{4.7703,0.661537,1.570890267894},
{4.77073,0.661935,1.570890426394},
{4.77116,0.662333,1.570890584794},
{4.77158,0.662731,1.570890743294},
{4.77201,0.663128,1.570890901694},
{4.77244,0.663526,1.570891060194},
{4.77287,0.663924,1.570891218594},
{4.7733,0.664322,1.570891377094},
{4.77373,0.664719,1.570891535494},
{4.77416,0.665117,1.570891693994},
{4.77459,0.665515,1.570891852394},
{4.77502,0.665913,1.570892010894},
{4.77545,0.666311,1.570892169294},
{4.77693,0.667689,1.570892690294},
{4.7774,0.668118,1.570892823194},
{4.77786,0.668547,1.570892956094},
{4.77832,0.668977,1.570893088994},
{4.77878,0.669406,1.570893221894},
{4.77925,0.669835,1.570893354794},
{4.77971,0.670264,1.570893487594},
{4.78017,0.670693,1.570893620494},
{4.78064,0.671123,1.570893753394},
{4.7811,0.671552,1.570893886294},
{4.78156,0.671981,1.570894019194},
{4.78202,0.67241,1.570894152094},
{4.78249,0.672839,1.570894284894},
{4.78295,0.673268,1.570894417794},
{4.78341,0.673698,1.570894550694},
{4.78388,0.674127,1.570894683594},
{4.78434,0.674556,1.570894816494},
{4.7848,0.674985,1.570894949394},
{4.78526,0.675414,1.570895082194},
{4.78573,0.675843,1.570895215094},
{4.78619,0.676273,1.570895347994},
{4.78665,0.676702,1.570895480894},
{4.78712,0.677131,1.570895613794},
{4.78758,0.67756,1.570895746694},
{4.78804,0.677989,1.570895879494},
{4.7885,0.678419,1.570896012394},
{4.78897,0.678848,1.570896145294},
{4.78943,0.679277,1.570896278194},
{4.78989,0.679706,1.570896410794},
{4.79036,0.680135,1.570896543794},
{4.79082,0.680564,1.570896676794},
{4.79128,0.680994,1.570896809794},
{4.79174,0.681423,1.570896942794},
{4.79221,0.681852,1.570897075794},
{4.79267,0.682281,1.570897208794},
{4.79313,0.68271,1.570897340794},
{4.7936,0.68314,1.570897473794},
{4.79406,0.683569,1.570897606794},
{4.79452,0.683998,1.570897739794},
{4.79498,0.684427,1.570897872794},
{4.79545,0.684856,1.570898005794},
{4.79591,0.685285,1.570898138794},
{4.79637,0.685715,1.570898271794},
{4.79684,0.686144,1.570898404794},
{4.7973,0.686573,1.570898536794},
{4.79776,0.687002,1.570898669794},
{4.79822,0.687431,1.570898802794},
{4.79869,0.68786,1.570898935794},
{4.79915,0.68829,1.570899068794},
{4.79961,0.688719,1.570899201794},
{4.80008,0.689148,1.570899334794},
{4.80054,0.689577,1.570899467794},
{4.801,0.690006,1.570899599794},
{4.80146,0.690436,1.570899732794},
{4.80193,0.690865,1.570899865794},
{4.80239,0.691294,1.570899998794},
{4.80388,0.692672,1.570900409794},
{4.80437,0.693131,1.570900516794},
{4.80486,0.693589,1.570900622794},
{4.80536,0.694047,1.570900729794},
{4.80585,0.694505,1.570900836794},
{4.80635,0.694963,1.570900943794},
{4.80684,0.695421,1.570901050794},
{4.80734,0.69588,1.570901157794},
{4.80783,0.696338,1.570901264794},
{4.80832,0.696796,1.570901370794},
{4.80882,0.697254,1.570901477794},
{4.80931,0.697712,1.570901584794},
{4.80981,0.698171,1.570901691794},
{4.8103,0.698629,1.570901798794},
{4.81079,0.699087,1.570901905794},
{4.81129,0.699545,1.570902011794},
{4.81178,0.700003,1.570902118794},
{4.81228,0.700462,1.570902225794},
{4.81277,0.70092,1.570902332794},
{4.81327,0.701378,1.570902439794},
{4.81376,0.701836,1.570902546794},
{4.81425,0.702294,1.570902652794},
{4.81475,0.702753,1.570902759794},
{4.81524,0.703211,1.570902866794},
{4.81574,0.703669,1.570902973794},
{4.81623,0.704127,1.570903080794},
{4.81672,0.704585,1.570903187794},
{4.81722,0.705044,1.570903294794},
{4.81771,0.705502,1.570903400794},
{4.81821,0.70596,1.570903507794},
{4.8187,0.706418,1.570903614794},
{4.8192,0.706876,1.570903721794},
{4.81969,0.707334,1.570903828794},
{4.82018,0.707793,1.570903935794},
{4.82068,0.708251,1.570904041794},
{4.82117,0.708709,1.570904148794},
{4.82167,0.709167,1.570904255794},
{4.82216,0.709625,1.570904362794},
{4.82265,0.710084,1.570904469794},
{4.82315,0.710542,1.570904576794},
{4.82364,0.711,1.570904682794},
{4.82414,0.711458,1.570904789794},
{4.82463,0.711916,1.570904896794},
{4.82513,0.712375,1.570905003794},
{4.82562,0.712833,1.570905110794},
{4.82611,0.713291,1.570905217794},
{4.82661,0.713749,1.570905324794},
{4.8271,0.714207,1.570905430794},
{4.8276,0.714666,1.570905537794},
{4.82809,0.715124,1.570905644794},
{4.82858,0.715582,1.570905751794},
{4.82908,0.71604,1.570905858794},
{4.82957,0.716498,1.570905965794},
{4.83007,0.716957,1.570906071794},
{4.83056,0.717415,1.570906178794},
{4.83106,0.717873,1.570906285794},
{4.83155,0.718331,1.570906392794},
{4.83204,0.718789,1.570906499794},
{4.8335,0.720139,1.570906813794},
{4.83402,0.720623,1.570906895794},
{4.83454,0.721108,1.570906977794},
{4.83507,0.721592,1.570907059794},
{4.83559,0.722076,1.570907140794},
{4.83611,0.722561,1.570907222794},
{4.83663,0.723045,1.570907304794},
{4.83716,0.723529,1.570907385794},
{4.83768,0.724014,1.570907467794},
{4.8382,0.724498,1.570907549794},
{4.83872,0.724982,1.570907631794},
{4.83924,0.725467,1.570907712794},
{4.83977,0.725951,1.570907794794},
{4.84029,0.726435,1.570907876794},
{4.84081,0.72692,1.570907958794},
{4.84133,0.727404,1.570908039794},
{4.84186,0.727889,1.570908121794},
{4.84238,0.728373,1.570908203794},
{4.8429,0.728857,1.570908284794},
{4.84342,0.729342,1.570908366794},
{4.84395,0.729826,1.570908448794},
{4.84447,0.73031,1.570908530794},
{4.84499,0.730795,1.570908611794},
{4.84551,0.731279,1.570908693794},
{4.84604,0.731763,1.570908775794},
{4.84656,0.732248,1.570908856794},
{4.84708,0.732732,1.570908938794},
{4.8476,0.733216,1.570909020794},
{4.84813,0.733701,1.570909102794},
{4.84865,0.734185,1.570909183794},
{4.84917,0.73467,1.570909265794},
{4.84969,0.735154,1.570909347794},
{4.85021,0.735638,1.570909429794},
{4.85074,0.736123,1.570909510794},
{4.85126,0.736607,1.570909592794},
{4.85178,0.737091,1.570909674794},
{4.8523,0.737576,1.570909755794},
{4.85283,0.73806,1.570909837794},
{4.85335,0.738544,1.570909919794},
{4.85387,0.739029,1.570910001794},
{4.85439,0.739513,1.570910082794},
{4.85492,0.739998,1.570910164794},
{4.85544,0.740482,1.570910246794},
{4.85596,0.740966,1.570910327794},
{4.85648,0.741451,1.570910409794},
{4.85701,0.741935,1.570910491794},
{4.85753,0.742419,1.570910573794},
{4.85805,0.742904,1.570910654794},
{4.85857,0.743388,1.570910736794},
{4.8591,0.743872,1.570910818794},
{4.85962,0.744357,1.570910900794},
{4.86014,0.744841,1.570910981794},
{4.86066,0.745325,1.570911063794},
{4.86118,0.74581,1.570911145794},
{4.86171,0.746294,1.570911226794},
{4.86223,0.746779,1.570911308794},
{4.86275,0.747263,1.570911390794},
{4.86327,0.747747,1.570911472794},
{4.8638,0.748232,1.570911553794},
{4.86432,0.748716,1.570911635794},
{4.86484,0.7492,1.570911717794},
{4.86627,0.750523,1.570911926794},
{4.86681,0.75103,1.570911989794},
{4.86736,0.751537,1.570912052794},
{4.86791,0.752044,1.570912115794},
{4.86846,0.752552,1.570912177794},
{4.869,0.753059,1.570912240794},
{4.86955,0.753566,1.570912303794},
{4.8701,0.754073,1.570912366794},
{4.87064,0.754581,1.570912429794},
{4.87119,0.755088,1.570912491794},
{4.87174,0.755595,1.570912554794},
{4.87229,0.756102,1.570912617794},
{4.87283,0.75661,1.570912680794},
{4.87338,0.757117,1.570912742794},
{4.87393,0.757624,1.570912805794},
{4.87447,0.758131,1.570912868794},
{4.87502,0.758639,1.570912931794},
{4.87557,0.759146,1.570912994794},
{4.87611,0.759653,1.570913056794},
{4.87666,0.76016,1.570913119794},
{4.87721,0.760668,1.570913182794},
{4.87776,0.761175,1.570913245794},
{4.8783,0.761682,1.570913308794},
{4.87885,0.762189,1.570913370794},
{4.8794,0.762697,1.570913433794},
{4.87994,0.763204,1.570913496794},
{4.88049,0.763711,1.570913559794},
{4.88104,0.764218,1.570913621794},
{4.88159,0.764726,1.570913684794},
{4.88213,0.765233,1.570913747794},
{4.88268,0.76574,1.570913810794},
{4.88323,0.766247,1.570913873794},
{4.88377,0.766755,1.570913935794},
{4.88432,0.767262,1.570913998794},
{4.88487,0.767769,1.570914061794},
{4.88541,0.768277,1.570914124794},
{4.88596,0.768784,1.570914186794},
{4.88651,0.769291,1.570914249794},
{4.88706,0.769798,1.570914312794},
{4.8876,0.770306,1.570914375794},
{4.88815,0.770813,1.570914438794},
{4.8887,0.77132,1.570914500794},
{4.88924,0.771827,1.570914563794},
{4.88979,0.772335,1.570914626794},
{4.89034,0.772842,1.570914689794},
{4.89089,0.773349,1.570914752794},
{4.89143,0.773856,1.570914814794},
{4.89198,0.774364,1.570914877794},
{4.89253,0.774871,1.570914940794},
{4.89307,0.775378,1.570915003794},
{4.89362,0.775885,1.570915065794},
{4.89417,0.776393,1.570915128794},
{4.89471,0.7769,1.570915191794},
{4.89526,0.777407,1.570915254794},
{4.89581,0.777914,1.570915317794},
{4.89636,0.778422,1.570915379794},
{4.8969,0.778929,1.570915442794},
{4.89745,0.779436,1.570915505794},
{4.898,0.779943,1.570915568794},
{4.89854,0.780451,1.570915630794},
{4.89909,0.780958,1.570915693794},
{4.89964,0.781465,1.570915756794},
{4.90099,0.782718,1.570915902794},
{4.90156,0.783245,1.570915949794},
{4.90213,0.783771,1.570915996794},
{4.90269,0.784298,1.570916043794},
{4.90326,0.784824,1.570916089794},
{4.90383,0.785351,1.570916136794},
{4.9044,0.785877,1.570916183794},
{4.90496,0.786404,1.570916230794},
{4.90553,0.78693,1.570916277794},
{4.9061,0.787457,1.570916323794},
{4.90667,0.787983,1.570916370794},
{4.90724,0.78851,1.570916417794},
{4.9078,0.789036,1.570916464794},
{4.90837,0.789563,1.570916511794},
{4.90894,0.790089,1.570916557794},
{4.90951,0.790616,1.570916604794},
{4.91007,0.791142,1.570916651794},
{4.91064,0.791669,1.570916698794},
{4.91121,0.792195,1.570916745794},
{4.91178,0.792722,1.570916791794},
{4.91235,0.793248,1.570916838794},
{4.91291,0.793775,1.570916885794},
{4.91348,0.794301,1.570916932794},
{4.91405,0.794828,1.570916979794},
{4.91462,0.795354,1.570917025794},
{4.91519,0.795881,1.570917072794},
{4.91575,0.796407,1.570917119794},
{4.91632,0.796934,1.570917166794},
{4.91689,0.79746,1.570917213794},
{4.91746,0.797987,1.570917259794},
{4.91802,0.798513,1.570917306794},
{4.91859,0.79904,1.570917353794},
{4.91916,0.799566,1.570917400794},
{4.91973,0.800093,1.570917447794},
{4.9203,0.800619,1.570917493794},
{4.92086,0.801146,1.570917540794},
{4.92143,0.801673,1.570917587794},
{4.922,0.802199,1.570917634794},
{4.92257,0.802726,1.570917681794},
{4.92313,0.803252,1.570917727794},
{4.9237,0.803779,1.570917774794},
{4.92427,0.804305,1.570917821794},
{4.92484,0.804832,1.570917868794},
{4.92541,0.805358,1.570917915794},
{4.92597,0.805885,1.570917961794},
{4.92654,0.806411,1.570918008794},
{4.92711,0.806938,1.570918055794},
{4.92768,0.807464,1.570918102794},
{4.92825,0.807991,1.570918149794},
{4.92881,0.808517,1.570918195794},
{4.92938,0.809044,1.570918242794},
{4.92995,0.80957,1.570918289794},
{4.93052,0.810097,1.570918336794},
{4.93108,0.810623,1.570918383794},
{4.93165,0.81115,1.570918429794},
{4.93222,0.811676,1.570918476794},
{4.93279,0.812203,1.570918523794},
{4.93336,0.812729,1.570918570794},
{4.93392,0.813256,1.570918617794},
{4.93449,0.813782,1.570918663794},
{4.93506,0.814309,1.570918710794},
{4.93563,0.814835,1.570918757794},
{4.93619,0.815362,1.570918804794},
{4.93676,0.815888,1.570918851794},
{4.93803,0.817059,1.570918945794},
{4.93861,0.817601,1.570918983794},
{4.93919,0.818142,1.570919022794},
{4.93978,0.818684,1.570919060794},
{4.94036,0.819226,1.570919098794},
{4.94095,0.819768,1.570919136794},
{4.94153,0.82031,1.570919174794},
{4.94212,0.820851,1.570919213794},
{4.9427,0.821393,1.570919251794},
{4.94328,0.821935,1.570919289794},
{4.94387,0.822477,1.570919327794},
{4.94445,0.823019,1.570919365794},
{4.94504,0.82356,1.570919404794},
{4.94562,0.824102,1.570919442794},
{4.94621,0.824644,1.570919480794},
{4.94679,0.825186,1.570919518794},
{4.94737,0.825728,1.570919556794},
{4.94796,0.82627,1.570919595794},
{4.94854,0.826811,1.570919633794},
{4.94913,0.827353,1.570919671794},
{4.94971,0.827895,1.570919709794},
{4.9503,0.828437,1.570919747794},
{4.95088,0.828979,1.570919786794},
{4.95146,0.82952,1.570919824794},
{4.95205,0.830062,1.570919862794},
{4.95263,0.830604,1.570919900794},
{4.95322,0.831146,1.570919938794},
{4.9538,0.831688,1.570919977794},
{4.95439,0.832229,1.570920015794},
{4.95497,0.832771,1.570920053794},
{4.95555,0.833313,1.570920091794},
{4.95614,0.833855,1.570920129794},
{4.95672,0.834397,1.570920168794},
{4.95731,0.834938,1.570920206794},
{4.95789,0.83548,1.570920244794},
{4.95848,0.836022,1.570920282794},
{4.95906,0.836564,1.570920320794},
{4.95965,0.837106,1.570920359794},
{4.96023,0.837648,1.570920397794},
{4.96081,0.838189,1.570920435794},
{4.9614,0.838731,1.570920473794},
{4.96198,0.839273,1.570920511794},
{4.96257,0.839815,1.570920550794},
{4.96315,0.840357,1.570920588794},
{4.96374,0.840898,1.570920626794},
{4.96432,0.84144,1.570920664794},
{4.9649,0.841982,1.570920702794},
{4.96549,0.842524,1.570920741794},
{4.96607,0.843066,1.570920779794},
{4.96666,0.843607,1.570920817794},
{4.96724,0.844149,1.570920855794},
{4.96783,0.844691,1.570920894794},
{4.96841,0.845233,1.570920932794},
{4.96899,0.845775,1.570920970794},
{4.96958,0.846317,1.570921008794},
{4.97016,0.846858,1.570921046794},
{4.97075,0.8474,1.570921085794},
{4.97133,0.847942,1.570921123794},
{4.97192,0.848484,1.570921161794},
{4.9725,0.849026,1.570921199794},
{4.97308,0.849567,1.570921237794},
{4.97367,0.850109,1.570921276794},
{4.97425,0.850651,1.570921314794},
{4.97484,0.851193,1.570921352794},
{4.97597,0.852243,1.570921426794},
{4.97657,0.852796,1.570921462794},
{4.97716,0.853349,1.570921499794},
{4.97776,0.853902,1.570921535794},
{4.97836,0.854455,1.570921572794},
{4.97895,0.855008,1.570921609794},
{4.97955,0.855561,1.570921645794},
{4.98015,0.856114,1.570921682794},
{4.98074,0.856667,1.570921719794},
{4.98134,0.85722,1.570921755794},
{4.98193,0.857773,1.570921792794},
{4.98253,0.858326,1.570921829794},
{4.98313,0.858878,1.570921865794},
{4.98372,0.859431,1.570921902794},
{4.98432,0.859984,1.570921938794},
{4.98492,0.860537,1.570921975794},
{4.98551,0.86109,1.570922012794},
{4.98611,0.861643,1.570922048794},
{4.9867,0.862196,1.570922085794},
{4.9873,0.862749,1.570922122794},
{4.9879,0.863302,1.570922158794},
{4.98849,0.863855,1.570922195794},
{4.98909,0.864408,1.570922232794},
{4.98969,0.864961,1.570922268794},
{4.99028,0.865513,1.570922305794},
{4.99088,0.866066,1.570922341794},
{4.99148,0.866619,1.570922378794},
{4.99207,0.867172,1.570922415794},
{4.99267,0.867725,1.570922451794},
{4.99326,0.868278,1.570922488794},
{4.99386,0.868831,1.570922525794},
{4.99446,0.869384,1.570922561794},
{4.99505,0.869937,1.570922598794},
{4.99565,0.87049,1.570922634794},
{4.99625,0.871043,1.570922671794},
{4.99684,0.871596,1.570922708794},
{4.99744,0.872149,1.570922744794},
{4.99803,0.872701,1.570922781794},
{4.99863,0.873254,1.570922818794},
{4.99923,0.873807,1.570922854794},
{4.99982,0.87436,1.570922891794},
{5.00042,0.874913,1.570922928794},
{5.00102,0.875466,1.570922964794},
{5.00161,0.876019,1.570923001794},
{5.00221,0.876572,1.570923037794},
{5.0028,0.877125,1.570923074794},
{5.0034,0.877678,1.570923111794},
{5.004,0.878231,1.570923147794},
{5.00459,0.878784,1.570923184794},
{5.00519,0.879337,1.570923221794},
{5.00579,0.879889,1.570923257794},
{5.00638,0.880442,1.570923294794},
{5.00698,0.880995,1.570923331794},
{5.00758,0.881548,1.570923367794},
{5.00817,0.882101,1.570923404794},
{5.00877,0.882654,1.570923440794},
{5.00936,0.883207,1.570923477794},
{5.00996,0.88376,1.570923514794},
{5.01056,0.884313,1.570923550794},
{5.01115,0.884866,1.570923587794},
{5.01175,0.885419,1.570923624794},
{5.01235,0.885972,1.570923660794},
{5.01294,0.886525,1.570923697794},
{5.01354,0.887077,1.570923734794},
{5.01413,0.88763,1.570923770794},
{5.01473,0.888183,1.570923807794},
{5.01573,0.88911,1.570923870794},
{5.01633,0.88967,1.570923910794},
{5.01694,0.89023,1.570923951794},
{5.01754,0.890789,1.570923991794},
{5.01815,0.891349,1.570924031794},
{5.01875,0.891909,1.570924072794},
{5.01935,0.892468,1.570924112794},
{5.01996,0.893028,1.570924153794},
{5.02056,0.893588,1.570924193794},
{5.02116,0.894147,1.570924233794},
{5.02177,0.894707,1.570924274794},
{5.02237,0.895267,1.570924314794},
{5.02297,0.895826,1.570924355794},
{5.02358,0.896386,1.570924395794},
{5.02418,0.896946,1.570924435794},
{5.02478,0.897505,1.570924476794},
{5.02539,0.898065,1.570924516794},
{5.02599,0.898625,1.570924557794},
{5.0266,0.899184,1.570924597794},
{5.0272,0.899744,1.570924637794},
{5.0278,0.900304,1.570924678794},
{5.02841,0.900863,1.570924718794},
{5.02901,0.901423,1.570924758794},
{5.02961,0.901983,1.570924799794},
{5.03022,0.902542,1.570924839794},
{5.03082,0.903102,1.570924880794},
{5.03142,0.903662,1.570924920794},
{5.03203,0.904221,1.570924960794},
{5.03263,0.904781,1.570925001794},
{5.03323,0.90534,1.570925041794},
{5.03384,0.9059,1.570925082794},
{5.03444,0.90646,1.570925122794},
{5.03505,0.907019,1.570925162794},
{5.03565,0.907579,1.570925203794},
{5.03625,0.908139,1.570925243794},
{5.03686,0.908698,1.570925284794},
{5.03746,0.909258,1.570925324794},
{5.03806,0.909818,1.570925364794},
{5.03867,0.910377,1.570925405794},
{5.03927,0.910937,1.570925445794},
{5.03987,0.911497,1.570925486794},
{5.04048,0.912056,1.570925526794},
{5.04108,0.912616,1.570925566794},
{5.04168,0.913176,1.570925607794},
{5.04229,0.913735,1.570925647794},
{5.04289,0.914295,1.570925688794},
{5.0435,0.914855,1.570925728794},
{5.0441,0.915414,1.570925768794},
{5.0447,0.915974,1.570925809794},
{5.04531,0.916534,1.570925849794},
{5.04591,0.917093,1.570925890794},
{5.04651,0.917653,1.570925930794},
{5.04712,0.918213,1.570925970794},
{5.04772,0.918772,1.570926011794},
{5.04832,0.919332,1.570926051794},
{5.04893,0.919892,1.570926091794},
{5.04953,0.920451,1.570926132794},
{5.05014,0.921011,1.570926172794},
{5.05074,0.921571,1.570926213794},
{5.05134,0.92213,1.570926253794},
{5.05195,0.92269,1.570926293794},
{5.05255,0.92325,1.570926334794},
{5.05315,0.923809,1.570926374794},
{5.05376,0.924369,1.570926415794},
{5.05436,0.924929,1.570926455794},
{5.05496,0.925488,1.570926495794},
{5.05581,0.926274,1.570926554794},
{5.05642,0.926836,1.570926606794},
{5.05702,0.927398,1.570926659794},
{5.05763,0.92796,1.570926711794},
{5.05824,0.928522,1.570926764794},
{5.05884,0.929084,1.570926816794},
{5.05945,0.929646,1.570926869794},
{5.06005,0.930207,1.570926921794},
{5.06066,0.930769,1.570926974794},
{5.06127,0.931331,1.570927026794},
{5.06187,0.931893,1.570927078794},
{5.06248,0.932455,1.570927131794},
{5.06308,0.933017,1.570927183794},
{5.06369,0.933579,1.570927236794},
{5.0643,0.934141,1.570927288794},
{5.0649,0.934703,1.570927341794},
{5.06551,0.935265,1.570927393794},
{5.06611,0.935827,1.570927446794},
{5.06672,0.936389,1.570927498794},
{5.06733,0.936951,1.570927551794},
{5.06793,0.937512,1.570927603794},
{5.06854,0.938074,1.570927656794},
{5.06914,0.938636,1.570927708794},
{5.06975,0.939198,1.570927761794},
{5.07036,0.93976,1.570927813794},
{5.07096,0.940322,1.570927866794},
{5.07157,0.940884,1.570927918794},
{5.07217,0.941446,1.570927971794},
{5.07278,0.942008,1.570928023794},
{5.07339,0.94257,1.570928076794},
{5.07399,0.943132,1.570928128794},
{5.0746,0.943694,1.570928181794},
{5.0752,0.944256,1.570928233794},
{5.07581,0.944817,1.570928286794},
{5.07642,0.945379,1.570928338794},
{5.07702,0.945941,1.570928390794},
{5.07763,0.946503,1.570928443794},
{5.07823,0.947065,1.570928495794},
{5.07884,0.947627,1.570928548794},
{5.07945,0.948189,1.570928600794},
{5.08005,0.948751,1.570928653794},
{5.08066,0.949313,1.570928705794},
{5.08126,0.949875,1.570928758794},
{5.08187,0.950437,1.570928810794},
{5.08248,0.950999,1.570928863794},
{5.08308,0.951561,1.570928915794},
{5.08369,0.952122,1.570928968794},
{5.08429,0.952684,1.570929020794},
{5.0849,0.953246,1.570929073794},
{5.08551,0.953808,1.570929125794},
{5.08611,0.95437,1.570929178794},
{5.08672,0.954932,1.570929230794},
{5.08732,0.955494,1.570929283794},
{5.08793,0.956056,1.570929335794},
{5.08854,0.956618,1.570929388794},
{5.08914,0.95718,1.570929440794},
{5.08975,0.957742,1.570929493794},
{5.09035,0.958304,1.570929545794},
{5.09096,0.958865,1.570929597794},
{5.09157,0.959427,1.570929650794},
{5.09217,0.959989,1.570929702794},
{5.09278,0.960551,1.570929755794},
{5.09338,0.961113,1.570929807794},
{5.09399,0.961675,1.570929860794},
{5.0946,0.962237,1.570929912794},
{5.0952,0.962799,1.570929965794},
{5.09581,0.963361,1.570930017794},
{5.09649,0.963998,1.570930082794},
{5.0971,0.964557,1.570930148794},
{5.0977,0.965117,1.570930214794},
{5.09831,0.965677,1.570930280794},
{5.09891,0.966236,1.570930346794},
{5.09951,0.966796,1.570930412794},
{5.10012,0.967356,1.570930478794},
{5.10072,0.967915,1.570930544794},
{5.10132,0.968475,1.570930610794},
{5.10193,0.969035,1.570930675794},
{5.10253,0.969594,1.570930741794},
{5.10313,0.970154,1.570930807794},
{5.10374,0.970714,1.570930873794},
{5.10434,0.971273,1.570930939794},
{5.10494,0.971833,1.570931005794},
{5.10555,0.972393,1.570931071794},
{5.10615,0.972952,1.570931137794},
{5.10676,0.973512,1.570931203794},
{5.10736,0.974072,1.570931269794},
{5.10796,0.974631,1.570931335794},
{5.10857,0.975191,1.570931401794},
{5.10917,0.975751,1.570931467794},
{5.10977,0.97631,1.570931533794},
{5.11038,0.97687,1.570931599794},
{5.11098,0.97743,1.570931665794},
{5.11158,0.977989,1.570931731794},
{5.11219,0.978549,1.570931797794},
{5.11279,0.979109,1.570931863794},
{5.1134,0.979668,1.570931929794},
{5.114,0.980228,1.570931995794},
{5.1146,0.980787,1.570932061794},
{5.11521,0.981347,1.570932127794},
{5.11581,0.981907,1.570932193794},
{5.11641,0.982466,1.570932259794},
{5.11702,0.983026,1.570932325794},
{5.11762,0.983586,1.570932390794},
{5.11822,0.984145,1.570932456794},
{5.11883,0.984705,1.570932522794},
{5.11943,0.985265,1.570932588794},
{5.12003,0.985824,1.570932654794},
{5.12064,0.986384,1.570932720794},
{5.12124,0.986944,1.570932786794},
{5.12185,0.987503,1.570932852794},
{5.12245,0.988063,1.570932918794},
{5.12305,0.988623,1.570932984794},
{5.12366,0.989182,1.570933050794},
{5.12426,0.989742,1.570933116794},
{5.12486,0.990302,1.570933182794},
{5.12547,0.990861,1.570933248794},
{5.12607,0.991421,1.570933314794},
{5.12667,0.991981,1.570933380794},
{5.12728,0.99254,1.570933446794},
{5.12788,0.9931,1.570933512794},
{5.12848,0.99366,1.570933578794},
{5.12909,0.994219,1.570933644794},
{5.12969,0.994779,1.570933710794},
{5.1303,0.995339,1.570933776794},
{5.1309,0.995898,1.570933842794},
{5.1315,0.996458,1.570933908794},
{5.13211,0.997018,1.570933974794},
{5.13271,0.997577,1.570934040794},
{5.13331,0.998137,1.570934105794},
{5.13392,0.998697,1.570934171794},
{5.13452,0.999256,1.570934237794},
{5.13512,0.999816,1.570934303794},
{5.13573,1.00038,1.570934369794},
{5.13633,1.00094,1.570934435794},
{5.13685,1.00142,1.570934501794},
{5.13745,1.00197,1.570934584794},
{5.13804,1.00252,1.570934668794},
{5.13864,1.00308,1.570934752794},
{5.13924,1.00363,1.570934836794},
{5.13983,1.00418,1.570934919794},
{5.14043,1.00473,1.570935003794},
{5.14102,1.00529,1.570935087794},
{5.14162,1.00584,1.570935171794},
{5.14222,1.00639,1.570935254794},
{5.14281,1.00695,1.570935338794},
{5.14341,1.0075,1.570935422794},
{5.14401,1.00805,1.570935505794},
{5.1446,1.0086,1.570935589794},
{5.1452,1.00916,1.570935673794},
{5.14579,1.00971,1.570935757794},
{5.14639,1.01026,1.570935840794},
{5.14699,1.01082,1.570935924794},
{5.14758,1.01137,1.570936008794},
{5.14818,1.01192,1.570936091794},
{5.14878,1.01247,1.570936175794},
{5.14937,1.01303,1.570936259794},
{5.14997,1.01358,1.570936343794},
{5.15056,1.01413,1.570936426794},
{5.15116,1.01469,1.570936510794},
{5.15176,1.01524,1.570936594794},
{5.15235,1.01579,1.570936678794},
{5.15295,1.01635,1.570936761794},
{5.15355,1.0169,1.570936845794},
{5.15414,1.01745,1.570936929794},
{5.15474,1.018,1.570937012794},
{5.15534,1.01856,1.570937096794},
{5.15593,1.01911,1.570937180794},
{5.15653,1.01966,1.570937264794},
{5.15712,1.02022,1.570937347794},
{5.15772,1.02077,1.570937431794},
{5.15832,1.02132,1.570937515794},
{5.15891,1.02187,1.570937599794},
{5.15951,1.02243,1.570937682794},
{5.16011,1.02298,1.570937766794},
{5.1607,1.02353,1.570937850794},
{5.1613,1.02409,1.570937933794},
{5.16189,1.02464,1.570938017794},
{5.16249,1.02519,1.570938101794},
{5.16309,1.02575,1.570938185794},
{5.16368,1.0263,1.570938268794},
{5.16428,1.02685,1.570938352794},
{5.16488,1.0274,1.570938436794},
{5.16547,1.02796,1.570938520794},
{5.16607,1.02851,1.570938603794},
{5.16667,1.02906,1.570938687794},
{5.16726,1.02962,1.570938771794},
{5.16786,1.03017,1.570938854794},
{5.16845,1.03072,1.570938938794},
{5.16905,1.03127,1.570939022794},
{5.16965,1.03183,1.570939106794},
{5.17024,1.03238,1.570939189794},
{5.17084,1.03293,1.570939273794},
{5.17144,1.03349,1.570939357794},
{5.17203,1.03404,1.570939441794},
{5.17263,1.03459,1.570939524794},
{5.17322,1.03514,1.570939608794},
{5.17382,1.0357,1.570939692794},
{5.17442,1.03625,1.570939775794},
{5.17501,1.0368,1.570939859794},
{5.17561,1.03736,1.570939943794},
{5.17621,1.03791,1.570940027794},
{5.17655,1.03823,1.570940085794},
{5.17714,1.03877,1.570940181794},
{5.17772,1.03932,1.570940277794},
{5.17831,1.03986,1.570940372794},
{5.17889,1.0404,1.570940468794},
{5.17947,1.04094,1.570940564794},
{5.18006,1.04148,1.570940660794},
{5.18064,1.04202,1.570940755794},
{5.18123,1.04257,1.570940851794},
{5.18181,1.04311,1.570940947794},
{5.1824,1.04365,1.570941043794},
{5.18298,1.04419,1.570941139794},
{5.18357,1.04473,1.570941234794},
{5.18415,1.04528,1.570941330794},
{5.18473,1.04582,1.570941426794},
{5.18532,1.04636,1.570941522794},
{5.1859,1.0469,1.570941617794},
{5.18649,1.04744,1.570941713794},
{5.18707,1.04798,1.570941809794},
{5.18766,1.04853,1.570941905794},
{5.18824,1.04907,1.570942000794},
{5.18882,1.04961,1.570942096794},
{5.18941,1.05015,1.570942192794},
{5.18999,1.05069,1.570942288794},
{5.19058,1.05124,1.570942384794},
{5.19116,1.05178,1.570942479794},
{5.19175,1.05232,1.570942575794},
{5.19233,1.05286,1.570942671794},
{5.19291,1.0534,1.570942767794},
{5.1935,1.05394,1.570942862794},
{5.19408,1.05449,1.570942958794},
{5.19467,1.05503,1.570943054794},
{5.19525,1.05557,1.570943150794},
{5.19584,1.05611,1.570943246794},
{5.19642,1.05665,1.570943341794},
{5.197,1.0572,1.570943437794},
{5.19759,1.05774,1.570943533794},
{5.19817,1.05828,1.570943629794},
{5.19876,1.05882,1.570943724794},
{5.19934,1.05936,1.570943820794},
{5.19993,1.0599,1.570943916794},
{5.20051,1.06045,1.570944012794},
{5.20109,1.06099,1.570944107794},
{5.20168,1.06153,1.570944203794},
{5.20226,1.06207,1.570944299794},
{5.20285,1.06261,1.570944395794},
{5.20343,1.06316,1.570944491794},
{5.20402,1.0637,1.570944586794},
{5.2046,1.06424,1.570944682794},
{5.20518,1.06478,1.570944778794},
{5.20577,1.06532,1.570944874794},
{5.20635,1.06586,1.570944969794},
{5.20694,1.06641,1.570945065794},
{5.20752,1.06695,1.570945161794},
{5.20811,1.06749,1.570945257794},
{5.20869,1.06803,1.570945352794},
{5.20928,1.06857,1.570945448794},
{5.20986,1.06912,1.570945544794},
{5.21044,1.06966,1.570945640794},
{5.21103,1.0702,1.570945736794},
{5.21161,1.07074,1.570945831794},
{5.2122,1.07128,1.570945927794},
{5.21278,1.07182,1.570946023794},
{5.21337,1.07237,1.570946119794},
{5.21395,1.07291,1.570946214794},
{5.21453,1.07345,1.570946310794},
{5.21472,1.07362,1.570946344794},
{5.21529,1.07415,1.570946447794},
{5.21586,1.07468,1.570946549794},
{5.21642,1.0752,1.570946652794},
{5.21699,1.07573,1.570946755794},
{5.21756,1.07626,1.570946858794},
{5.21813,1.07678,1.570946960794},
{5.2187,1.07731,1.570947063794},
{5.21926,1.07783,1.570947166794},
{5.21983,1.07836,1.570947268794},
{5.2204,1.07889,1.570947371794},
{5.22097,1.07941,1.570947474794},
{5.22153,1.07994,1.570947576794},
{5.2221,1.08047,1.570947679794},
{5.22267,1.08099,1.570947782794},
{5.22324,1.08152,1.570947884794},
{5.22381,1.08205,1.570947987794},
{5.22437,1.08257,1.570948090794},
{5.22494,1.0831,1.570948192794},
{5.22551,1.08363,1.570948295794},
{5.22608,1.08415,1.570948398794},
{5.22664,1.08468,1.570948500794},
{5.22721,1.08521,1.570948603794},
{5.22778,1.08573,1.570948706794},
{5.22835,1.08626,1.570948808794},
{5.22892,1.08679,1.570948911794},
{5.22948,1.08731,1.570949014794},
{5.23005,1.08784,1.570949117794},
{5.23062,1.08837,1.570949219794},
{5.23119,1.08889,1.570949322794},
{5.23176,1.08942,1.570949425794},
{5.23232,1.08994,1.570949527794},
{5.23289,1.09047,1.570949630794},
{5.23346,1.091,1.570949733794},
{5.23403,1.09152,1.570949835794},
{5.23459,1.09205,1.570949938794},
{5.23516,1.09258,1.570950041794},
{5.23573,1.0931,1.570950143794},
{5.2363,1.09363,1.570950246794},
{5.23687,1.09416,1.570950349794},
{5.23743,1.09468,1.570950451794},
{5.238,1.09521,1.570950554794},
{5.23857,1.09574,1.570950657794},
{5.23914,1.09626,1.570950759794},
{5.2397,1.09679,1.570950862794},
{5.24027,1.09732,1.570950965794},
{5.24084,1.09784,1.570951067794},
{5.24141,1.09837,1.570951170794},
{5.24198,1.0989,1.570951273794},
{5.24254,1.09942,1.570951376794},
{5.24311,1.09995,1.570951478794},
{5.24368,1.10047,1.570951581794},
{5.24425,1.101,1.570951684794},
{5.24481,1.10153,1.570951786794},
{5.24538,1.10205,1.570951889794},
{5.24595,1.10258,1.570951992794},
{5.24652,1.10311,1.570952094794},
{5.24709,1.10363,1.570952197794},
{5.24765,1.10416,1.570952300794},
{5.24822,1.10469,1.570952402794},
{5.24879,1.10521,1.570952505794},
{5.24936,1.10574,1.570952608794},
{5.24993,1.10627,1.570952710794},
{5.25049,1.10679,1.570952813794},
{5.25106,1.10732,1.570952916794},
{5.25163,1.10785,1.570953018794},
{5.25165,1.10787,1.570953021794},
{5.2522,1.10837,1.570953118794},
{5.25275,1.10888,1.570953214794},
{5.25329,1.10939,1.570953311794},
{5.25384,1.1099,1.570953407794},
{5.25439,1.1104,1.570953504794},
{5.25493,1.11091,1.570953601794},
{5.25548,1.11142,1.570953697794},
{5.25603,1.11193,1.570953794794},
{5.25658,1.11243,1.570953891794},
{5.25712,1.11294,1.570953987794},
{5.25767,1.11345,1.570954084794},
{5.25822,1.11395,1.570954180794},
{5.25876,1.11446,1.570954277794},
{5.25931,1.11497,1.570954374794},
{5.25986,1.11548,1.570954470794},
{5.2604,1.11598,1.570954567794},
{5.26095,1.11649,1.570954663794},
{5.2615,1.117,1.570954760794},
{5.26205,1.11751,1.570954857794},
{5.26259,1.11801,1.570954953794},
{5.26314,1.11852,1.570955050794},
{5.26369,1.11903,1.570955146794},
{5.26423,1.11953,1.570955243794},
{5.26478,1.12004,1.570955340794},
{5.26533,1.12055,1.570955436794},
{5.26588,1.12106,1.570955533794},
{5.26642,1.12156,1.570955629794},
{5.26697,1.12207,1.570955726794},
{5.26752,1.12258,1.570955823794},
{5.26806,1.12309,1.570955919794},
{5.26861,1.12359,1.570956016794},
{5.26916,1.1241,1.570956112794},
{5.2697,1.12461,1.570956209794},
{5.27025,1.12511,1.570956306794},
{5.2708,1.12562,1.570956402794},
{5.27135,1.12613,1.570956499794},
{5.27189,1.12664,1.570956596794},
{5.27244,1.12714,1.570956692794},
{5.27299,1.12765,1.570956789794},
{5.27353,1.12816,1.570956885794},
{5.27408,1.12867,1.570956982794},
{5.27463,1.12917,1.570957079794},
{5.27517,1.12968,1.570957175794},
{5.27572,1.13019,1.570957272794},
{5.27627,1.13069,1.570957368794},
{5.27682,1.1312,1.570957465794},
{5.27736,1.13171,1.570957562794},
{5.27791,1.13222,1.570957658794},
{5.27846,1.13272,1.570957755794},
{5.279,1.13323,1.570957851794},
{5.27955,1.13374,1.570957948794},
{5.2801,1.13425,1.570958045794},
{5.28065,1.13475,1.570958141794},
{5.28119,1.13526,1.570958238794},
{5.28174,1.13577,1.570958334794},
{5.28229,1.13627,1.570958431794},
{5.28283,1.13678,1.570958528794},
{5.28338,1.13729,1.570958624794},
{5.28393,1.1378,1.570958721794},
{5.28447,1.1383,1.570958817794},
{5.28502,1.13881,1.570958914794},
{5.28557,1.13932,1.570959011794},
{5.28612,1.13983,1.570959107794},
{5.28666,1.14033,1.570959204794},
{5.28653,1.14021,1.570959164794},
{5.28706,1.1407,1.570959238794},
{5.28758,1.14118,1.570959311794},
{5.2881,1.14167,1.570959385794},
{5.28862,1.14215,1.570959458794},
{5.28915,1.14263,1.570959532794},
{5.28967,1.14312,1.570959605794},
{5.29019,1.1436,1.570959679794},
{5.29071,1.14409,1.570959752794},
{5.29123,1.14457,1.570959826794},
{5.29176,1.14506,1.570959899794},
{5.29228,1.14554,1.570959972794},
{5.2928,1.14602,1.570960046794},
{5.29332,1.14651,1.570960119794},
{5.29385,1.14699,1.570960193794},
{5.29437,1.14748,1.570960266794},
{5.29489,1.14796,1.570960340794},
{5.29541,1.14845,1.570960413794},
{5.29594,1.14893,1.570960487794},
{5.29646,1.14942,1.570960560794},
{5.29698,1.1499,1.570960634794},
{5.2975,1.15038,1.570960707794},
{5.29803,1.15087,1.570960781794},
{5.29855,1.15135,1.570960854794},
{5.29907,1.15184,1.570960928794},
{5.29959,1.15232,1.570961001794},
{5.30011,1.15281,1.570961075794},
{5.30064,1.15329,1.570961148794},
{5.30116,1.15377,1.570961222794},
{5.30168,1.15426,1.570961295794},
{5.3022,1.15474,1.570961369794},
{5.30273,1.15523,1.570961442794},
{5.30325,1.15571,1.570961516794},
{5.30377,1.1562,1.570961589794},
{5.30429,1.15668,1.570961663794},
{5.30482,1.15717,1.570961736794},
{5.30534,1.15765,1.570961810794},
{5.30586,1.15813,1.570961883794},
{5.30638,1.15862,1.570961957794},
{5.30691,1.1591,1.570962030794},
{5.30743,1.15959,1.570962104794},
{5.30795,1.16007,1.570962177794},
{5.30847,1.16056,1.570962251794},
{5.30899,1.16104,1.570962324794},
{5.30952,1.16152,1.570962398794},
{5.31004,1.16201,1.570962471794},
{5.31056,1.16249,1.570962545794},
{5.31108,1.16298,1.570962618794},
{5.31161,1.16346,1.570962692794},
{5.31213,1.16395,1.570962765794},
{5.31265,1.16443,1.570962839794},
{5.31317,1.16492,1.570962912794},
{5.3137,1.1654,1.570962986794},
{5.31422,1.16588,1.570963059794},
{5.31474,1.16637,1.570963133794},
{5.31526,1.16685,1.570963206794},
{5.31579,1.16734,1.570963280794},
{5.31631,1.16782,1.570963353794},
{5.31683,1.16831,1.570963427794},
{5.31735,1.16879,1.570963500794},
{5.31787,1.16927,1.570963574794},
{5.3184,1.16976,1.570963647794},
{5.31892,1.17024,1.570963721794},
{5.31867,1.17002,1.570963675794},
{5.31917,1.17047,1.570963712794},
{5.31966,1.17093,1.570963749794},
{5.32016,1.17139,1.570963786794},
{5.32065,1.17185,1.570963824794},
{5.32114,1.17231,1.570963861794},
{5.32164,1.17276,1.570963898794},
{5.32213,1.17322,1.570963935794},
{5.32263,1.17368,1.570963972794},
{5.32312,1.17414,1.570964009794},
{5.32361,1.1746,1.570964046794},
{5.32411,1.17506,1.570964084794},
{5.3246,1.17551,1.570964121794},
{5.3251,1.17597,1.570964158794},
{5.32559,1.17643,1.570964195794},
{5.32609,1.17689,1.570964232794},
{5.32658,1.17735,1.570964269794},
{5.32707,1.17781,1.570964306794},
{5.32757,1.17826,1.570964344794},
{5.32806,1.17872,1.570964381794},
{5.32856,1.17918,1.570964418794},
{5.32905,1.17964,1.570964455794},
{5.32954,1.1801,1.570964492794},
{5.33004,1.18055,1.570964529794},
{5.33053,1.18101,1.570964566794},
{5.33103,1.18147,1.570964604794},
{5.33152,1.18193,1.570964641794},
{5.33202,1.18239,1.570964678794},
{5.33251,1.18285,1.570964715794},
{5.333,1.1833,1.570964752794},
{5.3335,1.18376,1.570964789794},
{5.33399,1.18422,1.570964826794},
{5.33449,1.18468,1.570964864794},
{5.33498,1.18514,1.570964901794},
{5.33547,1.18559,1.570964938794},
{5.33597,1.18605,1.570964975794},
{5.33646,1.18651,1.570965012794},
{5.33696,1.18697,1.570965049794},
{5.33745,1.18743,1.570965086794},
{5.33795,1.18789,1.570965124794},
{5.33844,1.18834,1.570965161794},
{5.33893,1.1888,1.570965198794},
{5.33943,1.18926,1.570965235794},
{5.33992,1.18972,1.570965272794},
{5.34042,1.19018,1.570965309794},
{5.34091,1.19063,1.570965346794},
{5.3414,1.19109,1.570965384794},
{5.3419,1.19155,1.570965421794},
{5.34239,1.19201,1.570965458794},
{5.34289,1.19247,1.570965495794},
{5.34338,1.19293,1.570965532794},
{5.34387,1.19338,1.570965569794},
{5.34437,1.19384,1.570965606794},
{5.34486,1.1943,1.570965644794},
{5.34536,1.19476,1.570965681794},
{5.34585,1.19522,1.570965718794},
{5.34635,1.19568,1.570965755794},
{5.34684,1.19613,1.570965792794},
{5.34733,1.19659,1.570965829794},
{5.34783,1.19705,1.570965866794},
{5.34832,1.19751,1.570965904794},
{5.34882,1.19797,1.570965941794},
{5.34846,1.19764,1.570965899794},
{5.34892,1.19807,1.570965874794},
{5.34939,1.1985,1.570965849794},
{5.34985,1.19893,1.570965823794},
{5.35031,1.19935,1.570965798794},
{5.35078,1.19978,1.570965773794},
{5.35124,1.20021,1.570965747794},
{5.3517,1.20064,1.570965722794},
{5.35216,1.20107,1.570965696794},
{5.35263,1.2015,1.570965671794},
{5.35309,1.20193,1.570965646794},
{5.35355,1.20236,1.570965620794},
{5.35402,1.20279,1.570965595794},
{5.35448,1.20322,1.570965570794},
{5.35494,1.20365,1.570965544794},
{5.3554,1.20408,1.570965519794},
{5.35587,1.2045,1.570965493794},
{5.35633,1.20493,1.570965468794},
{5.35679,1.20536,1.570965443794},
{5.35726,1.20579,1.570965417794},
{5.35772,1.20622,1.570965392794},
{5.35818,1.20665,1.570965367794},
{5.35864,1.20708,1.570965341794},
{5.35911,1.20751,1.570965316794},
{5.35957,1.20794,1.570965290794},
{5.36003,1.20837,1.570965265794},
{5.3605,1.2088,1.570965240794},
{5.36096,1.20923,1.570965214794},
{5.36142,1.20966,1.570965189794},
{5.36188,1.21008,1.570965164794},
{5.36235,1.21051,1.570965138794},
{5.36281,1.21094,1.570965113794},
{5.36327,1.21137,1.570965087794},
{5.36374,1.2118,1.570965062794},
{5.3642,1.21223,1.570965037794},
{5.36466,1.21266,1.570965011794},
{5.36512,1.21309,1.570964986794},
{5.36559,1.21352,1.570964961794},
{5.36605,1.21395,1.570964935794},
{5.36651,1.21438,1.570964910794},
{5.36698,1.21481,1.570964884794},
{5.36744,1.21523,1.570964859794},
{5.3679,1.21566,1.570964834794},
{5.36836,1.21609,1.570964808794},
{5.36883,1.21652,1.570964783794},
{5.36929,1.21695,1.570964758794},
{5.36975,1.21738,1.570964732794},
{5.37022,1.21781,1.570964707794},
{5.37068,1.21824,1.570964681794},
{5.37114,1.21867,1.570964656794},
{5.3716,1.2191,1.570964631794},
{5.37207,1.21953,1.570964605794},
{5.37253,1.21996,1.570964580794},
{5.37299,1.22039,1.570964555794},
{5.37346,1.22081,1.570964529794},
{5.37392,1.22124,1.570964504794},
{5.37438,1.22167,1.570964478794},
{5.37484,1.2221,1.570964453794},
{5.37531,1.22253,1.570964428794},
{5.37577,1.22296,1.570964402794},
{5.37623,1.22339,1.570964377794},
{5.37577,1.22296,1.570964346794},
{5.3762,1.22336,1.570964256794},
{5.37662,1.22375,1.570964165794},
{5.37705,1.22415,1.570964075794},
{5.37748,1.22455,1.570963984794},
{5.37791,1.22495,1.570963894794},
{5.37834,1.22534,1.570963803794},
{5.37877,1.22574,1.570963713794},
{5.3792,1.22614,1.570963622794},
{5.37963,1.22654,1.570963532794},
{5.38006,1.22694,1.570963442794},
{5.38049,1.22733,1.570963351794},
{5.38091,1.22773,1.570963261794},
{5.38134,1.22813,1.570963170794},
{5.38177,1.22853,1.570963080794},
{5.3822,1.22892,1.570962989794},
{5.38263,1.22932,1.570962899794},
{5.38306,1.22972,1.570962808794},
{5.38349,1.23012,1.570962718794},
{5.38392,1.23052,1.570962627794},
{5.38435,1.23091,1.570962537794},
{5.38478,1.23131,1.570962446794},
{5.3852,1.23171,1.570962356794},
{5.38563,1.23211,1.570962265794},
{5.38606,1.2325,1.570962175794},
{5.38649,1.2329,1.570962084794},
{5.38692,1.2333,1.570961994794},
{5.38735,1.2337,1.570961903794},
{5.38778,1.2341,1.570961813794},
{5.38821,1.23449,1.570961722794},
{5.38864,1.23489,1.570961632794},
{5.38907,1.23529,1.570961541794},
{5.38949,1.23569,1.570961451794},
{5.38992,1.23608,1.570961361794},
{5.39035,1.23648,1.570961270794},
{5.39078,1.23688,1.570961180794},
{5.39121,1.23728,1.570961089794},
{5.39164,1.23768,1.570960999794},
{5.39207,1.23807,1.570960908794},
{5.3925,1.23847,1.570960818794},
{5.39293,1.23887,1.570960727794},
{5.39336,1.23927,1.570960637794},
{5.39378,1.23966,1.570960546794},
{5.39421,1.24006,1.570960456794},
{5.39464,1.24046,1.570960365794},
{5.39507,1.24086,1.570960275794},
{5.3955,1.24126,1.570960184794},
{5.39593,1.24165,1.570960094794},
{5.39636,1.24205,1.570960003794},
{5.39679,1.24245,1.570959913794},
{5.39722,1.24285,1.570959822794},
{5.39765,1.24324,1.570959732794},
{5.39807,1.24364,1.570959641794},
{5.3985,1.24404,1.570959551794},
{5.39893,1.24444,1.570959460794},
{5.39936,1.24484,1.570959370794},
{5.39979,1.24523,1.570959279794},
{5.40022,1.24563,1.570959189794},
{5.3997,1.24515,1.570959262794},
{5.40009,1.24551,1.570959083794},
{5.40049,1.24588,1.570958904794},
{5.40088,1.24624,1.570958725794},
{5.40127,1.24661,1.570958546794},
{5.40167,1.24697,1.570958366794},
{5.40206,1.24734,1.570958187794},
{5.40245,1.2477,1.570958008794},
{5.40284,1.24807,1.570957829794},
{5.40324,1.24843,1.570957650794},
{5.40363,1.24879,1.570957471794},
{5.40402,1.24916,1.570957292794},
{5.40442,1.24952,1.570957113794},
{5.40481,1.24989,1.570956933794},
{5.4052,1.25025,1.570956754794},
{5.4056,1.25062,1.570956575794},
{5.40599,1.25098,1.570956396794},
{5.40638,1.25135,1.570956217794},
{5.40678,1.25171,1.570956038794},
{5.40717,1.25208,1.570955859794},
{5.40756,1.25244,1.570955679794},
{5.40795,1.2528,1.570955500794},
{5.40835,1.25317,1.570955321794},
{5.40874,1.25353,1.570955142794},
{5.40913,1.2539,1.570954963794},
{5.40953,1.25426,1.570954784794},
{5.40992,1.25463,1.570954605794},
{5.41031,1.25499,1.570954426794},
{5.41071,1.25536,1.570954246794},
{5.4111,1.25572,1.570954067794},
{5.41149,1.25608,1.570953888794},
{5.41189,1.25645,1.570953709794},
{5.41228,1.25681,1.570953530794},
{5.41267,1.25718,1.570953351794},
{5.41307,1.25754,1.570953172794},
{5.41346,1.25791,1.570952992794},
{5.41385,1.25827,1.570952813794},
{5.41424,1.25864,1.570952634794},
{5.41464,1.259,1.570952455794},
{5.41503,1.25937,1.570952276794},
{5.41542,1.25973,1.570952097794},
{5.41582,1.26009,1.570951918794},
{5.41621,1.26046,1.570951739794},
{5.4166,1.26082,1.570951559794},
{5.417,1.26119,1.570951380794},
{5.41739,1.26155,1.570951201794},
{5.41778,1.26192,1.570951022794},
{5.41818,1.26228,1.570950843794},
{5.41857,1.26265,1.570950664794},
{5.41896,1.26301,1.570950485794},
{5.41936,1.26338,1.570950305794},
{5.41975,1.26374,1.570950126794},
{5.42014,1.2641,1.570949947794},
{5.42053,1.26447,1.570949768794},
{5.42093,1.26483,1.570949589794},
{5.42132,1.2652,1.570949410794},
{5.42076,1.26468,1.570949653794},
{5.42112,1.26501,1.570949392794},
{5.42148,1.26534,1.570949130794},
{5.42183,1.26567,1.570948868794},
{5.42219,1.266,1.570948607794},
{5.42254,1.26633,1.570948345794},
{5.4229,1.26666,1.570948083794},
{5.42325,1.26699,1.570947822794},
{5.42361,1.26732,1.570947560794},
{5.42397,1.26765,1.570947298794},
{5.42432,1.26798,1.570947037794},
{5.42468,1.26831,1.570946775794},
{5.42503,1.26864,1.570946513794},
{5.42539,1.26897,1.570946251794},
{5.42574,1.2693,1.570945990794},
{5.4261,1.26963,1.570945728794},
{5.42646,1.26996,1.570945466794},
{5.42681,1.27029,1.570945205794},
{5.42717,1.27062,1.570944943794},
{5.42752,1.27095,1.570944681794},
{5.42788,1.27128,1.570944420794},
{5.42824,1.27161,1.570944158794},
{5.42859,1.27194,1.570943896794},
{5.42895,1.27227,1.570943635794},
{5.4293,1.2726,1.570943373794},
{5.42966,1.27293,1.570943111794},
{5.43001,1.27326,1.570942849794},
{5.43037,1.27359,1.570942588794},
{5.43073,1.27392,1.570942326794},
{5.43108,1.27425,1.570942064794},
{5.43144,1.27458,1.570941803794},
{5.43179,1.27491,1.570941541794},
{5.43215,1.27524,1.570941279794},
{5.4325,1.27557,1.570941018794},
{5.43286,1.2759,1.570940756794},
{5.43322,1.27623,1.570940494794},
{5.43357,1.27656,1.570940232794},
{5.43393,1.27689,1.570939971794},
{5.43428,1.27722,1.570939709794},
{5.43464,1.27755,1.570939447794},
{5.435,1.27788,1.570939186794},
{5.43535,1.27821,1.570938924794},
{5.43571,1.27854,1.570938662794},
{5.43606,1.27887,1.570938401794},
{5.43642,1.2792,1.570938139794},
{5.43677,1.27953,1.570937877794},
{5.43713,1.27986,1.570937616794},
{5.43749,1.28019,1.570937354794},
{5.43784,1.28052,1.570937092794},
{5.4382,1.28085,1.570936830794},
{5.43855,1.28118,1.570936569794},
{5.43891,1.28151,1.570936307794},
{5.43926,1.28184,1.570936045794},
{5.43962,1.28217,1.570935784794},
{5.43903,1.28162,1.570936192794},
{5.43935,1.28192,1.570935856794},
{5.43967,1.28221,1.570935520794},
{5.43999,1.28251,1.570935184794},
{5.4403,1.2828,1.570934847794},
{5.44062,1.28309,1.570934511794},
{5.44094,1.28339,1.570934175794},
{5.44126,1.28368,1.570933839794},
{5.44157,1.28398,1.570933503794},
{5.44189,1.28427,1.570933167794},
{5.44221,1.28457,1.570932831794},
{5.44253,1.28486,1.570932495794},
{5.44285,1.28516,1.570932159794},
{5.44316,1.28545,1.570931823794},
{5.44348,1.28575,1.570931487794},
{5.4438,1.28604,1.570931151794},
{5.44412,1.28633,1.570930815794},
{5.44443,1.28663,1.570930479794},
{5.44475,1.28692,1.570930143794},
{5.44507,1.28722,1.570929807794},
{5.44539,1.28751,1.570929471794},
{5.4457,1.28781,1.570929135794},
{5.44602,1.2881,1.570928799794},
{5.44634,1.2884,1.570928463794},
{5.44666,1.28869,1.570928127794},
{5.44697,1.28898,1.570927791794},
{5.44729,1.28928,1.570927455794},
{5.44761,1.28957,1.570927119794},
{5.44793,1.28987,1.570926783794},
{5.44824,1.29016,1.570926447794},
{5.44856,1.29046,1.570926111794},
{5.44888,1.29075,1.570925775794},
{5.4492,1.29105,1.570925439794},
{5.44952,1.29134,1.570925103794},
{5.44983,1.29164,1.570924767794},
{5.45015,1.29193,1.570924431794},
{5.45047,1.29222,1.570924095794},
{5.45079,1.29252,1.570923759794},
{5.4511,1.29281,1.570923423794},
{5.45142,1.29311,1.570923087794},
{5.45174,1.2934,1.570922751794},
{5.45206,1.2937,1.570922415794},
{5.45237,1.29399,1.570922079794},
{5.45269,1.29429,1.570921743794},
{5.45301,1.29458,1.570921407794},
{5.45333,1.29487,1.570921071794},
{5.45364,1.29517,1.570920735794},
{5.45396,1.29546,1.570920399794},
{5.45428,1.29576,1.570920063794},
{5.4546,1.29605,1.570919727794},
{5.45491,1.29635,1.570919390794},
{5.45523,1.29664,1.570919054794},
{5.45461,1.29607,1.570919592794},
{5.45489,1.29633,1.570919178794},
{5.45517,1.29659,1.570918763794},
{5.45545,1.29684,1.570918349794},
{5.45573,1.2971,1.570917934794},
{5.45601,1.29736,1.570917519794},
{5.45629,1.29762,1.570917105794},
{5.45657,1.29788,1.570916690794},
{5.45685,1.29814,1.570916276794},
{5.45713,1.2984,1.570915861794},
{5.45741,1.29866,1.570915447794},
{5.45768,1.29892,1.570915032794},
{5.45796,1.29917,1.570914617794},
{5.45824,1.29943,1.570914203794},
{5.45852,1.29969,1.570913788794},
{5.4588,1.29995,1.570913374794},
{5.45908,1.30021,1.570912959794},
{5.45936,1.30047,1.570912545794},
{5.45964,1.30073,1.570912130794},
{5.45992,1.30099,1.570911715794},
{5.4602,1.30125,1.570911301794},
{5.46048,1.3015,1.570910886794},
{5.46076,1.30176,1.570910472794},
{5.46104,1.30202,1.570910057794},
{5.46131,1.30228,1.570909643794},
{5.46159,1.30254,1.570909228794},
{5.46187,1.3028,1.570908813794},
{5.46215,1.30306,1.570908399794},
{5.46243,1.30332,1.570907984794},
{5.46271,1.30358,1.570907570794},
{5.46299,1.30383,1.570907155794},
{5.46327,1.30409,1.570906741794},
{5.46355,1.30435,1.570906326794},
{5.46383,1.30461,1.570905912794},
{5.46411,1.30487,1.570905497794},
{5.46439,1.30513,1.570905082794},
{5.46467,1.30539,1.570904668794},
{5.46494,1.30565,1.570904253794},
{5.46522,1.30591,1.570903839794},
{5.4655,1.30616,1.570903424794},
{5.46578,1.30642,1.570903010794},
{5.46606,1.30668,1.570902595794},
{5.46634,1.30694,1.570902180794},
{5.46662,1.3072,1.570901766794},
{5.4669,1.30746,1.570901351794},
{5.46718,1.30772,1.570900937794},
{5.46746,1.30798,1.570900522794},
{5.46774,1.30824,1.570900108794},
{5.46715,1.30769,1.570900924794},
{5.46739,1.30791,1.570900468794},
{5.46763,1.30814,1.570900013794},
{5.46787,1.30836,1.570899557794},
{5.46811,1.30859,1.570899102794},
{5.46836,1.30881,1.570898646794},
{5.4686,1.30903,1.570898191794},
{5.46884,1.30926,1.570897735794},
{5.46908,1.30948,1.570897280794},
{5.46932,1.3097,1.570896824794},
{5.46956,1.30993,1.570896369794},
{5.4698,1.31015,1.570895913794},
{5.47004,1.31037,1.570895458294},
{5.47029,1.3106,1.570895002794},
{5.47053,1.31082,1.570894547194},
{5.47077,1.31105,1.570894091694},
{5.47101,1.31127,1.570893636194},
{5.47125,1.31149,1.570893180594},
{5.47149,1.31172,1.570892725094},
{5.47173,1.31194,1.570892269494},
{5.47197,1.31216,1.570891813994},
{5.47221,1.31239,1.570891358494},
{5.47246,1.31261,1.570890902894},
{5.4727,1.31283,1.570890447394},
{5.47294,1.31306,1.570889991794},
{5.47318,1.31328,1.570889536294},
{5.47342,1.31351,1.570889080794},
{5.47366,1.31373,1.570888625194},
{5.4739,1.31395,1.570888169694},
{5.47414,1.31418,1.570887714094},
{5.47439,1.3144,1.570887258594},
{5.47463,1.31462,1.570886803094},
{5.47487,1.31485,1.570886347494},
{5.47511,1.31507,1.570885891994},
{5.47535,1.31529,1.570885436394},
{5.47559,1.31552,1.570884980894},
{5.47583,1.31574,1.570884525394},
{5.47607,1.31597,1.570884069794},
{5.47632,1.31619,1.570883614294},
{5.47656,1.31641,1.570883158694},
{5.4768,1.31664,1.570882703194},
{5.47704,1.31686,1.570882247694},
{5.47728,1.31708,1.570881792094},
{5.47752,1.31731,1.570881336594},
{5.47776,1.31753,1.570880880994},
{5.47722,1.31703,1.570881883394},
{5.47743,1.31722,1.570881407694},
{5.47763,1.31741,1.570880932094},
{5.47784,1.3176,1.570880456394},
{5.47804,1.31779,1.570879980694},
{5.47824,1.31798,1.570879504994},
{5.47845,1.31817,1.570879029394},
{5.47865,1.31836,1.570878553694},
{5.47886,1.31854,1.570878077994},
{5.47906,1.31873,1.570877602394},
{5.47927,1.31892,1.570877126694},
{5.47947,1.31911,1.570876650994},
{5.47967,1.3193,1.570876175294},
{5.47988,1.31949,1.570875699694},
{5.48008,1.31968,1.570875223994},
{5.48029,1.31987,1.570874748294},
{5.48049,1.32006,1.570874272694},
{5.48069,1.32025,1.570873796994},
{5.4809,1.32044,1.570873321294},
{5.4811,1.32063,1.570872845594},
{5.48131,1.32082,1.570872369994},
{5.48151,1.32101,1.570871894294},
{5.48172,1.3212,1.570871418594},
{5.48192,1.32138,1.570870942994},
{5.48212,1.32157,1.570870467294},
{5.48233,1.32176,1.570869991594},
{5.48253,1.32195,1.570869515994},
{5.48274,1.32214,1.570869040294},
{5.48294,1.32233,1.570868564594},
{5.48314,1.32252,1.570868088894},
{5.48335,1.32271,1.570867613294},
{5.48355,1.3229,1.570867137594},
{5.48376,1.32309,1.570866661894},
{5.48396,1.32328,1.570866186294},
{5.48417,1.32347,1.570865710594},
{5.48437,1.32366,1.570865234894},
{5.48457,1.32385,1.570864759194},
{5.48478,1.32403,1.570864283594},
{5.48498,1.32422,1.570863807894},
{5.48519,1.32441,1.570863332194},
{5.48539,1.3246,1.570862856594},
{5.4856,1.32479,1.570862380894},
{5.4858,1.32498,1.570861905194},
{5.48528,1.3245,1.570863013094},
{5.48545,1.32465,1.570862513994},
{5.48562,1.32481,1.570862014894},
{5.48578,1.32497,1.570861515794},
{5.48595,1.32512,1.570861016694},
{5.48612,1.32528,1.570860517594},
{5.48629,1.32544,1.570860018494},
{5.48646,1.32559,1.570859519394},
{5.48663,1.32575,1.570859020294},
{5.4868,1.32591,1.570858521194},
{5.48697,1.32606,1.570858022094},
{5.48713,1.32622,1.570857522994},
{5.4873,1.32638,1.570857023894},
{5.48747,1.32653,1.570856524794},
{5.48764,1.32669,1.570856025694},
{5.48781,1.32685,1.570855526594},
{5.48798,1.327,1.570855027494},
{5.48815,1.32716,1.570854528394},
{5.48832,1.32731,1.570854029294},
{5.48849,1.32747,1.570853530194},
{5.48865,1.32763,1.570853031094},
{5.48882,1.32778,1.570852531994},
{5.48899,1.32794,1.570852032894},
{5.48916,1.3281,1.570851533794},
{5.48933,1.32825,1.570851034694},
{5.4895,1.32841,1.570850535594},
{5.48967,1.32857,1.570850036494},
{5.48984,1.32872,1.570849537394},
{5.49,1.32888,1.570849038294},
{5.49017,1.32904,1.570848539194},
{5.49034,1.32919,1.570848040094},
{5.49051,1.32935,1.570847541094},
{5.49068,1.32951,1.570847041994},
{5.49085,1.32966,1.570846542894},
{5.49102,1.32982,1.570846043794},
{5.49119,1.32997,1.570845544694},
{5.49135,1.33013,1.570845045594},
{5.49152,1.33029,1.570844546494},
{5.49109,1.32988,1.570845818894},
{5.49122,1.33001,1.570845359494},
{5.49136,1.33014,1.570844900194},
{5.4915,1.33026,1.570844440794},
{5.49163,1.33039,1.570843981394},
{5.49177,1.33051,1.570843522094},
{5.4919,1.33064,1.570843062694},
{5.49204,1.33076,1.570842603294},
{5.49217,1.33089,1.570842143994},
{5.49231,1.33102,1.570841684594},
{5.49244,1.33114,1.570841225194},
{5.49258,1.33127,1.570840765894},
{5.49271,1.33139,1.570840306494},
{5.49285,1.33152,1.570839847094},
{5.49299,1.33164,1.570839387794},
{5.49312,1.33177,1.570838928394},
{5.49326,1.33189,1.570838468994},
{5.49339,1.33202,1.570838009694},
{5.49353,1.33215,1.570837550294},
{5.49366,1.33227,1.570837090894},
{5.4938,1.3324,1.570836631594},
{5.49393,1.33252,1.570836172194},
{5.49407,1.33265,1.570835712794},
{5.49421,1.33277,1.570835253494},
{5.49434,1.3329,1.570834794094},
{5.49448,1.33303,1.570834334794},
{5.49461,1.33315,1.570833875394},
{5.49475,1.33328,1.570833415994},
{5.49488,1.3334,1.570832956694},
{5.49502,1.33353,1.570832497294},
{5.49515,1.33365,1.570832037894},
{5.49529,1.33378,1.570831578594},
{5.49542,1.3339,1.570831119194},
{5.49556,1.33403,1.570830659794},
{5.4957,1.33416,1.570830200494},
{5.49583,1.33428,1.570829741094},
{5.49544,1.33392,1.570830990594},
{5.49555,1.33402,1.570830553094},
{5.49565,1.33411,1.570830115694},
{5.49576,1.33421,1.570829678194},
{5.49586,1.33431,1.570829240694},
{5.49597,1.33441,1.570828803194},
{5.49607,1.3345,1.570828365694},
{5.49618,1.3346,1.570827928194},
{5.49628,1.3347,1.570827490694},
{5.49639,1.33479,1.570827053194},
{5.49649,1.33489,1.570826615694},
{5.49659,1.33499,1.570826178294},
{5.4967,1.33509,1.570825740794},
{5.4968,1.33518,1.570825303294},
{5.49691,1.33528,1.570824865794},
{5.49701,1.33538,1.570824428294},
{5.49712,1.33548,1.570823990794},
{5.49722,1.33557,1.570823553294},
{5.49733,1.33567,1.570823115794},
{5.49743,1.33577,1.570822678294},
{5.49754,1.33586,1.570822240894},
{5.49764,1.33596,1.570821803394},
{5.49775,1.33606,1.570821365894},
{5.49785,1.33616,1.570820928394},
{5.49796,1.33625,1.570820490894},
{5.49806,1.33635,1.570820053394},
{5.49817,1.33645,1.570819615894},
{5.49827,1.33655,1.570819178394},
{5.49838,1.33664,1.570818740894},
{5.49848,1.33674,1.570818303394},
{5.49859,1.33684,1.570817865994},
{5.49829,1.33656,1.570819111494},
{5.49836,1.33663,1.570818732494},
{5.49844,1.3367,1.570818353494},
{5.49852,1.33677,1.570817974394},
{5.4986,1.33684,1.570817595394},
{5.49867,1.33692,1.570817216394},
{5.49875,1.33699,1.570816837294},
{5.49883,1.33706,1.570816458294},
{5.49891,1.33713,1.570816079194},
{5.49898,1.3372,1.570815700194},
{5.49906,1.33728,1.570815321194},
{5.49914,1.33735,1.570814942094},
{5.49922,1.33742,1.570814563094},
{5.49929,1.33749,1.570814184094},
{5.49937,1.33756,1.570813804994},
{5.49945,1.33764,1.570813425994},
{5.49953,1.33771,1.570813046894},
{5.4996,1.33778,1.570812667894},
{5.49968,1.33785,1.570812288894},
{5.49976,1.33792,1.570811909794},
{5.49984,1.33799,1.570811530794},
{5.49991,1.33807,1.570811151794},
{5.49999,1.33814,1.570810772694},
{5.50007,1.33821,1.570810393694},
{5.50015,1.33828,1.570810014594},
{5.50022,1.33835,1.570809635594},
{5.5003,1.33843,1.570809256594},
{5.50038,1.3385,1.570808877494},
{5.50014,1.33828,1.570810009594},
{5.50019,1.33833,1.570809680894},
{5.50025,1.33838,1.570809352194},
{5.5003,1.33843,1.570809023494},
{5.50036,1.33848,1.570808694794},
{5.50041,1.33853,1.570808366194},
{5.50046,1.33858,1.570808037494},
{5.50052,1.33863,1.570807708794},
{5.50057,1.33868,1.570807380094},
{5.50063,1.33873,1.570807051394},
{5.50068,1.33878,1.570806722794},
{5.50073,1.33883,1.570806394094},
{5.50079,1.33888,1.570806065384},
{5.50084,1.33893,1.570805736694},
{5.50089,1.33898,1.570805408014},
{5.50095,1.33903,1.570805079334},
{5.501,1.33907,1.570804750644},
{5.50106,1.33912,1.570804421964},
{5.50111,1.33917,1.570804093284},
{5.50116,1.33922,1.570803764604},
{5.50122,1.33927,1.570803435914},
{5.50127,1.33932,1.570803107234},
{5.50133,1.33937,1.570802778554},
{5.50138,1.33942,1.570802449874},
{5.5012,1.33926,1.570803484064},
{5.50124,1.33929,1.570803222454},
{5.50127,1.33933,1.570802960844},
{5.50131,1.33936,1.570802699234},
{5.50134,1.33939,1.570802437624},
{5.50137,1.33942,1.570802176014},
{5.50141,1.33945,1.570801914414},
{5.50144,1.33948,1.570801652804},
{5.50148,1.33951,1.570801391194},
{5.50151,1.33955,1.570801129584},
{5.50154,1.33958,1.570800867974},
{5.50158,1.33961,1.570800606364},
{5.50161,1.33964,1.570800344754},
{5.50165,1.33967,1.570800083144},
{5.50168,1.3397,1.570799821534},
{5.50172,1.33974,1.570799559924},
{5.50175,1.33977,1.570799298314},
{5.50178,1.3398,1.570799036704},
{5.50182,1.33983,1.570798775104},
{5.50185,1.33986,1.570798513494},
{5.50173,1.33975,1.570799371054},
{5.50175,1.33977,1.570799170584},
{5.50177,1.33979,1.570798970104},
{5.50179,1.33981,1.570798769624},
{5.50181,1.33982,1.570798569154},
{5.50183,1.33984,1.570798368674},
{5.50185,1.33986,1.570798168204},
{5.50186,1.33987,1.570797967724},
{5.50188,1.33989,1.570797767254},
{5.5019,1.33991,1.570797566774},
{5.50192,1.33993,1.570797366294},
{5.50194,1.33994,1.570797165822},
{5.50196,1.33996,1.570796965346},
{5.50198,1.33998,1.570796764870},
{5.502,1.34,1.570796564394},
{5.50194,1.33994,1.570797199239},
{5.50194,1.33995,1.570797086311},
{5.50195,1.33996,1.570796973382},
{5.50196,1.33996,1.570796860454},
{5.50197,1.33997,1.570796747526},
{5.50198,1.33998,1.570796634598},
{5.50198,1.33998,1.570796521670},
{5.50199,1.33999,1.570796408742},
{5.502,1.34,1.570796295814},
{5.50201,1.34001,1.570796182885},
{5.50201,1.34001,1.570796069957},
{5.50202,1.34002,1.570795957029},
{5.502,1.34,1.570796360050},
{5.502,1.34,1.570796347944},
{5.502,1.34,1.570796335838},
{5.502,1.34,1.570796323732},
{5.502,1.34,1.570796311626},
{5.502,1.34,1.570796299519},
{5.50201,1.34001,1.570796287413},
{5.50201,1.34001,1.570796275307},
{5.502,1.34,1.570796326794},
{5.502,1.34,1.570796326794},
{5.50201,1.34,1.57079635097},
{5.50202,1.34,1.570796395079},
{5.50203,1.34,1.570796400150},
{5.50204,1.34,1.57079640522},
{5.50208,1.34,1.570796403064},
{5.5021,1.34,1.570796381988},
{5.50212,1.34,1.570796360912},
{5.50214,1.34,1.570796339836},
{5.50215,1.34,1.5707963187610},
{5.50222,1.34,1.570796246334},
{5.50225,1.34,1.570796206372},
{5.50228,1.34,1.570796166412},
{5.50231,1.34,1.570796126451},
{5.50234,1.34,1.570796086490},
{5.50237,1.34,1.570796046529},
{5.50245,1.34,1.570795932168},
{5.5025,1.34,1.570795866132},
{5.50254,1.34,1.570795800097},
{5.50259,1.34,1.570795734061},
{5.50263,1.34,1.570795668026},
{5.50267,1.34,1.570795601990},
{5.50272,1.34,1.570795535955},
{5.50276,1.34,1.570795469919},
{5.50288,1.34,1.570795293724},
{5.50294,1.34,1.570795204614},
{5.503,1.34,1.570795115504},
{5.50306,1.34,1.570795026394},
{5.50312,1.34,1.570794937284},
{5.50318,1.34,1.570794848174},
{5.50323,1.34,1.570794759064},
{5.50329,1.34,1.570794669944},
{5.50335,1.34,1.570794580834},
{5.50341,1.34,1.570794491724},
{5.50357,1.34,1.570794254834},
{5.50365,1.34,1.570794137074},
{5.50372,1.34,1.570794019314},
{5.5038,1.34,1.570793901544},
{5.50388,1.34,1.570793783784},
{5.50395,1.34,1.570793666024},
{5.50403,1.34,1.570793548254},
{5.50411,1.34,1.570793430494},
{5.50418,1.34,1.570793312734},
{5.50426,1.34,1.570793194964},
{5.50434,1.34,1.570793077204},
{5.50441,1.34,1.570792959444},
{5.50462,1.34,1.570792641634},
{5.50472,1.34,1.570792499194},
{5.50481,1.34,1.570792356754},
{5.50491,1.34,1.570792214314},
{5.505,1.34,1.570792071874},
{5.5051,1.34,1.570791929424},
{5.50519,1.34,1.570791786984},
{5.50529,1.34,1.570791644544},
{5.50539,1.34,1.570791502104},
{5.50548,1.34,1.570791359664},
{5.50558,1.34,1.570791217214},
{5.50567,1.34,1.570791074774},
{5.50577,1.34,1.570790932334},
{5.50602,1.34,1.570790558994},
{5.50613,1.34,1.570790387384},
{5.50625,1.34,1.570790215784},
{5.50636,1.34,1.570790044174},
{5.50648,1.34,1.570789872574},
{5.5066,1.34,1.570789700964},
{5.50671,1.34,1.570789529364},
{5.50683,1.34,1.570789357754},
{5.50694,1.34,1.570789186154},
{5.50706,1.34,1.570789014544},
{5.50717,1.34,1.570788842944},
{5.50729,1.34,1.570788671334},
{5.5074,1.34,1.570788499734},
{5.50752,1.34,1.570788328124},
{5.50764,1.34,1.570788156524},
{5.50794,1.34,1.570787714754},
{5.50807,1.34,1.570787520934},
{5.50821,1.34,1.570787327124},
{5.50835,1.34,1.570787133314},
{5.50848,1.34,1.570786939494},
{5.50862,1.34,1.570786745684},
{5.50876,1.34,1.570786551874},
{5.50889,1.34,1.570786358054},
{5.50903,1.34,1.570786164194},
{5.50917,1.34,1.570785970394},
{5.5093,1.34,1.570785776594},
{5.50944,1.34,1.570785582794},
{5.50958,1.34,1.570785388994},
{5.50971,1.34,1.570785195194},
{5.50985,1.34,1.570785001394},
{5.50998,1.34,1.570784807594},
{5.51033,1.34,1.570784324094},
{5.51049,1.34,1.570784105694},
{5.51064,1.34,1.570783887394},
{5.5108,1.34,1.570783668994},
{5.51096,1.34,1.570783450594},
{5.51112,1.34,1.570783232294},
{5.51128,1.34,1.570783013894},
{5.51143,1.34,1.570782795594},
{5.51159,1.34,1.570782577194},
{5.51175,1.34,1.570782358894},
{5.51191,1.34,1.570782140494},
{5.51207,1.34,1.570781922194},
{5.51222,1.34,1.570781703794},
{5.51238,1.34,1.570781485394},
{5.51254,1.34,1.570781267094},
{5.5127,1.34,1.570781048694},
{5.51286,1.34,1.570780830394},
{5.51323,1.34,1.570780317694},
{5.51341,1.34,1.570780083394},
{5.51359,1.34,1.570779849194},
{5.51377,1.34,1.570779614994},
{5.51395,1.34,1.570779380794},
{5.51413,1.34,1.570779146494},
{5.51431,1.34,1.570778912294},
{5.51449,1.34,1.570778678094},
{5.51467,1.34,1.570778443794},
{5.51485,1.34,1.570778209594},
{5.51503,1.34,1.570777975394},
{5.51521,1.34,1.570777741194},
{5.51539,1.34,1.570777506894},
{5.51557,1.34,1.570777272694},
{5.51575,1.34,1.570777038494},
{5.51592,1.34,1.570776804194},
{5.5161,1.34,1.570776569994},
{5.51628,1.34,1.570776335794},
{5.51646,1.34,1.570776101594},
{5.51688,1.34,1.570775567294},
{5.51708,1.34,1.570775318094},
{5.51728,1.34,1.570775068994},
{5.51748,1.34,1.570774819794},
{5.51768,1.34,1.570774570594},
{5.51788,1.34,1.570774321394},
{5.51809,1.34,1.570774072194},
{5.51829,1.34,1.570773822994},
{5.51849,1.34,1.570773573894},
{5.51869,1.34,1.570773324694},
{5.51889,1.34,1.570773075494},
{5.51909,1.34,1.570772826294},
{5.51929,1.34,1.570772577094},
{5.5195,1.34,1.570772327994},
{5.5197,1.34,1.570772078794},
{5.5199,1.34,1.570771829594},
{5.5201,1.34,1.570771580394},
{5.5203,1.34,1.570771331194},
{5.5205,1.34,1.570771082094},
{5.5207,1.34,1.570770832894},
{5.52115,1.34,1.570770289194},
{5.52137,1.34,1.570770034094},
{5.52159,1.34,1.570769778894},
{5.52181,1.34,1.570769523794},
{5.52204,1.34,1.570769268594},
{5.52226,1.34,1.570769013494},
{5.52248,1.34,1.570768758294},
{5.5227,1.34,1.570768503194},
{5.52293,1.34,1.570768247994},
{5.52315,1.34,1.570767992894},
{5.52337,1.34,1.570767737694},
{5.52359,1.34,1.570767482594},
{5.52382,1.34,1.570767227394},
{5.52404,1.34,1.570766972294},
{5.52426,1.34,1.570766717094},
{5.52448,1.34,1.570766461994},
{5.52471,1.34,1.570766206794},
{5.52493,1.34,1.570765951694},
{5.52515,1.34,1.570765696494},
{5.52537,1.34,1.570765441394},
{5.5256,1.34,1.570765186294},
{5.52606,1.34,1.570764653194},
{5.5263,1.34,1.570764394994},
{5.52655,1.34,1.570764136794},
{5.52679,1.34,1.570763878694},
{5.52703,1.34,1.570763620494},
{5.52728,1.34,1.570763362294},
{5.52752,1.34,1.570763104094},
{5.52776,1.34,1.570762845994},
{5.528,1.34,1.570762587794},
{5.52825,1.34,1.570762329594},
{5.52849,1.34,1.570762071494},
{5.52873,1.34,1.570761813294},
{5.52897,1.34,1.570761555094},
{5.52922,1.34,1.570761296894},
{5.52946,1.34,1.570761038794},
{5.5297,1.34,1.570760780594},
{5.52995,1.34,1.570760522394},
{5.53019,1.34,1.570760264294},
{5.53043,1.34,1.570760006094},
{5.53067,1.34,1.570759747894},
{5.53092,1.34,1.570759489794},
{5.53116,1.34,1.570759231594},
{5.5314,1.34,1.570758973394},
{5.5319,1.34,1.570758462194},
{5.53216,1.34,1.570758210994},
{5.53242,1.34,1.570757959694},
{5.53269,1.34,1.570757708394},
{5.53295,1.34,1.570757457094},
{5.53321,1.34,1.570757205794},
{5.53347,1.34,1.570756954594},
{5.53373,1.34,1.570756703294},
{5.534,1.34,1.570756451994},
{5.53426,1.34,1.570756200694},
{5.53452,1.34,1.570755949394},
{5.53478,1.34,1.570755698194},
{5.53504,1.34,1.570755446894},
{5.5353,1.34,1.570755195594},
{5.53557,1.34,1.570754944294},
{5.53583,1.34,1.570754692994},
{5.53609,1.34,1.570754441694},
{5.53635,1.34,1.570754190494},
{5.53661,1.34,1.570753939194},
{5.53688,1.34,1.570753687894},
{5.53714,1.34,1.570753436594},
{5.5374,1.34,1.570753185294},
{5.53766,1.34,1.570752934094},
{5.53817,1.34,1.570752459294},
{5.53845,1.34,1.570752218994},
{5.53873,1.34,1.570751978794},
{5.53901,1.34,1.570751738494},
{5.53928,1.34,1.570751498194},
{5.53956,1.34,1.570751257894},
{5.53984,1.34,1.570751017594},
{5.54012,1.34,1.570750777294},
{5.5404,1.34,1.570750536994},
{5.54068,1.34,1.570750296694},
{5.54096,1.34,1.570750056394},
{5.54124,1.34,1.570749816194},
{5.54152,1.34,1.570749575894},
{5.5418,1.34,1.570749335594},
{5.54208,1.34,1.570749095294},
{5.54236,1.34,1.570748854994},
{5.54264,1.34,1.570748614694},
{5.54292,1.34,1.570748374394},
{5.5432,1.34,1.570748134094},
{5.54348,1.34,1.570747893794},
{5.54376,1.34,1.570747653594},
{5.54404,1.34,1.570747413294},
{5.54432,1.34,1.570747172994},
{5.5446,1.34,1.570746932694},
{5.5451,1.34,1.570746500494},
{5.5454,1.34,1.570746280794},
{5.5457,1.34,1.570746061094},
{5.54599,1.34,1.570745841394},
{5.54629,1.34,1.570745621594},
{5.54658,1.34,1.570745401894},
{5.54688,1.34,1.570745182194},
{5.54717,1.34,1.570744962394},
{5.54747,1.34,1.570744742694},
{5.54776,1.34,1.570744522994},
{5.54806,1.34,1.570744303194},
{5.54836,1.34,1.570744083494},
{5.54865,1.34,1.570743863794},
{5.54895,1.34,1.570743643994},
{5.54924,1.34,1.570743424294},
{5.54954,1.34,1.570743204594},
{5.54983,1.34,1.570742984794},
{5.55013,1.34,1.570742765094},
{5.55042,1.34,1.570742545394},
{5.55072,1.34,1.570742325594},
{5.55101,1.34,1.570742105894},
{5.55131,1.34,1.570741886194},
{5.55161,1.34,1.570741666494},
{5.5519,1.34,1.570741446694},
{5.5522,1.34,1.570741226994},
{5.5527,1.34,1.570740853094},
{5.55301,1.34,1.570740657394},
{5.55332,1.34,1.570740461794},
{5.55363,1.34,1.570740266194},
{5.55394,1.34,1.570740070594},
{5.55425,1.34,1.570739874894},
{5.55456,1.34,1.570739679294},
{5.55487,1.34,1.570739483694},
{5.55518,1.34,1.570739287994},
{5.55549,1.34,1.570739092394},
{5.5558,1.34,1.570738896794},
{5.55611,1.34,1.570738701194},
{5.55642,1.34,1.570738505494},
{5.55673,1.34,1.570738309894},
{5.55704,1.34,1.570738114294},
{5.55734,1.34,1.570737918694},
{5.55765,1.34,1.570737722994},
{5.55796,1.34,1.570737527394},
{5.55827,1.34,1.570737331794},
{5.55858,1.34,1.570737136194},
{5.55889,1.34,1.570736940494},
{5.5592,1.34,1.570736744894},
{5.55951,1.34,1.570736549294},
{5.55982,1.34,1.570736353694},
{5.56013,1.34,1.570736157994},
{5.56044,1.34,1.570735962394},
{5.56094,1.34,1.570735657894},
{5.56126,1.34,1.570735495294},
{5.56158,1.34,1.570735332594},
{5.5619,1.34,1.570735169894},
{5.56222,1.34,1.570735007294},
{5.56255,1.34,1.570734844594},
{5.56287,1.34,1.570734681894},
{5.56319,1.34,1.570734519294},
{5.56351,1.34,1.570734356594},
{5.56383,1.34,1.570734193994},
{5.56415,1.34,1.570734031294},
{5.56447,1.34,1.570733868594},
{5.56479,1.34,1.570733705994},
{5.56512,1.34,1.570733543294},
{5.56544,1.34,1.570733380594},
{5.56576,1.34,1.570733217994},
{5.56608,1.34,1.570733055294},
{5.5664,1.34,1.570732892594},
{5.56672,1.34,1.570732729994},
{5.56704,1.34,1.570732567294},
{5.56736,1.34,1.570732404594},
{5.56769,1.34,1.570732241994},
{5.56801,1.34,1.570732079294},
{5.56833,1.34,1.570731916694},
{5.56865,1.34,1.570731753994},
{5.56897,1.34,1.570731591294},
{5.56929,1.34,1.570731428694},
{5.56978,1.34,1.570731217394},
{5.57011,1.34,1.570731090394},
{5.57044,1.34,1.570730963294},
{5.57077,1.34,1.570730836194},
{5.5711,1.34,1.570730709094},
{5.57143,1.34,1.570730582094},
{5.57177,1.34,1.570730454994},
{5.5721,1.34,1.570730327894},
{5.57243,1.34,1.570730200794},
{5.57276,1.34,1.570730073694},
{5.57309,1.34,1.570729946694},
{5.57342,1.34,1.570729819594},
{5.57375,1.34,1.570729692494},
{5.57408,1.34,1.570729565394},
{5.57441,1.34,1.570729438394},
{5.57474,1.34,1.570729311294},
{5.57507,1.34,1.570729184194},
{5.5754,1.34,1.570729057094},
{5.57573,1.34,1.570728929994},
{5.57606,1.34,1.570728802994},
{5.57639,1.34,1.570728675894},
{5.57672,1.34,1.570728548794},
{5.57705,1.34,1.570728421694},
{5.57739,1.34,1.570728294694},
{5.57772,1.34,1.570728167594},
{5.57805,1.34,1.570728040494},
{5.57851,1.34,1.570727865694},
{5.57884,1.34,1.570727780094},
{5.57918,1.34,1.570727694494},
{5.57952,1.34,1.570727608794},
{5.57986,1.34,1.570727523194},
{5.58019,1.34,1.570727437594},
{5.58053,1.34,1.570727351994},
{5.58087,1.34,1.570727266294},
{5.5812,1.34,1.570727180694},
{5.58154,1.34,1.570727095094},
{5.58188,1.34,1.570727009494},
{5.58222,1.34,1.570726923894},
{5.58255,1.34,1.570726838194},
{5.58289,1.34,1.570726752594},
{5.58323,1.34,1.570726666994},
{5.58357,1.34,1.570726581394},
{5.5839,1.34,1.570726495694},
{5.58424,1.34,1.570726410094},
{5.58458,1.34,1.570726324494},
{5.58492,1.34,1.570726238894},
{5.58525,1.34,1.570726153194},
{5.58559,1.34,1.570726067594},
{5.58593,1.34,1.570725981994},
{5.58627,1.34,1.570725896394},
{5.5866,1.34,1.570725810694},
{5.58694,1.34,1.570725725094},
{5.58728,1.34,1.570725639494},
{5.58762,1.34,1.570725553894},
{5.58805,1.34,1.570725477794},
{5.58839,1.34,1.570725434694},
{5.58873,1.34,1.570725391694},
{5.58907,1.34,1.570725348594},
{5.58942,1.34,1.570725305494},
{5.58976,1.34,1.570725262394},
{5.5901,1.34,1.570725219294},
{5.59044,1.34,1.570725176294},
{5.59078,1.34,1.570725133194},
{5.59112,1.34,1.570725090094},
{5.59146,1.34,1.570725046994},
{5.59181,1.34,1.570725003894},
{5.59215,1.34,1.570724960894},
{5.59249,1.34,1.570724917794},
{5.59283,1.34,1.570724874694},
{5.59317,1.34,1.570724831594},
{5.59351,1.34,1.570724788494},
{5.59386,1.34,1.570724745394},
{5.5942,1.34,1.570724702394},
{5.59454,1.34,1.570724659294},
{5.59488,1.34,1.570724616194},
{5.59522,1.34,1.570724573094},
{5.59556,1.34,1.570724529994},
{5.5959,1.34,1.570724486994},
{5.59625,1.34,1.570724443894},
{5.59659,1.34,1.570724400794},
{5.59693,1.34,1.570724357694},
{5.59733,1.34,1.570724318894},
{5.59767,1.34,1.570724320994},
{5.59801,1.34,1.570724323094},
{5.59836,1.34,1.570724325194},
{5.5987,1.34,1.570724327294},
{5.59904,1.34,1.570724329394},
{5.59939,1.34,1.570724331494},
{5.59973,1.34,1.570724333594},
{5.60007,1.34,1.570724335694},
{5.60041,1.34,1.570724337794},
{5.60076,1.34,1.570724339894},
{5.6011,1.34,1.570724342094},
{5.60144,1.34,1.570724344194},
{5.60179,1.34,1.570724346294},
{5.60213,1.34,1.570724348394},
{5.60247,1.34,1.570724350494},
{5.60281,1.34,1.570724352594},
{5.60316,1.34,1.570724354694},
{5.6035,1.34,1.570724356794},
{5.60384,1.34,1.570724358894},
{5.60419,1.34,1.570724360994},
{5.60453,1.34,1.570724363094},
{5.60487,1.34,1.570724365194},
{5.60521,1.34,1.570724367294},
{5.60556,1.34,1.570724369394},
{5.6059,1.34,1.570724371494},
{5.60624,1.34,1.570724373694},
{5.60659,1.34,1.570724375794},
{5.60695,1.34,1.570724402494},
{5.60729,1.34,1.570724448794},
{5.60763,1.34,1.570724495094},
{5.60797,1.34,1.570724541394},
{5.60831,1.34,1.570724587694},
{5.60865,1.34,1.570724633994},
{5.609,1.34,1.570724680294},
{5.60934,1.34,1.570724726594},
{5.60968,1.34,1.570724772894},
{5.61002,1.34,1.570724819194},
{5.61036,1.34,1.570724865494},
{5.6107,1.34,1.570724911794},
{5.61105,1.34,1.570724958094},
{5.61139,1.34,1.570725004394},
{5.61173,1.34,1.570725050694},
{5.61207,1.34,1.570725096994},
{5.61241,1.34,1.570725143294},
{5.61275,1.34,1.570725189594},
{5.61309,1.34,1.570725235894},
{5.61344,1.34,1.570725282194},
{5.61378,1.34,1.570725328494},
{5.61412,1.34,1.570725374794},
{5.61446,1.34,1.570725421094},
{5.6148,1.34,1.570725467394},
{5.61514,1.34,1.570725513694},
{5.61549,1.34,1.570725559994},
{5.61583,1.34,1.570725606294},
{5.61617,1.34,1.570725652594},
{5.61649,1.34,1.570725730794},
{5.61682,1.34,1.570725820094},
{5.61716,1.34,1.570725909494},
{5.6175,1.34,1.570725998894},
{5.61784,1.34,1.570726088294},
{5.61817,1.34,1.570726177694},
{5.61851,1.34,1.570726267094},
{5.61885,1.34,1.570726356394},
{5.61919,1.34,1.570726445794},
{5.61952,1.34,1.570726535194},
{5.61986,1.34,1.570726624594},
{5.6202,1.34,1.570726713994},
{5.62054,1.34,1.570726803294},
{5.62087,1.34,1.570726892694},
{5.62121,1.34,1.570726982094},
{5.62155,1.34,1.570727071494},
{5.62189,1.34,1.570727160894},
{5.62222,1.34,1.570727250194},
{5.62256,1.34,1.570727339594},
{5.6229,1.34,1.570727428994},
{5.62324,1.34,1.570727518394},
{5.62357,1.34,1.570727607794},
{5.62391,1.34,1.570727697094},
{5.62425,1.34,1.570727786494},
{5.62458,1.34,1.570727875894},
{5.62492,1.34,1.570727965294},
{5.62526,1.34,1.570728054694},
{5.62554,1.34,1.570728133094},
{5.62587,1.34,1.570728262894},
{5.6262,1.34,1.570728392694},
{5.62653,1.34,1.570728522394},
{5.62686,1.34,1.570728652194},
{5.62719,1.34,1.570728781994},
{5.62752,1.34,1.570728911794},
{5.62785,1.34,1.570729041594},
{5.62818,1.34,1.570729171294},
{5.62852,1.34,1.570729301094},
{5.62885,1.34,1.570729430894},
{5.62918,1.34,1.570729560694},
{5.62951,1.34,1.570729690494},
{5.62984,1.34,1.570729820194},
{5.63017,1.34,1.570729949994},
{5.6305,1.34,1.570730079794},
{5.63083,1.34,1.570730209594},
{5.63116,1.34,1.570730339294},
{5.63149,1.34,1.570730469094},
{5.63182,1.34,1.570730598894},
{5.63215,1.34,1.570730728694},
{5.63248,1.34,1.570730858494},
{5.63281,1.34,1.570730988194},
{5.63314,1.34,1.570731117994},
{5.63347,1.34,1.570731247794},
{5.63381,1.34,1.570731377594},
{5.63414,1.34,1.570731507294},
{5.63447,1.34,1.570731637094},
{5.6347,1.34,1.570731750994},
{5.63502,1.34,1.570731916194},
{5.63534,1.34,1.570732081494},
{5.63566,1.34,1.570732246794},
{5.63598,1.34,1.570732411994},
{5.63631,1.34,1.570732577294},
{5.63663,1.34,1.570732742594},
{5.63695,1.34,1.570732907794},
{5.63727,1.34,1.570733073094},
{5.63759,1.34,1.570733238394},
{5.63791,1.34,1.570733403594},
{5.63823,1.34,1.570733568894},
{5.63855,1.34,1.570733734194},
{5.63888,1.34,1.570733899394},
{5.6392,1.34,1.570734064694},
{5.63952,1.34,1.570734229994},
{5.63984,1.34,1.570734395194},
{5.64016,1.34,1.570734560494},
{5.64048,1.34,1.570734725794},
{5.6408,1.34,1.570734891094},
{5.64113,1.34,1.570735056294},
{5.64145,1.34,1.570735221594},
{5.64177,1.34,1.570735386894},
{5.64209,1.34,1.570735552094},
{5.64241,1.34,1.570735717394},
{5.64273,1.34,1.570735882694},
{5.64305,1.34,1.570736047894},
{5.64325,1.34,1.570736158994},
{5.64356,1.34,1.570736355994},
{5.64386,1.34,1.570736552894},
{5.64417,1.34,1.570736749794},
{5.64448,1.34,1.570736946694},
{5.64479,1.34,1.570737143594},
{5.6451,1.34,1.570737340494},
{5.64541,1.34,1.570737537394},
{5.64572,1.34,1.570737734294},
{5.64603,1.34,1.570737931294},
{5.64634,1.34,1.570738128194},
{5.64665,1.34,1.570738325094},
{5.64696,1.34,1.570738521994},
{5.64727,1.34,1.570738718894},
{5.64758,1.34,1.570738915794},
{5.64789,1.34,1.570739112694},
{5.6482,1.34,1.570739309694},
{5.64851,1.34,1.570739506594},
{5.64882,1.34,1.570739703494},
{5.64913,1.34,1.570739900394},
{5.64944,1.34,1.570740097294},
{5.64975,1.34,1.570740294194},
{5.65006,1.34,1.570740491094},
{5.65036,1.34,1.570740688094},
{5.65067,1.34,1.570740884994},
{5.65098,1.34,1.570741081894},
{5.65129,1.34,1.570741278794},
{5.65144,1.34,1.570741388794},
{5.65174,1.34,1.570741609694},
{5.65203,1.34,1.570741830694},
{5.65233,1.34,1.570742051594},
{5.65263,1.34,1.570742272494},
{5.65292,1.34,1.570742493394},
{5.65322,1.34,1.570742714394},
{5.65351,1.34,1.570742935294},
{5.65381,1.34,1.570743156194},
{5.6541,1.34,1.570743377194},
{5.6544,1.34,1.570743598094},
{5.65469,1.34,1.570743818994},
{5.65499,1.34,1.570744039894},
{5.65529,1.34,1.570744260894},
{5.65558,1.34,1.570744481794},
{5.65588,1.34,1.570744702694},
{5.65617,1.34,1.570744923694},
{5.65647,1.34,1.570745144594},
{5.65676,1.34,1.570745365494},
{5.65706,1.34,1.570745586394},
{5.65735,1.34,1.570745807394},
{5.65765,1.34,1.570746028294},
{5.65795,1.34,1.570746249194},
{5.65824,1.34,1.570746470194},
{5.65854,1.34,1.570746691094},
{5.65883,1.34,1.570746911994},
{5.65895,1.34,1.570747001394},
{5.65923,1.34,1.570747242194},
{5.65951,1.34,1.570747482894},
{5.65979,1.34,1.570747723594},
{5.66007,1.34,1.570747964294},
{5.66035,1.34,1.570748204994},
{5.66063,1.34,1.570748445694},
{5.66091,1.34,1.570748686394},
{5.66118,1.34,1.570748927094},
{5.66146,1.34,1.570749167894},
{5.66174,1.34,1.570749408594},
{5.66202,1.34,1.570749649294},
{5.6623,1.34,1.570749889994},
{5.66258,1.34,1.570750130694},
{5.66286,1.34,1.570750371394},
{5.66314,1.34,1.570750612094},
{5.66342,1.34,1.570750852794},
{5.6637,1.34,1.570751093494},
{5.66398,1.34,1.570751334294},
{5.66426,1.34,1.570751574994},
{5.66454,1.34,1.570751815694},
{5.66482,1.34,1.570752056394},
{5.6651,1.34,1.570752297094},
{5.66538,1.34,1.570752537794},
{5.66566,1.34,1.570752778494},
{5.66594,1.34,1.570753019194},
{5.66601,1.34,1.570753093094},
{5.66628,1.34,1.570753343594},
{5.66654,1.34,1.570753594094},
{5.6668,1.34,1.570753844594},
{5.66706,1.34,1.570754095094},
{5.66732,1.34,1.570754345594},
{5.66759,1.34,1.570754596094},
{5.66785,1.34,1.570754846594},
{5.66811,1.34,1.570755097194},
{5.66837,1.34,1.570755347694},
{5.66863,1.34,1.570755598194},
{5.6689,1.34,1.570755848694},
{5.66916,1.34,1.570756099194},
{5.66942,1.34,1.570756349694},
{5.66968,1.34,1.570756600194},
{5.66994,1.34,1.570756850794},
{5.6702,1.34,1.570757101294},
{5.67047,1.34,1.570757351794},
{5.67073,1.34,1.570757602294},
{5.67099,1.34,1.570757852794},
{5.67125,1.34,1.570758103294},
{5.67151,1.34,1.570758353794},
{5.67178,1.34,1.570758604294},
{5.67204,1.34,1.570758854894},
{5.6723,1.34,1.570759105394},
{5.67235,1.34,1.570759155394},
{5.67259,1.34,1.570759412494},
{5.67283,1.34,1.570759669494},
{5.67307,1.34,1.570759926594},
{5.67332,1.34,1.570760183694},
{5.67356,1.34,1.570760440794},
{5.6738,1.34,1.570760697894},
{5.67404,1.34,1.570760954894},
{5.67429,1.34,1.570761211994},
{5.67453,1.34,1.570761469094},
{5.67477,1.34,1.570761726194},
{5.67502,1.34,1.570761983294},
{5.67526,1.34,1.570762240294},
{5.6755,1.34,1.570762497394},
{5.67574,1.34,1.570762754494},
{5.67599,1.34,1.570763011594},
{5.67623,1.34,1.570763268694},
{5.67647,1.34,1.570763525694},
{5.67671,1.34,1.570763782794},
{5.67696,1.34,1.570764039894},
{5.6772,1.34,1.570764296994},
{5.67744,1.34,1.570764554094},
{5.67769,1.34,1.570764811094},
{5.67793,1.34,1.570765068194},
{5.67817,1.34,1.570765325294},
{5.67817,1.34,1.570765345794},
{5.6784,1.34,1.570765598894},
{5.67862,1.34,1.570765851994},
{5.67884,1.34,1.570766105094},
{5.67906,1.34,1.570766358194},
{5.67929,1.34,1.570766611394},
{5.67951,1.34,1.570766864494},
{5.67973,1.34,1.570767117594},
{5.67995,1.34,1.570767370694},
{5.68018,1.34,1.570767623794},
{5.6804,1.34,1.570767876894},
{5.68062,1.34,1.570768129994},
{5.68084,1.34,1.570768383094},
{5.68107,1.34,1.570768636194},
{5.68129,1.34,1.570768889294},
{5.68151,1.34,1.570769142394},
{5.68173,1.34,1.570769395494},
{5.68195,1.34,1.570769648594},
{5.68218,1.34,1.570769901694},
{5.6824,1.34,1.570770154794},
{5.68262,1.34,1.570770407894},
{5.68284,1.34,1.570770660994},
{5.68307,1.34,1.570770914094},
{5.68305,1.34,1.570770910694},
{5.68325,1.34,1.570771157894},
{5.68346,1.34,1.570771405194},
{5.68366,1.34,1.570771652494},
{5.68386,1.34,1.570771899694},
{5.68406,1.34,1.570772146994},
{5.68426,1.34,1.570772394294},
{5.68446,1.34,1.570772641494},
{5.68466,1.34,1.570772888794},
{5.68487,1.34,1.570773136094},
{5.68507,1.34,1.570773383294},
{5.68527,1.34,1.570773630594},
{5.68547,1.34,1.570773877894},
{5.68567,1.34,1.570774125094},
{5.68587,1.34,1.570774372394},
{5.68607,1.34,1.570774619694},
{5.68627,1.34,1.570774866894},
{5.68648,1.34,1.570775114194},
{5.68668,1.34,1.570775361494},
{5.68688,1.34,1.570775608694},
{5.68708,1.34,1.570775855994},
{5.68728,1.34,1.570776103294},
{5.68726,1.34,1.570776076494},
{5.68744,1.34,1.570776307694},
{5.68762,1.34,1.570776538894},
{5.6878,1.34,1.570776770094},
{5.68798,1.34,1.570777001294},
{5.68816,1.34,1.570777232394},
{5.68833,1.34,1.570777463594},
{5.68851,1.34,1.570777694794},
{5.68869,1.34,1.570777925994},
{5.68887,1.34,1.570778157194},
{5.68905,1.34,1.570778388394},
{5.68923,1.34,1.570778619594},
{5.68941,1.34,1.570778850794},
{5.68959,1.34,1.570779081994},
{5.68977,1.34,1.570779313094},
{5.68995,1.34,1.570779544294},
{5.69013,1.34,1.570779775494},
{5.69031,1.34,1.570780006694},
{5.69049,1.34,1.570780237894},
{5.69067,1.34,1.570780469094},
{5.69085,1.34,1.570780700294},
{5.69082,1.34,1.570780659394},
{5.69098,1.34,1.570780874594},
{5.69113,1.34,1.570781089794},
{5.69129,1.34,1.570781305094},
{5.69145,1.34,1.570781520294},
{5.69161,1.34,1.570781735494},
{5.69177,1.34,1.570781950794},
{5.69192,1.34,1.570782165994},
{5.69208,1.34,1.570782381194},
{5.69224,1.34,1.570782596494},
{5.6924,1.34,1.570782811694},
{5.69256,1.34,1.570783026994},
{5.69271,1.34,1.570783242194},
{5.69287,1.34,1.570783457394},
{5.69303,1.34,1.570783672694},
{5.69319,1.34,1.570783887894},
{5.69335,1.34,1.570784103094},
{5.6935,1.34,1.570784318394},
{5.69366,1.34,1.570784533594},
{5.69382,1.34,1.570784748794},
{5.69398,1.34,1.570784964094},
{5.69392,1.34,1.570784886494},
{5.69405,1.34,1.570785077994},
{5.69419,1.34,1.570785269394},
{5.69433,1.34,1.570785460894},
{5.69446,1.34,1.570785652294},
{5.6946,1.34,1.570785843794},
{5.69474,1.34,1.570786035194},
{5.69487,1.34,1.570786226694},
{5.69501,1.34,1.570786418124},
{5.69515,1.34,1.570786609574},
{5.69528,1.34,1.570786801034},
{5.69542,1.34,1.570786992484},
{5.69556,1.34,1.570787183934},
{5.69569,1.34,1.570787375384},
{5.69583,1.34,1.570787566834},
{5.69596,1.34,1.570787758284},
{5.6961,1.34,1.570787949744},
{5.69624,1.34,1.570788141194},
{5.69619,1.34,1.570788075134},
{5.69631,1.34,1.570788244024},
{5.69642,1.34,1.570788412924},
{5.69654,1.34,1.570788581824},
{5.69665,1.34,1.570788750714},
{5.69677,1.34,1.570788919614},
{5.69688,1.34,1.570789088514},
{5.697,1.34,1.570789257404},
{5.69711,1.34,1.570789426304},
{5.69723,1.34,1.570789595204},
{5.69735,1.34,1.570789764094},
{5.69746,1.34,1.570789932994},
{5.69758,1.34,1.570790101894},
{5.69769,1.34,1.570790270784},
{5.69781,1.34,1.570790439684},
{5.69792,1.34,1.570790608584},
{5.69804,1.34,1.570790777474},
{5.69815,1.34,1.570790946374},
{5.6981,1.34,1.570790860534},
{5.69819,1.34,1.570791000264},
{5.69829,1.34,1.570791139984},
{5.69838,1.34,1.570791279714},
{5.69848,1.34,1.570791419444},
{5.69857,1.34,1.570791559174},
{5.69867,1.34,1.570791698894},
{5.69876,1.34,1.570791838624},
{5.69886,1.34,1.570791978354},
{5.69895,1.34,1.570792118084},
{5.69905,1.34,1.570792257804},
{5.69915,1.34,1.570792397534},
{5.69924,1.34,1.570792537264},
{5.69934,1.34,1.570792676984},
{5.69943,1.34,1.570792816714},
{5.69953,1.34,1.570792956444},
{5.69947,1.34,1.570792878584},
{5.69955,1.34,1.570792993824},
{5.69963,1.34,1.570793109054},
{5.6997,1.34,1.570793224294},
{5.69978,1.34,1.570793339534},
{5.69986,1.34,1.570793454764},
{5.69993,1.34,1.570793570004},
{5.70001,1.34,1.570793685244},
{5.70009,1.34,1.570793800484},
{5.70016,1.34,1.570793915714},
{5.70024,1.34,1.570794030954},
{5.70032,1.34,1.570794146194},
{5.70039,1.34,1.570794261424},
{5.70047,1.34,1.570794376664},
{5.70055,1.34,1.570794491904},
{5.70049,1.34,1.570794406594},
{5.70055,1.34,1.570794493844},
{5.70061,1.34,1.570794581094},
{5.70067,1.34,1.570794668344},
{5.70073,1.34,1.570794755594},
{5.70079,1.34,1.570794842844},
{5.70085,1.34,1.570794930094},
{5.70091,1.34,1.570795017354},
{5.70097,1.34,1.570795104604},
{5.70102,1.34,1.570795191854},
{5.70108,1.34,1.570795279104},
{5.70114,1.34,1.570795366352},
{5.7012,1.34,1.570795453603},
{5.70116,1.34,1.570795385592},
{5.7012,1.34,1.570795450235},
{5.70124,1.34,1.570795514879},
{5.70129,1.34,1.570795579522},
{5.70133,1.34,1.570795644166},
{5.70138,1.34,1.570795708810},
{5.70142,1.34,1.570795773453},
{5.70146,1.34,1.570795838097},
{5.70151,1.34,1.570795902740},
{5.70155,1.34,1.570795967384},
{5.7016,1.34,1.570796032028},
{5.70156,1.34,1.570795985285},
{5.7016,1.34,1.570796024191},
{5.70163,1.34,1.570796063097},
{5.70166,1.34,1.570796102003},
{5.70169,1.34,1.570796140909},
{5.70172,1.34,1.570796179815},
{5.70175,1.34,1.570796218721},
{5.70178,1.34,1.570796257627},
{5.70181,1.34,1.570796296533},
{5.70184,1.34,1.5707963354395},
{5.70181,1.34,1.570796303007},
{5.70183,1.34,1.5707963226779},
{5.70185,1.34,1.570796342348},
{5.70187,1.34,1.570796362019},
{5.70189,1.34,1.570796381689},
{5.70191,1.34,1.570796401360},
{5.70193,1.34,1.570796421031},
{5.70195,1.34,1.570796440701},
{5.70194,1.34,1.570796424338},
{5.70195,1.34,1.570796417939},
{5.70196,1.34,1.570796411540},
{5.70197,1.34,1.570796405141},
{5.70198,1.34,1.57079639874},
{5.70199,1.34,1.570796392342},
{5.702,1.34,1.570796385943},
{5.70199,1.34,1.570796382907},
{5.70199,1.34,1.570796362763},
{5.702,1.34,1.570796342618},
{5.702,1.34,1.5707963224736},
{5.70201,1.34,1.570796302328},
{5.702,1.34,1.5707963291471},
{5.702,1.34,1.5707963250294},
{5.702,1.34,1.5707963209117},
{5.702,1.34,1.570796326794}