{5,2,1.570796326794},
{4.99999,1.99998,1.5707963187420},
{4.99999,1.99997,1.570796307246},
{4.99999,1.99995,1.570796295750},
{4.99997,1.99988,1.570796213890},
{4.99996,1.99985,1.570796167141},
{4.99996,1.99982,1.570796120392},
{4.99995,1.99979,1.570796073643},
{4.99994,1.99977,1.570796026894},
{4.99994,1.99974,1.570795980145},
{4.99993,1.99971,1.570795933396},
{4.99992,1.99968,1.570795886647},
{4.99988,1.99952,1.570795616168},
{4.99987,1.99947,1.570795522952},
{4.99986,1.99942,1.570795429736},
{4.99985,1.99937,1.570795336521},
{4.99983,1.99932,1.570795243304},
{4.99982,1.99926,1.570795150094},
{4.99981,1.99921,1.570795056874},
{4.9998,1.99916,1.570794963654},
{4.99979,1.99911,1.570794870444},
{4.99977,1.99906,1.570794777224},
{4.99976,1.99901,1.570794684014},
{4.99975,1.99896,1.570794590794},
{4.99974,1.99891,1.570794497574},
{4.99972,1.99885,1.570794404364},
{4.99965,1.99854,1.570793825904},
{4.99963,1.99846,1.570793678904},
{4.99961,1.99837,1.570793531904},
{4.99959,1.99829,1.570793384904},
{4.99957,1.99821,1.570793237914},
{4.99955,1.99813,1.570793090914},
{4.99953,1.99805,1.570792943914},
{4.99951,1.99797,1.570792796914},
{4.99949,1.99789,1.570792649914},
{4.99947,1.99781,1.570792502914},
{4.99945,1.99773,1.570792355914},
{4.99943,1.99765,1.570792208914},
{4.99941,1.99757,1.570792061914},
{4.99939,1.99749,1.570791914914},
{4.99937,1.9974,1.570791767914},
{4.99935,1.99732,1.570791620924},
{4.99934,1.99724,1.570791473924},
{4.99932,1.99716,1.570791326924},
{4.9992,1.99667,1.570790440204},
{4.99917,1.99655,1.570790234524},
{4.99914,1.99644,1.570790028854},
{4.99911,1.99632,1.570789823174},
{4.99908,1.99621,1.570789617504},
{4.99906,1.99609,1.570789411824},
{4.99903,1.99597,1.570789206154},
{4.999,1.99586,1.570789000474},
{4.99897,1.99574,1.570788794794},
{4.99894,1.99562,1.570788589124},
{4.99892,1.99551,1.570788383444},
{4.99889,1.99539,1.570788177774},
{4.99886,1.99527,1.570787972094},
{4.99883,1.99516,1.570787766424},
{4.9988,1.99504,1.570787560744},
{4.99878,1.99492,1.570787355074},
{4.99875,1.99481,1.570787149394},
{4.99872,1.99469,1.570786943724},
{4.99869,1.99457,1.570786738044},
{4.99866,1.99446,1.570786532364},
{4.99864,1.99434,1.570786326694},
{4.99861,1.99422,1.570786120994},
{4.99845,1.99356,1.570784951194},
{4.99841,1.9934,1.570784685294},
{4.99837,1.99324,1.570784419294},
{4.99833,1.99309,1.570784153394},
{4.99829,1.99293,1.570783887494},
{4.99826,1.99277,1.570783621594},
{4.99822,1.99261,1.570783355694},
{4.99818,1.99246,1.570783089794},
{4.99814,1.9923,1.570782823894},
{4.9981,1.99214,1.570782557894},
{4.99807,1.99198,1.570782291994},
{4.99803,1.99182,1.570782026094},
{4.99799,1.99167,1.570781760194},
{4.99795,1.99151,1.570781494294},
{4.99791,1.99135,1.570781228394},
{4.99788,1.99119,1.570780962494},
{4.99784,1.99104,1.570780696594},
{4.9978,1.99088,1.570780430594},
{4.99776,1.99072,1.570780164694},
{4.99772,1.99056,1.570779898794},
{4.99769,1.99041,1.570779632894},
{4.99765,1.99025,1.570779366994},
{4.99761,1.99009,1.570779101094},
{4.99757,1.98993,1.570778835194},
{4.99753,1.98978,1.570778569194},
{4.9975,1.98962,1.570778303294},
{4.99746,1.98946,1.570778037394},
{4.99725,1.98858,1.570776566894},
{4.9972,1.98838,1.570776243794},
{4.99715,1.98818,1.570775920694},
{4.9971,1.98797,1.570775597594},
{4.99705,1.98777,1.570775274494},
{4.997,1.98757,1.570774951294},
{4.99695,1.98736,1.570774628194},
{4.9969,1.98716,1.570774305094},
{4.99685,1.98695,1.570773981994},
{4.9968,1.98675,1.570773658894},
{4.99676,1.98655,1.570773335794},
{4.99671,1.98634,1.570773012694},
{4.99666,1.98614,1.570772689594},
{4.99661,1.98594,1.570772366494},
{4.99656,1.98573,1.570772043394},
{4.99651,1.98553,1.570771720294},
{4.99646,1.98533,1.570771397194},
{4.99641,1.98512,1.570771074094},
{4.99636,1.98492,1.570770750894},
{4.99631,1.98472,1.570770427794},
{4.99626,1.98451,1.570770104694},
{4.99622,1.98431,1.570769781594},
{4.99617,1.98411,1.570769458494},
{4.99612,1.9839,1.570769135394},
{4.99607,1.9837,1.570768812294},
{4.99602,1.98349,1.570768489194},
{4.99597,1.98329,1.570768166094},
{4.99592,1.98309,1.570767842994},
{4.99587,1.98288,1.570767519894},
{4.99582,1.98268,1.570767196794},
{4.99577,1.98248,1.570766873694},
{4.99572,1.98227,1.570766550494},
{4.99545,1.98115,1.570764787194},
{4.99539,1.98089,1.570764413694},
{4.99533,1.98064,1.570764040194},
{4.99527,1.98039,1.570763666694},
{4.99521,1.98013,1.570763293194},
{4.99515,1.97988,1.570762919794},
{4.99509,1.97962,1.570762546294},
{4.99502,1.97937,1.570762172794},
{4.99496,1.97912,1.570761799294},
{4.9949,1.97886,1.570761425794},
{4.99484,1.97861,1.570761052294},
{4.99478,1.97836,1.570760678794},
{4.99472,1.9781,1.570760305294},
{4.99466,1.97785,1.570759931894},
{4.9946,1.9776,1.570759558394},
{4.99454,1.97734,1.570759184894},
{4.99447,1.97709,1.570758811394},
{4.99441,1.97684,1.570758437894},
{4.99435,1.97658,1.570758064394},
{4.99429,1.97633,1.570757690894},
{4.99423,1.97608,1.570757317394},
{4.99417,1.97582,1.570756943994},
{4.99411,1.97557,1.570756570494},
{4.99405,1.97532,1.570756196994},
{4.99398,1.97506,1.570755823494},
{4.99392,1.97481,1.570755449994},
{4.99386,1.97455,1.570755076494},
{4.9938,1.9743,1.570754702994},
{4.99374,1.97405,1.570754329494},
{4.99368,1.97379,1.570753956094},
{4.99362,1.97354,1.570753582594},
{4.99356,1.97329,1.570753209094},
{4.9935,1.97303,1.570752835594},
{4.99343,1.97278,1.570752462094},
{4.99337,1.97253,1.570752088594},
{4.99306,1.97121,1.570750153594},
{4.99298,1.9709,1.570749741694},
{4.99291,1.9706,1.570749329694},
{4.99283,1.97029,1.570748917794},
{4.99276,1.96998,1.570748505894},
{4.99269,1.96968,1.570748093994},
{4.99261,1.96937,1.570747682094},
{4.99254,1.96906,1.570747270194},
{4.99246,1.96876,1.570746858294},
{4.99239,1.96845,1.570746446394},
{4.99232,1.96814,1.570746034494},
{4.99224,1.96784,1.570745622494},
{4.99217,1.96753,1.570745210594},
{4.99209,1.96722,1.570744798694},
{4.99202,1.96692,1.570744386794},
{4.99195,1.96661,1.570743974894},
{4.99187,1.9663,1.570743562994},
{4.9918,1.96599,1.570743151094},
{4.99172,1.96569,1.570742739194},
{4.99165,1.96538,1.570742327294},
{4.99158,1.96507,1.570741915294},
{4.9915,1.96477,1.570741503394},
{4.99143,1.96446,1.570741091494},
{4.99135,1.96415,1.570740679594},
{4.99128,1.96385,1.570740267694},
{4.99121,1.96354,1.570739855794},
{4.99113,1.96323,1.570739443894},
{4.99106,1.96293,1.570739031994},
{4.99098,1.96262,1.570738620094},
{4.99091,1.96231,1.570738208094},
{4.99084,1.96201,1.570737796194},
{4.99076,1.9617,1.570737384294},
{4.99069,1.96139,1.570736972394},
{4.99061,1.96109,1.570736560494},
{4.99054,1.96078,1.570736148594},
{4.99047,1.96047,1.570735736694},
{4.99039,1.96017,1.570735324794},
{4.99032,1.95986,1.570734912794},
{4.99024,1.95955,1.570734500894},
{4.99017,1.95925,1.570734088994},
{4.9898,1.9577,1.570732023294},
{4.98971,1.95734,1.570731588394},
{4.98962,1.95698,1.570731153594},
{4.98953,1.95661,1.570730718794},
{4.98945,1.95625,1.570730283894},
{4.98936,1.95589,1.570729849094},
{4.98927,1.95553,1.570729414294},
{4.98919,1.95517,1.570728979394},
{4.9891,1.9548,1.570728544594},
{4.98901,1.95444,1.570728109794},
{4.98892,1.95408,1.570727674894},
{4.98884,1.95372,1.570727240094},
{4.98875,1.95335,1.570726805294},
{4.98866,1.95299,1.570726370394},
{4.98857,1.95263,1.570725935594},
{4.98849,1.95227,1.570725500794},
{4.9884,1.9519,1.570725065894},
{4.98831,1.95154,1.570724631094},
{4.98822,1.95118,1.570724196294},
{4.98814,1.95082,1.570723761494},
{4.98805,1.95046,1.570723326594},
{4.98796,1.95009,1.570722891794},
{4.98787,1.94973,1.570722456994},
{4.98779,1.94937,1.570722022094},
{4.9877,1.94901,1.570721587294},
{4.98761,1.94864,1.570721152494},
{4.98752,1.94828,1.570720717594},
{4.98744,1.94792,1.570720282794},
{4.98735,1.94756,1.570719847994},
{4.98726,1.94719,1.570719413094},
{4.98717,1.94683,1.570718978294},
{4.98709,1.94647,1.570718543494},
{4.987,1.94611,1.570718108594},
{4.98691,1.94575,1.570717673794},
{4.98682,1.94538,1.570717238994},
{4.98674,1.94502,1.570716804094},
{4.98665,1.94466,1.570716369294},
{4.98656,1.9443,1.570715934494},
{4.98648,1.94393,1.570715499594},
{4.98639,1.94357,1.570715064794},
{4.9863,1.94321,1.570714629994},
{4.98621,1.94285,1.570714195094},
{4.98613,1.94248,1.570713760294},
{4.98604,1.94212,1.570713325494},
{4.98561,1.94036,1.570711225094},
{4.98551,1.93994,1.570710784594},
{4.98541,1.93952,1.570710344094},
{4.98531,1.9391,1.570709903594},
{4.98521,1.93868,1.570709463094},
{4.98511,1.93826,1.570709022594},
{4.98501,1.93784,1.570708582094},
{4.9849,1.93742,1.570708141594},
{4.9848,1.937,1.570707701094},
{4.9847,1.93659,1.570707260594},
{4.9846,1.93617,1.570706820094},
{4.9845,1.93575,1.570706379594},
{4.9844,1.93533,1.570705939094},
{4.9843,1.93491,1.570705498594},
{4.9842,1.93449,1.570705058094},
{4.98409,1.93407,1.570704617594},
{4.98399,1.93365,1.570704177094},
{4.98389,1.93323,1.570703736594},
{4.98379,1.93281,1.570703296094},
{4.98369,1.93239,1.570702855594},
{4.98359,1.93197,1.570702415094},
{4.98349,1.93155,1.570701974494},
{4.98339,1.93113,1.570701533994},
{4.98329,1.93071,1.570701093494},
{4.98318,1.93029,1.570700652994},
{4.98308,1.92987,1.570700212494},
{4.98298,1.92946,1.570699771994},
{4.98288,1.92904,1.570699331494},
{4.98278,1.92862,1.570698890994},
{4.98268,1.9282,1.570698450494},
{4.98258,1.92778,1.570698009994},
{4.98248,1.92736,1.570697569494},
{4.98237,1.92694,1.570697128994},
{4.98227,1.92652,1.570696688494},
{4.98217,1.9261,1.570696247794},
{4.98207,1.92568,1.570695807794},
{4.98197,1.92526,1.570695366794},
{4.98187,1.92484,1.570694926794},
{4.98177,1.92442,1.570694485794},
{4.98167,1.924,1.570694045794},
{4.98156,1.92358,1.570693604794},
{4.98146,1.92316,1.570693164794},
{4.98136,1.92274,1.570692723794},
{4.98126,1.92233,1.570692283794},
{4.98116,1.92191,1.570691842794},
{4.98106,1.92149,1.570691402794},
{4.98096,1.92107,1.570690961794},
{4.98086,1.92065,1.570690521794},
{4.98038,1.91868,1.570688485794},
{4.98027,1.9182,1.570688058794},
{4.98015,1.91772,1.570687630794},
{4.98004,1.91725,1.570687203794},
{4.97992,1.91677,1.570686776794},
{4.97981,1.91629,1.570686349794},
{4.97969,1.91582,1.570685922794},
{4.97957,1.91534,1.570685495794},
{4.97946,1.91486,1.570685067794},
{4.97934,1.91438,1.570684640794},
{4.97923,1.91391,1.570684213794},
{4.97911,1.91343,1.570683786794},
{4.979,1.91295,1.570683359794},
{4.97888,1.91248,1.570682931794},
{4.97877,1.912,1.570682504794},
{4.97865,1.91152,1.570682077794},
{4.97854,1.91105,1.570681650794},
{4.97842,1.91057,1.570681223794},
{4.97831,1.91009,1.570680796794},
{4.97819,1.90961,1.570680368794},
{4.97808,1.90914,1.570679941794},
{4.97796,1.90866,1.570679514794},
{4.97785,1.90818,1.570679087794},
{4.97773,1.90771,1.570678660794},
{4.97762,1.90723,1.570678233794},
{4.9775,1.90675,1.570677805794},
{4.97739,1.90627,1.570677378794},
{4.97727,1.9058,1.570676951794},
{4.97716,1.90532,1.570676524794},
{4.97704,1.90484,1.570676097794},
{4.97693,1.90437,1.570675669794},
{4.97681,1.90389,1.570675242794},
{4.9767,1.90341,1.570674815794},
{4.97658,1.90293,1.570674388794},
{4.97647,1.90246,1.570673961794},
{4.97635,1.90198,1.570673534794},
{4.97624,1.9015,1.570673106794},
{4.97612,1.90103,1.570672679794},
{4.97601,1.90055,1.570672252794},
{4.97589,1.90007,1.570671825794},
{4.97578,1.89959,1.570671398794},
{4.97566,1.89912,1.570670971794},
{4.97555,1.89864,1.570670543794},
{4.97543,1.89816,1.570670116794},
{4.97531,1.89769,1.570669689794},
{4.9752,1.89721,1.570669262794},
{4.97508,1.89673,1.570668835794},
{4.97497,1.89626,1.570668408794},
{4.97485,1.89578,1.570667980794},
{4.97474,1.8953,1.570667553794},
{4.97462,1.89482,1.570667126794},
{4.97411,1.89271,1.570665235794},
{4.97399,1.89218,1.570664835794},
{4.97386,1.89164,1.570664436794},
{4.97373,1.89111,1.570664037794},
{4.9736,1.89057,1.570663638794},
{4.97347,1.89004,1.570663239794},
{4.97334,1.8895,1.570662839794},
{4.97321,1.88897,1.570662440794},
{4.97308,1.88844,1.570662041794},
{4.97295,1.8879,1.570661642794},
{4.97282,1.88737,1.570661243794},
{4.9727,1.88683,1.570660843794},
{4.97257,1.8863,1.570660444794},
{4.97244,1.88576,1.570660045794},
{4.97231,1.88523,1.570659646794},
{4.97218,1.88469,1.570659247794},
{4.97205,1.88416,1.570658847794},
{4.97192,1.88363,1.570658448794},
{4.97179,1.88309,1.570658049794},
{4.97166,1.88256,1.570657650794},
{4.97153,1.88202,1.570657251794},
{4.97141,1.88149,1.570656852794},
{4.97128,1.88095,1.570656452794},
{4.97115,1.88042,1.570656053794},
{4.97102,1.87988,1.570655654794},
{4.97089,1.87935,1.570655255794},
{4.97076,1.87882,1.570654856794},
{4.97063,1.87828,1.570654456794},
{4.9705,1.87775,1.570654057794},
{4.97037,1.87721,1.570653658794},
{4.97024,1.87668,1.570653259794},
{4.97012,1.87614,1.570652860794},
{4.96999,1.87561,1.570652460794},
{4.96986,1.87507,1.570652061794},
{4.96973,1.87454,1.570651662794},
{4.9696,1.87401,1.570651263794},
{4.96947,1.87347,1.570650864794},
{4.96934,1.87294,1.570650465794},
{4.96921,1.8724,1.570650065794},
{4.96908,1.87187,1.570649666794},
{4.96895,1.87133,1.570649267794},
{4.96883,1.8708,1.570648868794},
{4.9687,1.87027,1.570648469794},
{4.96857,1.86973,1.570648069794},
{4.96844,1.8692,1.570647670794},
{4.96831,1.86866,1.570647271794},
{4.96818,1.86813,1.570646872794},
{4.96805,1.86759,1.570646473794},
{4.96792,1.86706,1.570646073794},
{4.96779,1.86652,1.570645674794},
{4.96767,1.86599,1.570645275794},
{4.96754,1.86546,1.570644876794},
{4.96741,1.86492,1.570644477794},
{4.96728,1.86439,1.570644077794},
{4.96715,1.86385,1.570643678794},
{4.9666,1.8616,1.570642005794},
{4.96646,1.861,1.570641648794},
{4.96632,1.86041,1.570641291794},
{4.96618,1.85982,1.570640934794},
{4.96603,1.85923,1.570640577794},
{4.96589,1.85864,1.570640220794},
{4.96575,1.85805,1.570639863794},
{4.96561,1.85746,1.570639506794},
{4.96546,1.85687,1.570639149794},
{4.96532,1.85628,1.570638792794},
{4.96518,1.85569,1.570638435794},
{4.96504,1.8551,1.570638078794},
{4.96489,1.85451,1.570637721794},
{4.96475,1.85392,1.570637364794},
{4.96461,1.85333,1.570637007794},
{4.96447,1.85274,1.570636650794},
{4.96432,1.85215,1.570636293794},
{4.96418,1.85156,1.570635936794},
{4.96404,1.85097,1.570635579794},
{4.9639,1.85038,1.570635222794},
{4.96375,1.84979,1.570634865794},
{4.96361,1.84919,1.570634508794},
{4.96347,1.8486,1.570634151794},
{4.96333,1.84801,1.570633794794},
{4.96318,1.84742,1.570633437794},
{4.96304,1.84683,1.570633080794},
{4.9629,1.84624,1.570632723794},
{4.96276,1.84565,1.570632366794},
{4.96261,1.84506,1.570632010794},
{4.96247,1.84447,1.570631653794},
{4.96233,1.84388,1.570631296794},
{4.96219,1.84329,1.570630939794},
{4.96204,1.8427,1.570630582794},
{4.9619,1.84211,1.570630225794},
{4.96176,1.84152,1.570629868794},
{4.96162,1.84093,1.570629511794},
{4.96147,1.84034,1.570629154794},
{4.96133,1.83975,1.570628797794},
{4.96119,1.83916,1.570628440794},
{4.96105,1.83857,1.570628083794},
{4.9609,1.83798,1.570627726794},
{4.96076,1.83738,1.570627369794},
{4.96062,1.83679,1.570627012794},
{4.96048,1.8362,1.570626655794},
{4.96033,1.83561,1.570626298794},
{4.96019,1.83502,1.570625941794},
{4.96005,1.83443,1.570625584794},
{4.95991,1.83384,1.570625227794},
{4.95976,1.83325,1.570624870794},
{4.95962,1.83266,1.570624513794},
{4.95948,1.83207,1.570624156794},
{4.95934,1.83148,1.570623799794},
{4.95919,1.83089,1.570623442794},
{4.95905,1.8303,1.570623085794},
{4.95891,1.82971,1.570622728794},
{4.95877,1.82912,1.570622371794},
{4.95862,1.82853,1.570622014794},
{4.95848,1.82794,1.570621657794},
{4.95791,1.82559,1.570620243794},
{4.95776,1.82494,1.570619937794},
{4.9576,1.8243,1.570619630794},
{4.95745,1.82365,1.570619324794},
{4.95729,1.82301,1.570619018794},
{4.95714,1.82236,1.570618712794},
{4.95698,1.82172,1.570618406794},
{4.95682,1.82108,1.570618099794},
{4.95667,1.82043,1.570617793794},
{4.95651,1.81979,1.570617487794},
{4.95636,1.81914,1.570617181794},
{4.9562,1.8185,1.570616875794},
{4.95605,1.81785,1.570616568794},
{4.95589,1.81721,1.570616262794},
{4.95574,1.81657,1.570615956794},
{4.95558,1.81592,1.570615650794},
{4.95542,1.81528,1.570615344794},
{4.95527,1.81463,1.570615037794},
{4.95511,1.81399,1.570614731794},
{4.95496,1.81334,1.570614425794},
{4.9548,1.8127,1.570614119794},
{4.95465,1.81205,1.570613813794},
{4.95449,1.81141,1.570613506794},
{4.95434,1.81077,1.570613200794},
{4.95418,1.81012,1.570612894794},
{4.95402,1.80948,1.570612588794},
{4.95387,1.80883,1.570612282794},
{4.95371,1.80819,1.570611975794},
{4.95356,1.80754,1.570611669794},
{4.9534,1.8069,1.570611363794},
{4.95325,1.80625,1.570611057794},
{4.95309,1.80561,1.570610751794},
{4.95294,1.80497,1.570610444794},
{4.95278,1.80432,1.570610138794},
{4.95262,1.80368,1.570609832794},
{4.95247,1.80303,1.570609526794},
{4.95231,1.80239,1.570609220794},
{4.95216,1.80174,1.570608913794},
{4.952,1.8011,1.570608607794},
{4.95185,1.80046,1.570608301794},
{4.95169,1.79981,1.570607995794},
{4.95154,1.79917,1.570607689794},
{4.95138,1.79852,1.570607382794},
{4.95122,1.79788,1.570607076794},
{4.95107,1.79723,1.570606770794},
{4.95091,1.79659,1.570606464794},
{4.95076,1.79594,1.570606158794},
{4.9506,1.7953,1.570605851794},
{4.95045,1.79466,1.570605545794},
{4.95029,1.79401,1.570605239794},
{4.95014,1.79337,1.570604933794},
{4.94998,1.79272,1.570604627794},
{4.94982,1.79208,1.570604320794},
{4.94967,1.79143,1.570604014794},
{4.94951,1.79079,1.570603708794},
{4.94936,1.79015,1.570603402794},
{4.9492,1.7895,1.570603096794},
{4.94905,1.78886,1.570602789794},
{4.94889,1.78821,1.570602483794},
{4.94874,1.78757,1.570602177794},
{4.94858,1.78692,1.570601871794},
{4.948,1.78452,1.570600732794},
{4.94783,1.78382,1.570600482794},
{4.94766,1.78313,1.570600232794},
{4.9475,1.78243,1.570599982794},
{4.94733,1.78174,1.570599732794},
{4.94716,1.78104,1.570599482794},
{4.94699,1.78035,1.570599232794},
{4.94683,1.77965,1.570598982794},
{4.94666,1.77896,1.570598732794},
{4.94649,1.77826,1.570598482794},
{4.94632,1.77757,1.570598233794},
{4.94615,1.77687,1.570597983794},
{4.94599,1.77618,1.570597733794},
{4.94582,1.77548,1.570597483794},
{4.94565,1.77479,1.570597233794},
{4.94548,1.77409,1.570596983794},
{4.94531,1.7734,1.570596733794},
{4.94515,1.7727,1.570596483794},
{4.94498,1.772,1.570596233794},
{4.94481,1.77131,1.570595983794},
{4.94464,1.77061,1.570595733794},
{4.94448,1.76992,1.570595483794},
{4.94431,1.76922,1.570595233794},
{4.94414,1.76853,1.570594983794},
{4.94397,1.76783,1.570594733794},
{4.9438,1.76714,1.570594484794},
{4.94364,1.76644,1.570594234794},
{4.94347,1.76575,1.570593984794},
{4.9433,1.76505,1.570593734794},
{4.94313,1.76436,1.570593484794},
{4.94297,1.76366,1.570593234794},
{4.9428,1.76297,1.570592984794},
{4.94263,1.76227,1.570592734794},
{4.94246,1.76158,1.570592484794},
{4.94229,1.76088,1.570592234794},
{4.94213,1.76019,1.570591984794},
{4.94196,1.75949,1.570591734794},
{4.94179,1.7588,1.570591484794},
{4.94162,1.7581,1.570591234794},
{4.94145,1.7574,1.570590985794},
{4.94129,1.75671,1.570590735794},
{4.94112,1.75601,1.570590485794},
{4.94095,1.75532,1.570590235794},
{4.94078,1.75462,1.570589985794},
{4.94062,1.75393,1.570589735794},
{4.94045,1.75323,1.570589485794},
{4.94028,1.75254,1.570589235794},
{4.94011,1.75184,1.570588985794},
{4.93994,1.75115,1.570588735794},
{4.93978,1.75045,1.570588485794},
{4.93961,1.74976,1.570588235794},
{4.93944,1.74906,1.570587985794},
{4.93927,1.74837,1.570587735794},
{4.93911,1.74767,1.570587485794},
{4.93894,1.74698,1.570587236794},
{4.93877,1.74628,1.570586986794},
{4.9386,1.74559,1.570586736794},
{4.93843,1.74489,1.570586486794},
{4.93827,1.7442,1.570586236794},
{4.9381,1.7435,1.570585986794},
{4.93793,1.7428,1.570585736794},
{4.93776,1.74211,1.570585486794},
{4.93759,1.74141,1.570585236794},
{4.93743,1.74072,1.570584986794},
{4.93684,1.73829,1.570584134794},
{4.93666,1.73755,1.570583941794},
{4.93648,1.73681,1.570583748794},
{4.9363,1.73607,1.570583555794},
{4.93612,1.73532,1.570583361794},
{4.93595,1.73458,1.570583168794},
{4.93577,1.73384,1.570582975794},
{4.93559,1.7331,1.570582782794},
{4.93541,1.73236,1.570582588794},
{4.93523,1.73161,1.570582395794},
{4.93505,1.73087,1.570582202794},
{4.93487,1.73013,1.570582009794},
{4.93469,1.72939,1.570581815794},
{4.93451,1.72864,1.570581622794},
{4.93433,1.7279,1.570581429794},
{4.93415,1.72716,1.570581236794},
{4.93397,1.72642,1.570581042794},
{4.9338,1.72568,1.570580849794},
{4.93362,1.72493,1.570580656794},
{4.93344,1.72419,1.570580463794},
{4.93326,1.72345,1.570580269794},
{4.93308,1.72271,1.570580076794},
{4.9329,1.72196,1.570579883794},
{4.93272,1.72122,1.570579690794},
{4.93254,1.72048,1.570579496794},
{4.93236,1.71974,1.570579303794},
{4.93218,1.719,1.570579110794},
{4.932,1.71825,1.570578917794},
{4.93182,1.71751,1.570578723794},
{4.93165,1.71677,1.570578530794},
{4.93147,1.71603,1.570578337794},
{4.93129,1.71528,1.570578144794},
{4.93111,1.71454,1.570577950794},
{4.93093,1.7138,1.570577757794},
{4.93075,1.71306,1.570577564794},
{4.93057,1.71232,1.570577371794},
{4.93039,1.71157,1.570577177794},
{4.93021,1.71083,1.570576984794},
{4.93003,1.71009,1.570576791794},
{4.92985,1.70935,1.570576598794},
{4.92967,1.7086,1.570576404794},
{4.9295,1.70786,1.570576211794},
{4.92932,1.70712,1.570576018794},
{4.92914,1.70638,1.570575825794},
{4.92896,1.70564,1.570575631794},
{4.92878,1.70489,1.570575438794},
{4.9286,1.70415,1.570575245794},
{4.92842,1.70341,1.570575052794},
{4.92824,1.70267,1.570574858794},
{4.92806,1.70192,1.570574665794},
{4.92788,1.70118,1.570574472794},
{4.9277,1.70044,1.570574279794},
{4.92752,1.6997,1.570574085794},
{4.92734,1.69896,1.570573892794},
{4.92717,1.69821,1.570573699794},
{4.92699,1.69747,1.570573506794},
{4.92681,1.69673,1.570573312794},
{4.92663,1.69599,1.570573119794},
{4.92645,1.69524,1.570572926794},
{4.92627,1.6945,1.570572733794},
{4.92609,1.69376,1.570572539794},
{4.92591,1.69302,1.570572346794},
{4.92573,1.69228,1.570572153794},
{4.92555,1.69153,1.570571960794},
{4.92537,1.69079,1.570571766794},
{4.92519,1.69005,1.570571573794},
{4.92462,1.68767,1.570570956794},
{4.92443,1.68688,1.570570815794},
{4.92424,1.6861,1.570570673794},
{4.92405,1.68531,1.570570532794},
{4.92386,1.68453,1.570570390794},
{4.92367,1.68375,1.570570249794},
{4.92348,1.68296,1.570570107794},
{4.92329,1.68218,1.570569966794},
{4.9231,1.68139,1.570569824794},
{4.92292,1.68061,1.570569683794},
{4.92273,1.67982,1.570569542794},
{4.92254,1.67904,1.570569400794},
{4.92235,1.67825,1.570569259794},
{4.92216,1.67747,1.570569117794},
{4.92197,1.67668,1.570568976794},
{4.92178,1.6759,1.570568834794},
{4.92159,1.67511,1.570568693794},
{4.9214,1.67433,1.570568551794},
{4.92121,1.67355,1.570568410794},
{4.92102,1.67276,1.570568268794},
{4.92083,1.67198,1.570568127794},
{4.92064,1.67119,1.570567985794},
{4.92045,1.67041,1.570567844794},
{4.92026,1.66962,1.570567702794},
{4.92007,1.66884,1.570567561794},
{4.91988,1.66805,1.570567420794},
{4.9197,1.66727,1.570567278794},
{4.91951,1.66648,1.570567137794},
{4.91932,1.6657,1.570566995794},
{4.91913,1.66491,1.570566854794},
{4.91894,1.66413,1.570566712794},
{4.91875,1.66335,1.570566571794},
{4.91856,1.66256,1.570566429794},
{4.91837,1.66178,1.570566288794},
{4.91818,1.66099,1.570566146794},
{4.91799,1.66021,1.570566005794},
{4.9178,1.65942,1.570565863794},
{4.91761,1.65864,1.570565722794},
{4.91742,1.65785,1.570565581794},
{4.91723,1.65707,1.570565439794},
{4.91704,1.65628,1.570565298794},
{4.91685,1.6555,1.570565156794},
{4.91666,1.65472,1.570565015794},
{4.91648,1.65393,1.570564873794},
{4.91629,1.65315,1.570564732794},
{4.9161,1.65236,1.570564590794},
{4.91591,1.65158,1.570564449794},
{4.91572,1.65079,1.570564307794},
{4.91553,1.65001,1.570564166794},
{4.91534,1.64922,1.570564024794},
{4.91515,1.64844,1.570563883794},
{4.91496,1.64765,1.570563741794},
{4.91477,1.64687,1.570563600794},
{4.91458,1.64608,1.570563459794},
{4.91439,1.6453,1.570563317794},
{4.9142,1.64452,1.570563176794},
{4.91401,1.64373,1.570563034794},
{4.91382,1.64295,1.570562893794},
{4.91363,1.64216,1.570562751794},
{4.91344,1.64138,1.570562610794},
{4.91326,1.64059,1.570562468794},
{4.91307,1.63981,1.570562327794},
{4.91288,1.63902,1.570562185794},
{4.91269,1.63824,1.570562044794},
{4.9125,1.63745,1.570561902794},
{4.91231,1.63667,1.570561761794},
{4.91212,1.63588,1.570561619794},
{4.91193,1.6351,1.570561478794},
{4.91174,1.63432,1.570561337794},
{4.91118,1.632,1.570560951794},
{4.91098,1.63117,1.570560856794},
{4.91078,1.63035,1.570560762794},
{4.91058,1.62953,1.570560668794},
{4.91039,1.62871,1.570560574794},
{4.91019,1.62789,1.570560479794},
{4.90999,1.62707,1.570560385794},
{4.90979,1.62624,1.570560291794},
{4.90959,1.62542,1.570560197794},
{4.90939,1.6246,1.570560102794},
{4.9092,1.62378,1.570560008794},
{4.909,1.62296,1.570559914794},
{4.9088,1.62213,1.570559820794},
{4.9086,1.62131,1.570559725794},
{4.9084,1.62049,1.570559631794},
{4.9082,1.61967,1.570559537794},
{4.90801,1.61885,1.570559443794},
{4.90781,1.61803,1.570559348794},
{4.90761,1.6172,1.570559254794},
{4.90741,1.61638,1.570559160794},
{4.90721,1.61556,1.570559066794},
{4.90701,1.61474,1.570558971794},
{4.90682,1.61392,1.570558877794},
{4.90662,1.6131,1.570558783794},
{4.90642,1.61227,1.570558689794},
{4.90622,1.61145,1.570558594794},
{4.90602,1.61063,1.570558500794},
{4.90582,1.60981,1.570558406794},
{4.90562,1.60899,1.570558312794},
{4.90543,1.60817,1.570558217794},
{4.90523,1.60734,1.570558123794},
{4.90503,1.60652,1.570558029794},
{4.90483,1.6057,1.570557935794},
{4.90463,1.60488,1.570557840794},
{4.90443,1.60406,1.570557746794},
{4.90424,1.60324,1.570557652794},
{4.90404,1.60241,1.570557558794},
{4.90384,1.60159,1.570557463794},
{4.90364,1.60077,1.570557369794},
{4.90344,1.59995,1.570557275794},
{4.90324,1.59913,1.570557181794},
{4.90305,1.59831,1.570557086794},
{4.90285,1.59748,1.570556992794},
{4.90265,1.59666,1.570556898794},
{4.90245,1.59584,1.570556804794},
{4.90225,1.59502,1.570556709794},
{4.90205,1.5942,1.570556615794},
{4.90186,1.59338,1.570556521794},
{4.90166,1.59255,1.570556426794},
{4.90146,1.59173,1.570556332794},
{4.90126,1.59091,1.570556238794},
{4.90106,1.59009,1.570556144794},
{4.90086,1.58927,1.570556049794},
{4.90067,1.58845,1.570555955794},
{4.90047,1.58762,1.570555861794},
{4.90027,1.5868,1.570555767794},
{4.90007,1.58598,1.570555672794},
{4.89987,1.58516,1.570555578794},
{4.89967,1.58434,1.570555484794},
{4.89947,1.58352,1.570555390794},
{4.89928,1.58269,1.570555295794},
{4.89908,1.58187,1.570555201794},
{4.89888,1.58105,1.570555107794},
{4.89868,1.58023,1.570555013794},
{4.89848,1.57941,1.570554918794},
{4.89828,1.57859,1.570554824794},
{4.89809,1.57776,1.570554730794},
{4.89789,1.57694,1.570554636794},
{4.89769,1.57612,1.570554541794},
{4.89749,1.5753,1.570554447794},
{4.89696,1.57312,1.570554206794},
{4.89676,1.57227,1.570554148794},
{4.89655,1.57141,1.570554090794},
{4.89635,1.57056,1.570554032794},
{4.89614,1.56971,1.570553974794},
{4.89594,1.56885,1.570553916794},
{4.89573,1.568,1.570553858794},
{4.89552,1.56715,1.570553800794},
{4.89532,1.5663,1.570553742794},
{4.89511,1.56544,1.570553684794},
{4.89491,1.56459,1.570553627794},
{4.8947,1.56374,1.570553569794},
{4.89449,1.56288,1.570553511794},
{4.89429,1.56203,1.570553453794},
{4.89408,1.56118,1.570553395794},
{4.89388,1.56032,1.570553337794},
{4.89367,1.55947,1.570553279794},
{4.89346,1.55862,1.570553221794},
{4.89326,1.55777,1.570553163794},
{4.89305,1.55691,1.570553105794},
{4.89285,1.55606,1.570553047794},
{4.89264,1.55521,1.570552989794},
{4.89243,1.55435,1.570552931794},
{4.89223,1.5535,1.570552873794},
{4.89202,1.55265,1.570552815794},
{4.89182,1.5518,1.570552757794},
{4.89161,1.55094,1.570552699794},
{4.8914,1.55009,1.570552641794},
{4.8912,1.54924,1.570552583794},
{4.89099,1.54838,1.570552525794},
{4.89079,1.54753,1.570552467794},
{4.89058,1.54668,1.570552409794},
{4.89038,1.54583,1.570552351794},
{4.89017,1.54497,1.570552293794},
{4.88996,1.54412,1.570552235794},
{4.88976,1.54327,1.570552177794},
{4.88955,1.54241,1.570552119794},
{4.88935,1.54156,1.570552061794},
{4.88914,1.54071,1.570552003794},
{4.88893,1.53986,1.570551945794},
{4.88873,1.539,1.570551887794},
{4.88852,1.53815,1.570551829794},
{4.88832,1.5373,1.570551771794},
{4.88811,1.53644,1.570551713794},
{4.8879,1.53559,1.570551655794},
{4.8877,1.53474,1.570551597794},
{4.88749,1.53389,1.570551539794},
{4.88729,1.53303,1.570551481794},
{4.88708,1.53218,1.570551423794},
{4.88687,1.53133,1.570551365794},
{4.88667,1.53047,1.570551307794},
{4.88646,1.52962,1.570551249794},
{4.88626,1.52877,1.570551191794},
{4.88605,1.52792,1.570551133794},
{4.88585,1.52706,1.570551075794},
{4.88564,1.52621,1.570551017794},
{4.88543,1.52536,1.570550959794},
{4.88523,1.5245,1.570550901794},
{4.88502,1.52365,1.570550843794},
{4.88482,1.5228,1.570550785794},
{4.88461,1.52195,1.570550727794},
{4.8844,1.52109,1.570550669794},
{4.8842,1.52024,1.570550611794},
{4.88399,1.51939,1.570550553794},
{4.88379,1.51853,1.570550495794},
{4.88358,1.51768,1.570550437794},
{4.88337,1.51683,1.570550379794},
{4.88317,1.51598,1.570550321794},
{4.88296,1.51512,1.570550263794},
{4.88276,1.51427,1.570550205794},
{4.88255,1.51342,1.570550147794},
{4.88234,1.51256,1.570550089794},
{4.88186,1.51055,1.570549959794},
{4.88165,1.50967,1.570549930794},
{4.88143,1.50879,1.570549901794},
{4.88122,1.50792,1.570549872794},
{4.88101,1.50704,1.570549843794},
{4.8808,1.50616,1.570549814794},
{4.88059,1.50528,1.570549785794},
{4.88038,1.50441,1.570549757794},
{4.88016,1.50353,1.570549728794},
{4.87995,1.50265,1.570549699794},
{4.87974,1.50177,1.570549670794},
{4.87953,1.5009,1.570549641794},
{4.87932,1.50002,1.570549612794},
{4.8791,1.49914,1.570549583794},
{4.87889,1.49826,1.570549554794},
{4.87868,1.49739,1.570549525794},
{4.87847,1.49651,1.570549496794},
{4.87826,1.49563,1.570549467794},
{4.87804,1.49475,1.570549438794},
{4.87783,1.49387,1.570549409794},
{4.87762,1.493,1.570549380794},
{4.87741,1.49212,1.570549351794},
{4.8772,1.49124,1.570549322794},
{4.87698,1.49036,1.570549293794},
{4.87677,1.48949,1.570549264794},
{4.87656,1.48861,1.570549235794},
{4.87635,1.48773,1.570549206794},
{4.87614,1.48685,1.570549177794},
{4.87593,1.48598,1.570549148794},
{4.87571,1.4851,1.570549119794},
{4.8755,1.48422,1.570549090794},
{4.87529,1.48334,1.570549061794},
{4.87508,1.48247,1.570549032794},
{4.87487,1.48159,1.570549003794},
{4.87465,1.48071,1.570548974794},
{4.87444,1.47983,1.570548945794},
{4.87423,1.47895,1.570548916794},
{4.87402,1.47808,1.570548887794},
{4.87381,1.4772,1.570548858794},
{4.87359,1.47632,1.570548829794},
{4.87338,1.47544,1.570548800794},
{4.87317,1.47457,1.570548772794},
{4.87296,1.47369,1.570548743794},
{4.87275,1.47281,1.570548714794},
{4.87254,1.47193,1.570548685794},
{4.87232,1.47106,1.570548656794},
{4.87211,1.47018,1.570548627794},
{4.8719,1.4693,1.570548598794},
{4.87169,1.46842,1.570548569794},
{4.87148,1.46754,1.570548540794},
{4.87126,1.46667,1.570548511794},
{4.87105,1.46579,1.570548482794},
{4.87084,1.46491,1.570548453794},
{4.87063,1.46403,1.570548424794},
{4.87042,1.46316,1.570548395794},
{4.8702,1.46228,1.570548366794},
{4.86999,1.4614,1.570548337794},
{4.86978,1.46052,1.570548308794},
{4.86957,1.45965,1.570548279794},
{4.86936,1.45877,1.570548250794},
{4.86914,1.45789,1.570548221794},
{4.86893,1.45701,1.570548192794},
{4.86872,1.45614,1.570548163794},
{4.86851,1.45526,1.570548134794},
{4.8683,1.45438,1.570548105794},
{4.86809,1.4535,1.570548076794},
{4.86787,1.45262,1.570548047794},
{4.86766,1.45175,1.570548018794},
{4.86745,1.45087,1.570547989794},
{4.86724,1.44999,1.570547960794},
{4.86703,1.44911,1.570547931794},
{4.86681,1.44824,1.570547902794},
{4.8666,1.44736,1.570547873794},
{4.86639,1.44648,1.570547844794},
{4.86595,1.44466,1.570547799794},
{4.86573,1.44376,1.570547787794},
{4.86552,1.44287,1.570547775794},
{4.8653,1.44197,1.570547763794},
{4.86509,1.44108,1.570547751794},
{4.86487,1.44018,1.570547739794},
{4.86465,1.43928,1.570547727794},
{4.86444,1.43839,1.570547715794},
{4.86422,1.43749,1.570547703794},
{4.864,1.4366,1.570547691794},
{4.86379,1.4357,1.570547679794},
{4.86357,1.43481,1.570547667794},
{4.86336,1.43391,1.570547655794},
{4.86314,1.43301,1.570547643794},
{4.86292,1.43212,1.570547631794},
{4.86271,1.43122,1.570547619794},
{4.86249,1.43033,1.570547607794},
{4.86227,1.42943,1.570547595794},
{4.86206,1.42854,1.570547583794},
{4.86184,1.42764,1.570547571794},
{4.86163,1.42674,1.570547559794},
{4.86141,1.42585,1.570547547794},
{4.86119,1.42495,1.570547535794},
{4.86098,1.42406,1.570547523794},
{4.86076,1.42316,1.570547511794},
{4.86054,1.42227,1.570547499794},
{4.86033,1.42137,1.570547487794},
{4.86011,1.42048,1.570547475794},
{4.8599,1.41958,1.570547463794},
{4.85968,1.41868,1.570547451794},
{4.85946,1.41779,1.570547439794},
{4.85925,1.41689,1.570547427794},
{4.85903,1.416,1.570547415794},
{4.85881,1.4151,1.570547403794},
{4.8586,1.41421,1.570547391794},
{4.85838,1.41331,1.570547379794},
{4.85817,1.41241,1.570547367794},
{4.85795,1.41152,1.570547355794},
{4.85773,1.41062,1.570547343794},
{4.85752,1.40973,1.570547331794},
{4.8573,1.40883,1.570547319794},
{4.85708,1.40794,1.570547307794},
{4.85687,1.40704,1.570547295794},
{4.85665,1.40614,1.570547283794},
{4.85644,1.40525,1.570547271794},
{4.85622,1.40435,1.570547259794},
{4.856,1.40346,1.570547248794},
{4.85579,1.40256,1.570547236794},
{4.85557,1.40167,1.570547224794},
{4.85535,1.40077,1.570547212794},
{4.85514,1.39987,1.570547200794},
{4.85492,1.39898,1.570547188794},
{4.85471,1.39808,1.570547176794},
{4.85449,1.39719,1.570547164794},
{4.85427,1.39629,1.570547152794},
{4.85406,1.3954,1.570547140794},
{4.85384,1.3945,1.570547128794},
{4.85362,1.39361,1.570547116794},
{4.85341,1.39271,1.570547104794},
{4.85319,1.39181,1.570547092794},
{4.85298,1.39092,1.570547080794},
{4.85276,1.39002,1.570547068794},
{4.85254,1.38913,1.570547056794},
{4.85233,1.38823,1.570547044794},
{4.85211,1.38734,1.570547032794},
{4.85189,1.38644,1.570547020794},
{4.85168,1.38554,1.570547008794},
{4.85146,1.38465,1.570546996794},
{4.85125,1.38375,1.570546984794},
{4.85103,1.38286,1.570546972794},
{4.85081,1.38196,1.570546960794},
{4.8506,1.38107,1.570546948794},
{4.85038,1.38017,1.570546936794},
{4.85016,1.37927,1.570546924794},
{4.84978,1.37769,1.570546908794},
{4.84956,1.37679,1.570546908794},
{4.84935,1.37588,1.570546909794},
{4.84913,1.37497,1.570546909794},
{4.84891,1.37407,1.570546909794},
{4.84869,1.37316,1.570546910794},
{4.84847,1.37225,1.570546910794},
{4.84825,1.37135,1.570546910794},
{4.84803,1.37044,1.570546911794},
{4.84781,1.36953,1.570546911794},
{4.84759,1.36863,1.570546911794},
{4.84738,1.36772,1.570546912794},
{4.84716,1.36681,1.570546912794},
{4.84694,1.36591,1.570546912794},
{4.84672,1.365,1.570546913794},
{4.8465,1.36409,1.570546913794},
{4.84628,1.36319,1.570546914794},
{4.84606,1.36228,1.570546914794},
{4.84584,1.36138,1.570546914794},
{4.84562,1.36047,1.570546915794},
{4.84541,1.35956,1.570546915794},
{4.84519,1.35866,1.570546915794},
{4.84497,1.35775,1.570546916794},
{4.84475,1.35684,1.570546916794},
{4.84453,1.35594,1.570546916794},
{4.84431,1.35503,1.570546917794},
{4.84409,1.35412,1.570546917794},
{4.84387,1.35322,1.570546917794},
{4.84365,1.35231,1.570546918794},
{4.84344,1.3514,1.570546918794},
{4.84322,1.3505,1.570546919794},
{4.843,1.34959,1.570546919794},
{4.84278,1.34868,1.570546919794},
{4.84256,1.34778,1.570546920794},
{4.84234,1.34687,1.570546920794},
{4.84212,1.34596,1.570546920794},
{4.8419,1.34506,1.570546921794},
{4.84168,1.34415,1.570546921794},
{4.84147,1.34324,1.570546921794},
{4.84125,1.34234,1.570546922794},
{4.84103,1.34143,1.570546922794},
{4.84081,1.34052,1.570546922794},
{4.84059,1.33962,1.570546923794},
{4.84037,1.33871,1.570546923794},
{4.84015,1.3378,1.570546923794},
{4.83993,1.3369,1.570546924794},
{4.83972,1.33599,1.570546924794},
{4.8395,1.33508,1.570546925794},
{4.83928,1.33418,1.570546925794},
{4.83906,1.33327,1.570546925794},
{4.83884,1.33236,1.570546926794},
{4.83862,1.33146,1.570546926794},
{4.8384,1.33055,1.570546926794},
{4.83818,1.32964,1.570546927794},
{4.83796,1.32874,1.570546927794},
{4.83775,1.32783,1.570546927794},
{4.83753,1.32693,1.570546928794},
{4.83731,1.32602,1.570546928794},
{4.83709,1.32511,1.570546928794},
{4.83687,1.32421,1.570546929794},
{4.83665,1.3233,1.570546929794},
{4.83643,1.32239,1.570546930794},
{4.83621,1.32149,1.570546930794},
{4.83599,1.32058,1.570546930794},
{4.83578,1.31967,1.570546931794},
{4.83556,1.31877,1.570546931794},
{4.83534,1.31786,1.570546931794},
{4.83512,1.31695,1.570546932794},
{4.8349,1.31605,1.570546932794},
{4.83468,1.31514,1.570546932794},
{4.83446,1.31423,1.570546933794},
{4.83424,1.31333,1.570546933794},
{4.83402,1.31242,1.570546933794},
{4.83381,1.31151,1.570546934794},
{4.83359,1.31061,1.570546934794},
{4.83327,1.30928,1.570546936794},
{4.83305,1.30837,1.570546940794},
{4.83283,1.30746,1.570546945794},
{4.83261,1.30655,1.570546950794},
{4.83239,1.30564,1.570546954794},
{4.83217,1.30473,1.570546959794},
{4.83195,1.30382,1.570546964794},
{4.83173,1.30291,1.570546968794},
{4.83151,1.302,1.570546973794},
{4.83129,1.30109,1.570546978794},
{4.83107,1.30018,1.570546982794},
{4.83085,1.29927,1.570546987794},
{4.83063,1.29836,1.570546992794},
{4.83041,1.29745,1.570546996794},
{4.83019,1.29654,1.570547001794},
{4.82997,1.29563,1.570547006794},
{4.82975,1.29472,1.570547010794},
{4.82953,1.29381,1.570547015794},
{4.82931,1.2929,1.570547020794},
{4.82909,1.29199,1.570547024794},
{4.82887,1.29108,1.570547029794},
{4.82865,1.29017,1.570547033794},
{4.82843,1.28926,1.570547038794},
{4.82821,1.28835,1.570547043794},
{4.82799,1.28744,1.570547047794},
{4.82777,1.28653,1.570547052794},
{4.82755,1.28562,1.570547057794},
{4.82733,1.28471,1.570547061794},
{4.82711,1.2838,1.570547066794},
{4.82689,1.28289,1.570547071794},
{4.82668,1.28198,1.570547075794},
{4.82646,1.28107,1.570547080794},
{4.82624,1.28016,1.570547085794},
{4.82602,1.27925,1.570547089794},
{4.8258,1.27834,1.570547094794},
{4.82558,1.27743,1.570547099794},
{4.82536,1.27652,1.570547103794},
{4.82514,1.27561,1.570547108794},
{4.82492,1.2747,1.570547113794},
{4.8247,1.27379,1.570547117794},
{4.82448,1.27288,1.570547122794},
{4.82426,1.27197,1.570547127794},
{4.82404,1.27105,1.570547131794},
{4.82382,1.27014,1.570547136794},
{4.8236,1.26923,1.570547140794},
{4.82338,1.26832,1.570547145794},
{4.82316,1.26741,1.570547150794},
{4.82294,1.2665,1.570547154794},
{4.82272,1.26559,1.570547159794},
{4.8225,1.26468,1.570547164794},
{4.82228,1.26377,1.570547168794},
{4.82206,1.26286,1.570547173794},
{4.82184,1.26195,1.570547178794},
{4.82162,1.26104,1.570547182794},
{4.8214,1.26013,1.570547187794},
{4.82118,1.25922,1.570547192794},
{4.82096,1.25831,1.570547196794},
{4.82074,1.2574,1.570547201794},
{4.82052,1.25649,1.570547206794},
{4.8203,1.25558,1.570547210794},
{4.82008,1.25467,1.570547215794},
{4.81986,1.25376,1.570547220794},
{4.81964,1.25285,1.570547224794},
{4.81942,1.25194,1.570547229794},
{4.8192,1.25103,1.570547234794},
{4.81898,1.25012,1.570547238794},
{4.81876,1.24921,1.570547243794},
{4.81854,1.2483,1.570547247794},
{4.81832,1.24739,1.570547252794},
{4.8181,1.24648,1.570547257794},
{4.81789,1.24557,1.570547261794},
{4.81767,1.24466,1.570547266794},
{4.81745,1.24375,1.570547271794},
{4.81723,1.24284,1.570547275794},
{4.81701,1.24193,1.570547280794},
{4.81679,1.24102,1.570547285794},
{4.81653,1.23997,1.570547293794},
{4.81631,1.23906,1.570547304794},
{4.8161,1.23816,1.570547314794},
{4.81588,1.23725,1.570547324794},
{4.81566,1.23634,1.570547334794},
{4.81544,1.23544,1.570547345794},
{4.81522,1.23453,1.570547355794},
{4.815,1.23362,1.570547365794},
{4.81478,1.23272,1.570547375794},
{4.81456,1.23181,1.570547386794},
{4.81434,1.2309,1.570547396794},
{4.81413,1.23,1.570547406794},
{4.81391,1.22909,1.570547416794},
{4.81369,1.22818,1.570547426794},
{4.81347,1.22728,1.570547437794},
{4.81325,1.22637,1.570547447794},
{4.81303,1.22546,1.570547457794},
{4.81281,1.22456,1.570547467794},
{4.81259,1.22365,1.570547478794},
{4.81238,1.22275,1.570547488794},
{4.81216,1.22184,1.570547498794},
{4.81194,1.22093,1.570547508794},
{4.81172,1.22003,1.570547519794},
{4.8115,1.21912,1.570547529794},
{4.81128,1.21821,1.570547539794},
{4.81106,1.21731,1.570547549794},
{4.81084,1.2164,1.570547559794},
{4.81062,1.21549,1.570547570794},
{4.81041,1.21459,1.570547580794},
{4.81019,1.21368,1.570547590794},
{4.80997,1.21277,1.570547600794},
{4.80975,1.21187,1.570547611794},
{4.80953,1.21096,1.570547621794},
{4.80931,1.21005,1.570547631794},
{4.80909,1.20915,1.570547641794},
{4.80887,1.20824,1.570547652794},
{4.80865,1.20733,1.570547662794},
{4.80844,1.20643,1.570547672794},
{4.80822,1.20552,1.570547682794},
{4.808,1.20461,1.570547693794},
{4.80778,1.20371,1.570547703794},
{4.80756,1.2028,1.570547713794},
{4.80734,1.20189,1.570547723794},
{4.80712,1.20099,1.570547733794},
{4.8069,1.20008,1.570547744794},
{4.80668,1.19917,1.570547754794},
{4.80647,1.19827,1.570547764794},
{4.80625,1.19736,1.570547774794},
{4.80603,1.19645,1.570547785794},
{4.80581,1.19555,1.570547795794},
{4.80559,1.19464,1.570547805794},
{4.80537,1.19373,1.570547815794},
{4.80515,1.19283,1.570547826794},
{4.80493,1.19192,1.570547836794},
{4.80471,1.19101,1.570547846794},
{4.8045,1.19011,1.570547856794},
{4.80428,1.1892,1.570547867794},
{4.80406,1.18829,1.570547877794},
{4.80384,1.18739,1.570547887794},
{4.80362,1.18648,1.570547897794},
{4.8034,1.18558,1.570547907794},
{4.80318,1.18467,1.570547918794},
{4.80296,1.18376,1.570547928794},
{4.80275,1.18286,1.570547938794},
{4.80253,1.18195,1.570547948794},
{4.80231,1.18104,1.570547959794},
{4.80209,1.18014,1.570547969794},
{4.80187,1.17923,1.570547979794},
{4.80165,1.17832,1.570547989794},
{4.80143,1.17742,1.570548000794},
{4.80121,1.17651,1.570548010794},
{4.80099,1.1756,1.570548020794},
{4.80078,1.1747,1.570548030794},
{4.80056,1.17379,1.570548041794},
{4.80034,1.17288,1.570548051794},
{4.80012,1.17198,1.570548061794},
{4.79994,1.17122,1.570548073794},
{4.79972,1.17032,1.570548089794},
{4.7995,1.16943,1.570548104794},
{4.79929,1.16853,1.570548119794},
{4.79907,1.16763,1.570548134794},
{4.79885,1.16674,1.570548149794},
{4.79864,1.16584,1.570548164794},
{4.79842,1.16495,1.570548179794},
{4.79821,1.16405,1.570548194794},
{4.79799,1.16316,1.570548209794},
{4.79777,1.16226,1.570548224794},
{4.79756,1.16136,1.570548239794},
{4.79734,1.16047,1.570548254794},
{4.79712,1.15957,1.570548269794},
{4.79691,1.15868,1.570548284794},
{4.79669,1.15778,1.570548299794},
{4.79648,1.15689,1.570548314794},
{4.79626,1.15599,1.570548329794},
{4.79604,1.15509,1.570548344794},
{4.79583,1.1542,1.570548359794},
{4.79561,1.1533,1.570548374794},
{4.79539,1.15241,1.570548389794},
{4.79518,1.15151,1.570548404794},
{4.79496,1.15062,1.570548419794},
{4.79475,1.14972,1.570548434794},
{4.79453,1.14883,1.570548449794},
{4.79431,1.14793,1.570548464794},
{4.7941,1.14703,1.570548479794},
{4.79388,1.14614,1.570548494794},
{4.79366,1.14524,1.570548509794},
{4.79345,1.14435,1.570548524794},
{4.79323,1.14345,1.570548540794},
{4.79302,1.14256,1.570548555794},
{4.7928,1.14166,1.570548570794},
{4.79258,1.14076,1.570548585794},
{4.79237,1.13987,1.570548600794},
{4.79215,1.13897,1.570548615794},
{4.79194,1.13808,1.570548630794},
{4.79172,1.13718,1.570548645794},
{4.7915,1.13629,1.570548660794},
{4.79129,1.13539,1.570548675794},
{4.79107,1.13449,1.570548690794},
{4.79085,1.1336,1.570548705794},
{4.79064,1.1327,1.570548720794},
{4.79042,1.13181,1.570548735794},
{4.79021,1.13091,1.570548750794},
{4.78999,1.13002,1.570548765794},
{4.78977,1.12912,1.570548780794},
{4.78956,1.12822,1.570548795794},
{4.78934,1.12733,1.570548810794},
{4.78912,1.12643,1.570548825794},
{4.78891,1.12554,1.570548840794},
{4.78869,1.12464,1.570548855794},
{4.78848,1.12375,1.570548870794},
{4.78826,1.12285,1.570548885794},
{4.78804,1.12195,1.570548900794},
{4.78783,1.12106,1.570548915794},
{4.78761,1.12016,1.570548930794},
{4.78739,1.11927,1.570548945794},
{4.78718,1.11837,1.570548960794},
{4.78696,1.11748,1.570548975794},
{4.78675,1.11658,1.570548990794},
{4.78653,1.11569,1.570549006794},
{4.78631,1.11479,1.570549021794},
{4.7861,1.11389,1.570549036794},
{4.78588,1.113,1.570549051794},
{4.78566,1.1121,1.570549066794},
{4.78545,1.11121,1.570549081794},
{4.78523,1.11031,1.570549096794},
{4.78502,1.10942,1.570549111794},
{4.7848,1.10852,1.570549126794},
{4.78458,1.10762,1.570549141794},
{4.78437,1.10673,1.570549156794},
{4.78415,1.10583,1.570549171794},
{4.78393,1.10494,1.570549186794},
{4.78382,1.10445,1.570549196794},
{4.78361,1.10358,1.570549224794},
{4.78339,1.1027,1.570549252794},
{4.78318,1.10182,1.570549279794},
{4.78297,1.10094,1.570549307794},
{4.78276,1.10007,1.570549335794},
{4.78255,1.09919,1.570549363794},
{4.78233,1.09831,1.570549390794},
{4.78212,1.09743,1.570549418794},
{4.78191,1.09655,1.570549446794},
{4.7817,1.09568,1.570549474794},
{4.78149,1.0948,1.570549502794},
{4.78128,1.09392,1.570549529794},
{4.78106,1.09304,1.570549557794},
{4.78085,1.09217,1.570549585794},
{4.78064,1.09129,1.570549613794},
{4.78043,1.09041,1.570549640794},
{4.78022,1.08953,1.570549668794},
{4.78,1.08866,1.570549696794},
{4.77979,1.08778,1.570549724794},
{4.77958,1.0869,1.570549752794},
{4.77937,1.08602,1.570549779794},
{4.77916,1.08515,1.570549807794},
{4.77894,1.08427,1.570549835794},
{4.77873,1.08339,1.570549863794},
{4.77852,1.08251,1.570549890794},
{4.77831,1.08163,1.570549918794},
{4.7781,1.08076,1.570549946794},
{4.77789,1.07988,1.570549974794},
{4.77767,1.079,1.570550002794},
{4.77746,1.07812,1.570550029794},
{4.77725,1.07725,1.570550057794},
{4.77704,1.07637,1.570550085794},
{4.77683,1.07549,1.570550113794},
{4.77661,1.07461,1.570550140794},
{4.7764,1.07374,1.570550168794},
{4.77619,1.07286,1.570550196794},
{4.77598,1.07198,1.570550224794},
{4.77577,1.0711,1.570550252794},
{4.77555,1.07022,1.570550279794},
{4.77534,1.06935,1.570550307794},
{4.77513,1.06847,1.570550335794},
{4.77492,1.06759,1.570550363794},
{4.77471,1.06671,1.570550390794},
{4.7745,1.06584,1.570550418794},
{4.77428,1.06496,1.570550446794},
{4.77407,1.06408,1.570550474794},
{4.77386,1.0632,1.570550502794},
{4.77365,1.06233,1.570550529794},
{4.77344,1.06145,1.570550557794},
{4.77322,1.06057,1.570550585794},
{4.77301,1.05969,1.570550613794},
{4.7728,1.05881,1.570550640794},
{4.77259,1.05794,1.570550668794},
{4.77238,1.05706,1.570550696794},
{4.77216,1.05618,1.570550724794},
{4.77195,1.0553,1.570550752794},
{4.77174,1.05443,1.570550779794},
{4.77153,1.05355,1.570550807794},
{4.77132,1.05267,1.570550835794},
{4.77111,1.05179,1.570550863794},
{4.77089,1.05092,1.570550890794},
{4.77068,1.05004,1.570550918794},
{4.77047,1.04916,1.570550946794},
{4.77026,1.04828,1.570550974794},
{4.77005,1.04741,1.570551002794},
{4.76983,1.04653,1.570551029794},
{4.76962,1.04565,1.570551057794},
{4.76941,1.04477,1.570551085794},
{4.7692,1.04389,1.570551113794},
{4.76899,1.04302,1.570551140794},
{4.76877,1.04214,1.570551168794},
{4.76856,1.04126,1.570551196794},
{4.76835,1.04038,1.570551224794},
{4.76814,1.03951,1.570551252794},
{4.76793,1.03863,1.570551279794},
{4.76788,1.03844,1.570551305794},
{4.76768,1.03759,1.570551353794},
{4.76747,1.03674,1.570551400794},
{4.76726,1.03588,1.570551448794},
{4.76706,1.03503,1.570551495794},
{4.76685,1.03418,1.570551543794},
{4.76665,1.03332,1.570551591794},
{4.76644,1.03247,1.570551638794},
{4.76624,1.03162,1.570551686794},
{4.76603,1.03077,1.570551733794},
{4.76582,1.02991,1.570551781794},
{4.76562,1.02906,1.570551829794},
{4.76541,1.02821,1.570551876794},
{4.76521,1.02735,1.570551924794},
{4.765,1.0265,1.570551971794},
{4.76479,1.02565,1.570552019794},
{4.76459,1.0248,1.570552067794},
{4.76438,1.02394,1.570552114794},
{4.76418,1.02309,1.570552162794},
{4.76397,1.02224,1.570552209794},
{4.76376,1.02138,1.570552257794},
{4.76356,1.02053,1.570552305794},
{4.76335,1.01968,1.570552352794},
{4.76315,1.01883,1.570552400794},
{4.76294,1.01797,1.570552447794},
{4.76274,1.01712,1.570552495794},
{4.76253,1.01627,1.570552542794},
{4.76232,1.01541,1.570552590794},
{4.76212,1.01456,1.570552638794},
{4.76191,1.01371,1.570552685794},
{4.76171,1.01286,1.570552733794},
{4.7615,1.012,1.570552780794},
{4.76129,1.01115,1.570552828794},
{4.76109,1.0103,1.570552876794},
{4.76088,1.00944,1.570552923794},
{4.76068,1.00859,1.570552971794},
{4.76047,1.00774,1.570553018794},
{4.76026,1.00688,1.570553066794},
{4.76006,1.00603,1.570553114794},
{4.75985,1.00518,1.570553161794},
{4.75965,1.00433,1.570553209794},
{4.75944,1.00347,1.570553256794},
{4.75923,1.00262,1.570553304794},
{4.75903,1.00177,1.570553351794},
{4.75882,1.00091,1.570553399794},
{4.75862,1.00006,1.570553447794},
{4.75841,0.999209,1.570553494794},
{4.75821,0.998356,1.570553542794},
{4.758,0.997503,1.570553589794},
{4.75779,0.99665,1.570553637794},
{4.75759,0.995797,1.570553685794},
{4.75738,0.994945,1.570553732794},
{4.75718,0.994092,1.570553780794},
{4.75697,0.993239,1.570553827794},
{4.75676,0.992386,1.570553875794},
{4.75656,0.991533,1.570553923794},
{4.75635,0.99068,1.570553970794},
{4.75615,0.989827,1.570554018794},
{4.75594,0.988974,1.570554065794},
{4.75573,0.988121,1.570554113794},
{4.75553,0.987269,1.570554161794},
{4.75532,0.986416,1.570554208794},
{4.75512,0.985563,1.570554256794},
{4.75491,0.98471,1.570554303794},
{4.75471,0.983857,1.570554351794},
{4.7545,0.983004,1.570554398794},
{4.75429,0.982151,1.570554446794},
{4.75409,0.981298,1.570554494794},
{4.75388,0.980445,1.570554541794},
{4.75368,0.979593,1.570554589794},
{4.75347,0.97874,1.570554636794},
{4.75326,0.977887,1.570554684794},
{4.75306,0.977034,1.570554732794},
{4.75285,0.976181,1.570554779794},
{4.75287,0.976249,1.570554793794},
{4.75267,0.975427,1.570554873794},
{4.75247,0.974605,1.570554952794},
{4.75227,0.973784,1.570555031794},
{4.75208,0.972962,1.570555110794},
{4.75188,0.97214,1.570555190794},
{4.75168,0.971319,1.570555269794},
{4.75148,0.970497,1.570555348794},
{4.75128,0.969675,1.570555427794},
{4.75108,0.968853,1.570555507794},
{4.75089,0.968032,1.570555586794},
{4.75069,0.96721,1.570555665794},
{4.75049,0.966388,1.570555744794},
{4.75029,0.965567,1.570555824794},
{4.75009,0.964745,1.570555903794},
{4.74989,0.963923,1.570555982794},
{4.7497,0.963101,1.570556061794},
{4.7495,0.96228,1.570556141794},
{4.7493,0.961458,1.570556220794},
{4.7491,0.960636,1.570556299794},
{4.7489,0.959815,1.570556378794},
{4.7487,0.958993,1.570556458794},
{4.74851,0.958171,1.570556537794},
{4.74831,0.95735,1.570556616794},
{4.74811,0.956528,1.570556695794},
{4.74791,0.955706,1.570556775794},
{4.74771,0.954884,1.570556854794},
{4.74751,0.954063,1.570556933794},
{4.74731,0.953241,1.570557012794},
{4.74712,0.952419,1.570557092794},
{4.74692,0.951598,1.570557171794},
{4.74672,0.950776,1.570557250794},
{4.74652,0.949954,1.570557329794},
{4.74632,0.949133,1.570557409794},
{4.74612,0.948311,1.570557488794},
{4.74593,0.947489,1.570557567794},
{4.74573,0.946667,1.570557646794},
{4.74553,0.945846,1.570557726794},
{4.74533,0.945024,1.570557805794},
{4.74513,0.944202,1.570557884794},
{4.74493,0.943381,1.570557963794},
{4.74474,0.942559,1.570558043794},
{4.74454,0.941737,1.570558122794},
{4.74434,0.940915,1.570558201794},
{4.74414,0.940094,1.570558280794},
{4.74394,0.939272,1.570558360794},
{4.74374,0.93845,1.570558439794},
{4.74355,0.937629,1.570558518794},
{4.74335,0.936807,1.570558597794},
{4.74315,0.935985,1.570558677794},
{4.74295,0.935164,1.570558756794},
{4.74275,0.934342,1.570558835794},
{4.74255,0.93352,1.570558914794},
{4.74236,0.932698,1.570558993794},
{4.74216,0.931877,1.570559073794},
{4.74196,0.931055,1.570559152794},
{4.74176,0.930233,1.570559231794},
{4.74156,0.929412,1.570559310794},
{4.74136,0.92859,1.570559390794},
{4.74117,0.927768,1.570559469794},
{4.74097,0.926946,1.570559548794},
{4.74077,0.926125,1.570559627794},
{4.74057,0.925303,1.570559707794},
{4.74037,0.924481,1.570559786794},
{4.74017,0.92366,1.570559865794},
{4.73998,0.922838,1.570559944794},
{4.73978,0.922016,1.570560024794},
{4.73958,0.921195,1.570560103794},
{4.73938,0.920373,1.570560182794},
{4.73918,0.919551,1.570560261794},
{4.73898,0.918729,1.570560341794},
{4.73879,0.917908,1.570560420794},
{4.73859,0.917086,1.570560499794},
{4.73866,0.917384,1.570560478794},
{4.73847,0.9166,1.570560600794},
{4.73828,0.915815,1.570560721794},
{4.73809,0.91503,1.570560843794},
{4.7379,0.914246,1.570560964794},
{4.73771,0.913461,1.570561085794},
{4.73752,0.912676,1.570561207794},
{4.73733,0.911892,1.570561328794},
{4.73714,0.911107,1.570561450794},
{4.73695,0.910323,1.570561571794},
{4.73677,0.909538,1.570561693794},
{4.73658,0.908753,1.570561814794},
{4.73639,0.907969,1.570561936794},
{4.7362,0.907184,1.570562057794},
{4.73601,0.906399,1.570562178794},
{4.73582,0.905615,1.570562300794},
{4.73563,0.90483,1.570562421794},
{4.73544,0.904046,1.570562543794},
{4.73525,0.903261,1.570562664794},
{4.73506,0.902476,1.570562786794},
{4.73487,0.901692,1.570562907794},
{4.73468,0.900907,1.570563028794},
{4.73449,0.900122,1.570563150794},
{4.7343,0.899338,1.570563271794},
{4.73411,0.898553,1.570563393794},
{4.73392,0.897769,1.570563514794},
{4.73373,0.896984,1.570563636794},
{4.73355,0.896199,1.570563757794},
{4.73336,0.895415,1.570563878794},
{4.73317,0.89463,1.570564000794},
{4.73298,0.893845,1.570564121794},
{4.73279,0.893061,1.570564243794},
{4.7326,0.892276,1.570564364794},
{4.73241,0.891492,1.570564486794},
{4.73222,0.890707,1.570564607794},
{4.73203,0.889922,1.570564729794},
{4.73184,0.889138,1.570564850794},
{4.73165,0.888353,1.570564971794},
{4.73146,0.887568,1.570565093794},
{4.73127,0.886784,1.570565214794},
{4.73108,0.885999,1.570565336794},
{4.73089,0.885215,1.570565457794},
{4.7307,0.88443,1.570565579794},
{4.73051,0.883645,1.570565700794},
{4.73033,0.882861,1.570565821794},
{4.73014,0.882076,1.570565943794},
{4.72995,0.881291,1.570566064794},
{4.72976,0.880507,1.570566186794},
{4.72957,0.879722,1.570566307794},
{4.72938,0.878938,1.570566429794},
{4.72919,0.878153,1.570566550794},
{4.729,0.877368,1.570566672794},
{4.72881,0.876584,1.570566793794},
{4.72862,0.875799,1.570566914794},
{4.72843,0.875014,1.570567036794},
{4.72824,0.87423,1.570567157794},
{4.72805,0.873445,1.570567279794},
{4.72786,0.872661,1.570567400794},
{4.72767,0.871876,1.570567522794},
{4.72748,0.871091,1.570567643794},
{4.72729,0.870307,1.570567764794},
{4.72711,0.869522,1.570567886794},
{4.72692,0.868738,1.570568007794},
{4.72673,0.867953,1.570568129794},
{4.72654,0.867168,1.570568250794},
{4.72635,0.866384,1.570568372794},
{4.72616,0.865599,1.570568493794},
{4.72597,0.864814,1.570568614794},
{4.72578,0.86403,1.570568736794},
{4.72559,0.863245,1.570568857794},
{4.7254,0.862461,1.570568979794},
{4.72521,0.861676,1.570569100794},
{4.72534,0.862189,1.570569030794},
{4.72516,0.861447,1.570569203794},
{4.72498,0.860704,1.570569376794},
{4.7248,0.859962,1.570569549794},
{4.72462,0.85922,1.570569722794},
{4.72444,0.858478,1.570569894794},
{4.72426,0.857735,1.570570067794},
{4.72408,0.856993,1.570570240794},
{4.7239,0.856251,1.570570413794},
{4.72372,0.855509,1.570570586794},
{4.72354,0.854766,1.570570759794},
{4.72336,0.854024,1.570570932794},
{4.72319,0.853282,1.570571105794},
{4.72301,0.85254,1.570571278794},
{4.72283,0.851797,1.570571450794},
{4.72265,0.851055,1.570571623794},
{4.72247,0.850313,1.570571796794},
{4.72229,0.849571,1.570571969794},
{4.72211,0.848828,1.570572142794},
{4.72193,0.848086,1.570572315794},
{4.72175,0.847344,1.570572488794},
{4.72157,0.846602,1.570572661794},
{4.72139,0.845859,1.570572833794},
{4.72121,0.845117,1.570573006794},
{4.72104,0.844375,1.570573179794},
{4.72086,0.843633,1.570573352794},
{4.72068,0.842891,1.570573525794},
{4.7205,0.842148,1.570573698794},
{4.72032,0.841406,1.570573871794},
{4.72014,0.840664,1.570574044794},
{4.71996,0.839922,1.570574216794},
{4.71978,0.839179,1.570574389794},
{4.7196,0.838437,1.570574562794},
{4.71942,0.837695,1.570574735794},
{4.71924,0.836953,1.570574908794},
{4.71906,0.83621,1.570575081794},
{4.71889,0.835468,1.570575254794},
{4.71871,0.834726,1.570575427794},
{4.71853,0.833984,1.570575600794},
{4.71835,0.833241,1.570575772794},
{4.71817,0.832499,1.570575945794},
{4.71799,0.831757,1.570576118794},
{4.71781,0.831015,1.570576291794},
{4.71763,0.830272,1.570576464794},
{4.71745,0.82953,1.570576637794},
{4.71727,0.828788,1.570576810794},
{4.71709,0.828046,1.570576983794},
{4.71691,0.827303,1.570577155794},
{4.71674,0.826561,1.570577328794},
{4.71656,0.825819,1.570577501794},
{4.71638,0.825077,1.570577674794},
{4.7162,0.824334,1.570577847794},
{4.71602,0.823592,1.570578020794},
{4.71584,0.82285,1.570578193794},
{4.71566,0.822108,1.570578366794},
{4.71548,0.821366,1.570578539794},
{4.7153,0.820623,1.570578711794},
{4.71512,0.819881,1.570578884794},
{4.71494,0.819139,1.570579057794},
{4.71476,0.818397,1.570579230794},
{4.71459,0.817654,1.570579403794},
{4.71441,0.816912,1.570579576794},
{4.71423,0.81617,1.570579749794},
{4.71405,0.815428,1.570579922794},
{4.71387,0.814685,1.570580094794},
{4.71369,0.813943,1.570580267794},
{4.71351,0.813201,1.570580440794},
{4.71333,0.812459,1.570580613794},
{4.71315,0.811716,1.570580786794},
{4.71297,0.810974,1.570580959794},
{4.71279,0.810232,1.570581132794},
{4.71297,0.810958,1.570581017794},
{4.7128,0.810263,1.570581249794},
{4.71263,0.809568,1.570581480794},
{4.71247,0.808872,1.570581711794},
{4.7123,0.808177,1.570581942794},
{4.71213,0.807482,1.570582174794},
{4.71196,0.806787,1.570582405794},
{4.71179,0.806091,1.570582636794},
{4.71163,0.805396,1.570582867794},
{4.71146,0.804701,1.570583099794},
{4.71129,0.804006,1.570583330794},
{4.71112,0.80331,1.570583561794},
{4.71095,0.802615,1.570583792794},
{4.71079,0.80192,1.570584024794},
{4.71062,0.801225,1.570584255794},
{4.71045,0.800529,1.570584486794},
{4.71028,0.799834,1.570584717794},
{4.71012,0.799139,1.570584949794},
{4.70995,0.798444,1.570585180794},
{4.70978,0.797748,1.570585411794},
{4.70961,0.797053,1.570585642794},
{4.70944,0.796358,1.570585874794},
{4.70928,0.795663,1.570586105794},
{4.70911,0.794967,1.570586336794},
{4.70894,0.794272,1.570586567794},
{4.70877,0.793577,1.570586799794},
{4.70861,0.792882,1.570587030794},
{4.70844,0.792186,1.570587261794},
{4.70827,0.791491,1.570587492794},
{4.7081,0.790796,1.570587724794},
{4.70793,0.790101,1.570587955794},
{4.70777,0.789405,1.570588186794},
{4.7076,0.78871,1.570588417794},
{4.70743,0.788015,1.570588649794},
{4.70726,0.78732,1.570588880794},
{4.7071,0.786624,1.570589111794},
{4.70693,0.785929,1.570589342794},
{4.70676,0.785234,1.570589574794},
{4.70659,0.784539,1.570589805794},
{4.70642,0.783843,1.570590036794},
{4.70626,0.783148,1.570590267794},
{4.70609,0.782453,1.570590499794},
{4.70592,0.781758,1.570590730794},
{4.70575,0.781062,1.570590961794},
{4.70558,0.780367,1.570591192794},
{4.70542,0.779672,1.570591424794},
{4.70525,0.778977,1.570591655794},
{4.70508,0.778281,1.570591886794},
{4.70491,0.777586,1.570592117794},
{4.70475,0.776891,1.570592349794},
{4.70458,0.776196,1.570592580794},
{4.70441,0.7755,1.570592811794},
{4.70424,0.774805,1.570593042794},
{4.70407,0.77411,1.570593274794},
{4.70391,0.773414,1.570593505794},
{4.70374,0.772719,1.570593736794},
{4.70357,0.772024,1.570593967794},
{4.7034,0.771329,1.570594199794},
{4.70324,0.770633,1.570594430794},
{4.70307,0.769938,1.570594661794},
{4.7029,0.769243,1.570594892794},
{4.70273,0.768548,1.570595124794},
{4.70256,0.767852,1.570595355794},
{4.7024,0.767157,1.570595586794},
{4.70223,0.766462,1.570595817794},
{4.70206,0.765767,1.570596049794},
{4.70189,0.765071,1.570596280794},
{4.70173,0.764376,1.570596511794},
{4.70193,0.765231,1.570596253794},
{4.70178,0.764587,1.570596541794},
{4.70162,0.763942,1.570596830794},
{4.70147,0.763298,1.570597118794},
{4.70131,0.762654,1.570597407794},
{4.70115,0.762009,1.570597695794},
{4.701,0.761365,1.570597984794},
{4.70084,0.76072,1.570598272794},
{4.70069,0.760076,1.570598561794},
{4.70053,0.759432,1.570598849794},
{4.70038,0.758787,1.570599138794},
{4.70022,0.758143,1.570599426794},
{4.70007,0.757498,1.570599714794},
{4.69991,0.756854,1.570600003794},
{4.69975,0.756209,1.570600291794},
{4.6996,0.755565,1.570600580794},
{4.69944,0.754921,1.570600868794},
{4.69929,0.754276,1.570601157794},
{4.69913,0.753632,1.570601445794},
{4.69898,0.752987,1.570601734794},
{4.69882,0.752343,1.570602022794},
{4.69867,0.751699,1.570602311794},
{4.69851,0.751054,1.570602599794},
{4.69835,0.75041,1.570602888794},
{4.6982,0.749765,1.570603176794},
{4.69804,0.749121,1.570603464794},
{4.69789,0.748477,1.570603753794},
{4.69773,0.747832,1.570604041794},
{4.69758,0.747188,1.570604330794},
{4.69742,0.746543,1.570604618794},
{4.69727,0.745899,1.570604907794},
{4.69711,0.745254,1.570605195794},
{4.69695,0.74461,1.570605484794},
{4.6968,0.743966,1.570605772794},
{4.69664,0.743321,1.570606061794},
{4.69649,0.742677,1.570606349794},
{4.69633,0.742032,1.570606638794},
{4.69618,0.741388,1.570606926794},
{4.69602,0.740744,1.570607214794},
{4.69587,0.740099,1.570607503794},
{4.69571,0.739455,1.570607791794},
{4.69556,0.73881,1.570608080794},
{4.6954,0.738166,1.570608368794},
{4.69524,0.737522,1.570608657794},
{4.69509,0.736877,1.570608945794},
{4.69493,0.736233,1.570609234794},
{4.69478,0.735588,1.570609522794},
{4.69462,0.734944,1.570609811794},
{4.69447,0.7343,1.570610099794},
{4.69431,0.733655,1.570610388794},
{4.69416,0.733011,1.570610676794},
{4.694,0.732366,1.570610964794},
{4.69384,0.731722,1.570611253794},
{4.69369,0.731077,1.570611541794},
{4.69353,0.730433,1.570611830794},
{4.69338,0.729789,1.570612118794},
{4.69322,0.729144,1.570612407794},
{4.69307,0.7285,1.570612695794},
{4.69291,0.727855,1.570612984794},
{4.69276,0.727211,1.570613272794},
{4.6926,0.726567,1.570613561794},
{4.69244,0.725922,1.570613849794},
{4.69229,0.725278,1.570614138794},
{4.69213,0.724633,1.570614426794},
{4.69198,0.723989,1.570614714794},
{4.69182,0.723345,1.570615003794},
{4.69205,0.724299,1.570614585794},
{4.69191,0.723708,1.570614932794},
{4.69177,0.723118,1.570615278794},
{4.69163,0.722527,1.570615624794},
{4.69148,0.721937,1.570615970794},
{4.69134,0.721346,1.570616316794},
{4.6912,0.720755,1.570616662794},
{4.69106,0.720165,1.570617009794},
{4.69091,0.719574,1.570617355794},
{4.69077,0.718984,1.570617701794},
{4.69063,0.718393,1.570618047794},
{4.69048,0.717803,1.570618393794},
{4.69034,0.717212,1.570618739794},
{4.6902,0.716622,1.570619085794},
{4.69006,0.716031,1.570619432794},
{4.68991,0.715441,1.570619778794},
{4.68977,0.71485,1.570620124794},
{4.68963,0.71426,1.570620470794},
{4.68949,0.713669,1.570620816794},
{4.68934,0.713079,1.570621162794},
{4.6892,0.712488,1.570621509794},
{4.68906,0.711898,1.570621855794},
{4.68892,0.711307,1.570622201794},
{4.68877,0.710717,1.570622547794},
{4.68863,0.710126,1.570622893794},
{4.68849,0.709536,1.570623239794},
{4.68835,0.708945,1.570623585794},
{4.6882,0.708355,1.570623932794},
{4.68806,0.707764,1.570624278794},
{4.68792,0.707174,1.570624624794},
{4.68778,0.706583,1.570624970794},
{4.68763,0.705993,1.570625316794},
{4.68749,0.705402,1.570625662794},
{4.68735,0.704812,1.570626009794},
{4.68721,0.704221,1.570626355794},
{4.68706,0.70363,1.570626701794},
{4.68692,0.70304,1.570627047794},
{4.68678,0.702449,1.570627393794},
{4.68664,0.701859,1.570627739794},
{4.68649,0.701268,1.570628085794},
{4.68635,0.700678,1.570628432794},
{4.68621,0.700087,1.570628778794},
{4.68607,0.699497,1.570629124794},
{4.68592,0.698906,1.570629470794},
{4.68578,0.698316,1.570629816794},
{4.68564,0.697725,1.570630162794},
{4.6855,0.697135,1.570630508794},
{4.68535,0.696544,1.570630855794},
{4.68521,0.695954,1.570631201794},
{4.68507,0.695363,1.570631547794},
{4.68493,0.694773,1.570631893794},
{4.68478,0.694182,1.570632239794},
{4.68464,0.693592,1.570632585794},
{4.6845,0.693001,1.570632932794},
{4.68436,0.692411,1.570633278794},
{4.68421,0.69182,1.570633624794},
{4.68407,0.69123,1.570633970794},
{4.68393,0.690639,1.570634316794},
{4.68379,0.690049,1.570634662794},
{4.68364,0.689458,1.570635008794},
{4.6835,0.688868,1.570635355794},
{4.68336,0.688277,1.570635701794},
{4.68322,0.687687,1.570636047794},
{4.68307,0.687096,1.570636393794},
{4.68333,0.688136,1.570635811794},
{4.6832,0.687601,1.570636203794},
{4.68307,0.687067,1.570636594794},
{4.68294,0.686533,1.570636986794},
{4.68281,0.685998,1.570637378794},
{4.68268,0.685464,1.570637769794},
{4.68255,0.684929,1.570638161794},
{4.68242,0.684395,1.570638553794},
{4.68229,0.68386,1.570638944794},
{4.68216,0.683326,1.570639336794},
{4.68204,0.682791,1.570639728794},
{4.68191,0.682257,1.570640119794},
{4.68178,0.681722,1.570640511794},
{4.68165,0.681188,1.570640903794},
{4.68152,0.680654,1.570641294794},
{4.68139,0.680119,1.570641686794},
{4.68126,0.679585,1.570642077794},
{4.68113,0.67905,1.570642469794},
{4.681,0.678516,1.570642861794},
{4.68087,0.677981,1.570643252794},
{4.68075,0.677447,1.570643644794},
{4.68062,0.676912,1.570644036794},
{4.68049,0.676378,1.570644427794},
{4.68036,0.675843,1.570644819794},
{4.68023,0.675309,1.570645211794},
{4.6801,0.674775,1.570645602794},
{4.67997,0.67424,1.570645994794},
{4.67984,0.673706,1.570646386794},
{4.67971,0.673171,1.570646777794},
{4.67959,0.672637,1.570647169794},
{4.67946,0.672102,1.570647560794},
{4.67933,0.671568,1.570647952794},
{4.6792,0.671033,1.570648344794},
{4.67907,0.670499,1.570648735794},
{4.67894,0.669964,1.570649127794},
{4.67881,0.66943,1.570649519794},
{4.67868,0.668896,1.570649910794},
{4.67855,0.668361,1.570650302794},
{4.67842,0.667827,1.570650694794},
{4.6783,0.667292,1.570651085794},
{4.67817,0.666758,1.570651477794},
{4.67804,0.666223,1.570651868794},
{4.67791,0.665689,1.570652260794},
{4.67778,0.665154,1.570652652794},
{4.67765,0.66462,1.570653043794},
{4.67752,0.664085,1.570653435794},
{4.67739,0.663551,1.570653827794},
{4.67726,0.663017,1.570654218794},
{4.67713,0.662482,1.570654610794},
{4.67701,0.661948,1.570655002794},
{4.67688,0.661413,1.570655393794},
{4.67675,0.660879,1.570655785794},
{4.67662,0.660344,1.570656177794},
{4.67649,0.65981,1.570656568794},
{4.67636,0.659275,1.570656960794},
{4.67623,0.658741,1.570657351794},
{4.6761,0.658206,1.570657743794},
{4.67597,0.657672,1.570658135794},
{4.67585,0.657138,1.570658526794},
{4.67572,0.656603,1.570658918794},
{4.67559,0.656069,1.570659310794},
{4.67585,0.657141,1.570658548794},
{4.67573,0.656664,1.570658977794},
{4.67562,0.656187,1.570659405794},
{4.6755,0.65571,1.570659833794},
{4.67539,0.655233,1.570660261794},
{4.67527,0.654756,1.570660690794},
{4.67516,0.654279,1.570661118794},
{4.67504,0.653801,1.570661546794},
{4.67493,0.653324,1.570661974794},
{4.67481,0.652847,1.570662402794},
{4.67469,0.65237,1.570662831794},
{4.67458,0.651893,1.570663259794},
{4.67446,0.651416,1.570663687794},
{4.67435,0.650939,1.570664115794},
{4.67423,0.650462,1.570664544794},
{4.67412,0.649985,1.570664972794},
{4.674,0.649507,1.570665400794},
{4.67389,0.64903,1.570665828794},
{4.67377,0.648553,1.570666257794},
{4.67366,0.648076,1.570666685794},
{4.67354,0.647599,1.570667113794},
{4.67343,0.647122,1.570667541794},
{4.67331,0.646645,1.570667969794},
{4.6732,0.646168,1.570668398794},
{4.67308,0.64569,1.570668826794},
{4.67297,0.645213,1.570669254794},
{4.67285,0.644736,1.570669682794},
{4.67274,0.644259,1.570670111794},
{4.67262,0.643782,1.570670539794},
{4.67251,0.643305,1.570670967794},
{4.67239,0.642828,1.570671395794},
{4.67228,0.642351,1.570671823794},
{4.67216,0.641873,1.570672252794},
{4.67205,0.641396,1.570672680794},
{4.67193,0.640919,1.570673108794},
{4.67182,0.640442,1.570673536794},
{4.6717,0.639965,1.570673965794},
{4.67159,0.639488,1.570674393794},
{4.67147,0.639011,1.570674821794},
{4.67136,0.638534,1.570675249794},
{4.67124,0.638056,1.570675677794},
{4.67113,0.637579,1.570676106794},
{4.67101,0.637102,1.570676534794},
{4.6709,0.636625,1.570676962794},
{4.67078,0.636148,1.570677390794},
{4.67067,0.635671,1.570677819794},
{4.67055,0.635194,1.570678247794},
{4.67044,0.634717,1.570678675794},
{4.67032,0.634239,1.570679103794},
{4.67021,0.633762,1.570679531794},
{4.67009,0.633285,1.570679960794},
{4.66998,0.632808,1.570680388794},
{4.66986,0.632331,1.570680816794},
{4.66974,0.631854,1.570681244794},
{4.66963,0.631377,1.570681673794},
{4.66951,0.6309,1.570682101794},
{4.6694,0.630422,1.570682529794},
{4.66928,0.629945,1.570682957794},
{4.66954,0.631013,1.570682016794},
{4.66944,0.630593,1.570682460794},
{4.66934,0.630174,1.570682903794},
{4.66924,0.629755,1.570683346794},
{4.66914,0.629335,1.570683790794},
{4.66904,0.628916,1.570684233794},
{4.66893,0.628496,1.570684677794},
{4.66883,0.628077,1.570685120794},
{4.66873,0.627657,1.570685564794},
{4.66863,0.627238,1.570686007794},
{4.66853,0.626818,1.570686451794},
{4.66843,0.626399,1.570686894794},
{4.66833,0.62598,1.570687338794},
{4.66823,0.62556,1.570687781794},
{4.66813,0.625141,1.570688225794},
{4.66802,0.624721,1.570688668794},
{4.66792,0.624302,1.570689112794},
{4.66782,0.623882,1.570689555794},
{4.66772,0.623463,1.570689999794},
{4.66762,0.623043,1.570690442794},
{4.66752,0.622624,1.570690886794},
{4.66742,0.622205,1.570691329794},
{4.66732,0.621785,1.570691773794},
{4.66721,0.621366,1.570692216794},
{4.66711,0.620946,1.570692660794},
{4.66701,0.620527,1.570693103794},
{4.66691,0.620107,1.570693547794},
{4.66681,0.619688,1.570693990794},
{4.66671,0.619268,1.570694434794},
{4.66661,0.618849,1.570694877794},
{4.66651,0.61843,1.570695321794},
{4.66641,0.61801,1.570695764794},
{4.6663,0.617591,1.570696208794},
{4.6662,0.617171,1.570696652194},
{4.6661,0.616752,1.570697095594},
{4.666,0.616332,1.570697539094},
{4.6659,0.615913,1.570697982594},
{4.6658,0.615494,1.570698426094},
{4.6657,0.615074,1.570698869594},
{4.6656,0.614655,1.570699313094},
{4.66549,0.614235,1.570699756594},
{4.66539,0.613816,1.570700200094},
{4.66529,0.613396,1.570700643594},
{4.66519,0.612977,1.570701087094},
{4.66509,0.612557,1.570701530594},
{4.66499,0.612138,1.570701974094},
{4.66489,0.611719,1.570702417594},
{4.66479,0.611299,1.570702861094},
{4.66468,0.61088,1.570703304594},
{4.66458,0.61046,1.570703748094},
{4.66448,0.610041,1.570704191594},
{4.66438,0.609621,1.570704635094},
{4.66428,0.609202,1.570705078594},
{4.66418,0.608782,1.570705522094},
{4.66408,0.608363,1.570705965594},
{4.66433,0.609404,1.570704889594},
{4.66424,0.609042,1.570705335194},
{4.66415,0.608679,1.570705780794},
{4.66407,0.608317,1.570706226394},
{4.66398,0.607955,1.570706671894},
{4.66389,0.607592,1.570707117494},
{4.6638,0.60723,1.570707563094},
{4.66372,0.606868,1.570708008694},
{4.66363,0.606505,1.570708454294},
{4.66354,0.606143,1.570708899894},
{4.66345,0.605781,1.570709345394},
{4.66337,0.605418,1.570709790994},
{4.66328,0.605056,1.570710236594},
{4.66319,0.604694,1.570710682194},
{4.66311,0.604331,1.570711127794},
{4.66302,0.603969,1.570711573294},
{4.66293,0.603607,1.570712018894},
{4.66284,0.603244,1.570712464494},
{4.66276,0.602882,1.570712910094},
{4.66267,0.60252,1.570713355694},
{4.66258,0.602157,1.570713801294},
{4.66249,0.601795,1.570714246794},
{4.66241,0.601433,1.570714692394},
{4.66232,0.60107,1.570715137994},
{4.66223,0.600708,1.570715583594},
{4.66214,0.600346,1.570716029194},
{4.66206,0.599983,1.570716474694},
{4.66197,0.599621,1.570716920294},
{4.66188,0.599259,1.570717365894},
{4.66179,0.598896,1.570717811494},
{4.66171,0.598534,1.570718257094},
{4.66162,0.598172,1.570718702694},
{4.66153,0.597809,1.570719148194},
{4.66144,0.597447,1.570719593794},
{4.66136,0.597085,1.570720039394},
{4.66127,0.596722,1.570720484994},
{4.66118,0.59636,1.570720930594},
{4.66109,0.595998,1.570721376094},
{4.66101,0.595635,1.570721821694},
{4.66092,0.595273,1.570722267294},
{4.66083,0.594911,1.570722712894},
{4.66075,0.594548,1.570723158494},
{4.66066,0.594186,1.570723604094},
{4.66057,0.593824,1.570724049594},
{4.66048,0.593461,1.570724495194},
{4.6604,0.593099,1.570724940794},
{4.66031,0.592737,1.570725386394},
{4.66022,0.592374,1.570725831994},
{4.66013,0.592012,1.570726277494},
{4.66005,0.59165,1.570726723094},
{4.65996,0.591287,1.570727168694},
{4.65987,0.590925,1.570727614294},
{4.66011,0.591934,1.570726421294},
{4.66004,0.591627,1.570726847294},
{4.65997,0.59132,1.570727273394},
{4.65989,0.591013,1.570727699394},
{4.65982,0.590707,1.570728125494},
{4.65974,0.5904,1.570728551494},
{4.65967,0.590093,1.570728977494},
{4.6596,0.589787,1.570729403594},
{4.65952,0.58948,1.570729829594},
{4.65945,0.589173,1.570730255594},
{4.65937,0.588866,1.570730681694},
{4.6593,0.58856,1.570731107694},
{4.65923,0.588253,1.570731533794},
{4.65915,0.587946,1.570731959794},
{4.65908,0.58764,1.570732385794},
{4.659,0.587333,1.570732811894},
{4.65893,0.587026,1.570733237894},
{4.65886,0.586719,1.570733663894},
{4.65878,0.586413,1.570734089994},
{4.65871,0.586106,1.570734515994},
{4.65863,0.585799,1.570734942094},
{4.65856,0.585493,1.570735368094},
{4.65849,0.585186,1.570735794094},
{4.65841,0.584879,1.570736220194},
{4.65834,0.584572,1.570736646194},
{4.65826,0.584266,1.570737072294},
{4.65819,0.583959,1.570737498294},
{4.65812,0.583652,1.570737924294},
{4.65804,0.583346,1.570738350394},
{4.65797,0.583039,1.570738776394},
{4.65789,0.582732,1.570739202394},
{4.65782,0.582425,1.570739628494},
{4.65775,0.582119,1.570740054494},
{4.65767,0.581812,1.570740480594},
{4.6576,0.581505,1.570740906594},
{4.65752,0.581199,1.570741332594},
{4.65745,0.580892,1.570741758694},
{4.65738,0.580585,1.570742184694},
{4.6573,0.580278,1.570742610694},
{4.65723,0.579972,1.570743036794},
{4.65715,0.579665,1.570743462794},
{4.65708,0.579358,1.570743888894},
{4.65701,0.579052,1.570744314894},
{4.65693,0.578745,1.570744740894},
{4.65686,0.578438,1.570745166994},
{4.65678,0.578131,1.570745592994},
{4.65671,0.577825,1.570746018994},
{4.65692,0.578701,1.570744809094},
{4.65686,0.578448,1.570745203794},
{4.6568,0.578194,1.570745598594},
{4.65674,0.577941,1.570745993394},
{4.65668,0.577687,1.570746388094},
{4.65662,0.577434,1.570746782894},
{4.65656,0.57718,1.570747177694},
{4.65649,0.576927,1.570747572394},
{4.65643,0.576673,1.570747967194},
{4.65637,0.57642,1.570748361994},
{4.65631,0.576166,1.570748756694},
{4.65625,0.575913,1.570749151494},
{4.65619,0.575659,1.570749546294},
{4.65613,0.575406,1.570749941094},
{4.65607,0.575152,1.570750335794},
{4.65601,0.574899,1.570750730594},
{4.65594,0.574645,1.570751125394},
{4.65588,0.574392,1.570751520094},
{4.65582,0.574138,1.570751914894},
{4.65576,0.573885,1.570752309694},
{4.6557,0.573631,1.570752704394},
{4.65564,0.573378,1.570753099194},
{4.65558,0.573124,1.570753493994},
{4.65552,0.572871,1.570753888694},
{4.65545,0.572617,1.570754283494},
{4.65539,0.572364,1.570754678294},
{4.65533,0.57211,1.570755072994},
{4.65527,0.571857,1.570755467794},
{4.65521,0.571603,1.570755862594},
{4.65515,0.57135,1.570756257294},
{4.65509,0.571096,1.570756652094},
{4.65503,0.570842,1.570757046894},
{4.65497,0.570589,1.570757441594},
{4.6549,0.570335,1.570757836394},
{4.65484,0.570082,1.570758231194},
{4.65478,0.569828,1.570758625894},
{4.65472,0.569575,1.570759020694},
{4.65466,0.569321,1.570759415494},
{4.6546,0.569068,1.570759810194},
{4.65454,0.568814,1.570760204994},
{4.65448,0.568561,1.570760599794},
{4.65442,0.568307,1.570760994594},
{4.65435,0.568054,1.570761389294},
{4.65429,0.5678,1.570761784094},
{4.65448,0.568572,1.570760588294},
{4.65443,0.568369,1.570760935794},
{4.65438,0.568165,1.570761283394},
{4.65433,0.567962,1.570761630894},
{4.65428,0.567758,1.570761978494},
{4.65423,0.567555,1.570762325994},
{4.65418,0.567351,1.570762673494},
{4.65414,0.567148,1.570763021094},
{4.65409,0.566944,1.570763368594},
{4.65404,0.56674,1.570763716194},
{4.65399,0.566537,1.570764063694},
{4.65394,0.566333,1.570764411194},
{4.65389,0.56613,1.570764758794},
{4.65384,0.565926,1.570765106294},
{4.65379,0.565723,1.570765453794},
{4.65374,0.565519,1.570765801394},
{4.65369,0.565316,1.570766148894},
{4.65364,0.565112,1.570766496494},
{4.6536,0.564909,1.570766843994},
{4.65355,0.564705,1.570767191494},
{4.6535,0.564502,1.570767539094},
{4.65345,0.564298,1.570767886594},
{4.6534,0.564094,1.570768234194},
{4.65335,0.563891,1.570768581694},
{4.6533,0.563687,1.570768929194},
{4.65325,0.563484,1.570769276794},
{4.6532,0.56328,1.570769624294},
{4.65315,0.563077,1.570769971794},
{4.6531,0.562873,1.570770319394},
{4.65306,0.56267,1.570770666894},
{4.65301,0.562466,1.570771014494},
{4.65296,0.562263,1.570771361994},
{4.65291,0.562059,1.570771709494},
{4.65286,0.561855,1.570772057094},
{4.65281,0.561652,1.570772404594},
{4.65276,0.561448,1.570772752194},
{4.65271,0.561245,1.570773099694},
{4.65266,0.561041,1.570773447194},
{4.65261,0.560838,1.570773794794},
{4.65256,0.560634,1.570774142294},
{4.65272,0.56129,1.570773029494},
{4.65268,0.561132,1.570773324794},
{4.65265,0.560974,1.570773620194},
{4.65261,0.560817,1.570773915494},
{4.65257,0.560659,1.570774210794},
{4.65253,0.560502,1.570774506094},
{4.65249,0.560344,1.570774801494},
{4.65246,0.560186,1.570775096794},
{4.65242,0.560029,1.570775392094},
{4.65238,0.559871,1.570775687394},
{4.65234,0.559713,1.570775982794},
{4.6523,0.559556,1.570776278094},
{4.65227,0.559398,1.570776573394},
{4.65223,0.55924,1.570776868694},
{4.65219,0.559083,1.570777164094},
{4.65215,0.558925,1.570777459394},
{4.65211,0.558768,1.570777754694},
{4.65208,0.55861,1.570778049994},
{4.65204,0.558452,1.570778345394},
{4.652,0.558295,1.570778640694},
{4.65196,0.558137,1.570778935994},
{4.65192,0.557979,1.570779231294},
{4.65189,0.557822,1.570779526594},
{4.65185,0.557664,1.570779821994},
{4.65181,0.557507,1.570780117294},
{4.65177,0.557349,1.570780412594},
{4.65173,0.557191,1.570780707894},
{4.6517,0.557034,1.570781003294},
{4.65166,0.556876,1.570781298594},
{4.65162,0.556718,1.570781593894},
{4.65158,0.556561,1.570781889194},
{4.65154,0.556403,1.570782184594},
{4.65151,0.556246,1.570782479894},
{4.65147,0.556088,1.570782775194},
{4.65143,0.55593,1.570783070494},
{4.65139,0.555773,1.570783365894},
{4.65152,0.556313,1.570782361894},
{4.65149,0.556196,1.570782597694},
{4.65147,0.55608,1.570782833494},
{4.65144,0.555963,1.570783069294},
{4.65141,0.555847,1.570783305094},
{4.65138,0.55573,1.570783540894},
{4.65135,0.555614,1.570783776794},
{4.65133,0.555497,1.570784012594},
{4.6513,0.555381,1.570784248394},
{4.65127,0.555264,1.570784484194},
{4.65124,0.555148,1.570784719994},
{4.65121,0.555031,1.570784955794},
{4.65119,0.554915,1.570785191594},
{4.65116,0.554798,1.570785427394},
{4.65113,0.554682,1.570785663194},
{4.6511,0.554565,1.570785898994},
{4.65107,0.554449,1.570786134794},
{4.65104,0.554332,1.570786370634},
{4.65102,0.554216,1.570786606444},
{4.65099,0.554099,1.570786842254},
{4.65096,0.553983,1.570787078064},
{4.65093,0.553866,1.570787313874},
{4.6509,0.55375,1.570787549674},
{4.65088,0.553633,1.570787785484},
{4.65085,0.553517,1.570788021294},
{4.65082,0.5534,1.570788257104},
{4.65079,0.553284,1.570788492914},
{4.65076,0.553167,1.570788728724},
{4.65074,0.553051,1.570788964524},
{4.65071,0.552934,1.570789200334},
{4.65068,0.552817,1.570789436144},
{4.65065,0.552701,1.570789671954},
{4.65076,0.553136,1.570788807204},
{4.65074,0.553055,1.570788986274},
{4.65072,0.552974,1.570789165354},
{4.6507,0.552893,1.570789344424},
{4.65068,0.552812,1.570789523494},
{4.65066,0.552731,1.570789702564},
{4.65064,0.55265,1.570789881644},
{4.65062,0.55257,1.570790060714},
{4.6506,0.552489,1.570790239784},
{4.65058,0.552408,1.570790418854},
{4.65056,0.552327,1.570790597934},
{4.65054,0.552246,1.570790777004},
{4.65052,0.552165,1.570790956074},
{4.6505,0.552085,1.570791135144},
{4.65048,0.552004,1.570791314224},
{4.65046,0.551923,1.570791493294},
{4.65044,0.551842,1.570791672364},
{4.65042,0.551761,1.570791851434},
{4.65041,0.55168,1.570792030514},
{4.65039,0.5516,1.570792209584},
{4.65037,0.551519,1.570792388654},
{4.65035,0.551438,1.570792567724},
{4.65033,0.551357,1.570792746804},
{4.65031,0.551276,1.570792925874},
{4.65029,0.551195,1.570793104944},
{4.65027,0.551114,1.570793284014},
{4.65025,0.551034,1.570793463094},
{4.65032,0.551347,1.570792778474},
{4.65031,0.551296,1.570792902774},
{4.6503,0.551245,1.570793027084},
{4.65029,0.551194,1.570793151384},
{4.65028,0.551142,1.570793275694},
{4.65026,0.551091,1.570793399994},
{4.65025,0.55104,1.570793524304},
{4.65024,0.550989,1.570793648604},
{4.65023,0.550937,1.570793772914},
{4.65021,0.550886,1.570793897214},
{4.6502,0.550835,1.570794021524},
{4.65019,0.550784,1.570794145824},
{4.65018,0.550733,1.570794270134},
{4.65016,0.550681,1.570794394434},
{4.65015,0.55063,1.570794518744},
{4.65014,0.550579,1.570794643044},
{4.65013,0.550528,1.570794767354},
{4.65011,0.550477,1.570794891654},
{4.6501,0.550425,1.570795015964},
{4.65009,0.550374,1.570795140264},
{4.65008,0.550323,1.570795264574},
{4.65007,0.550272,1.570795388878},
{4.65011,0.550467,1.570794919414},
{4.65011,0.550439,1.570795000294},
{4.6501,0.550411,1.570795081164},
{4.65009,0.550383,1.570795162044},
{4.65009,0.550355,1.570795242924},
{4.65008,0.550327,1.570795323804},
{4.65007,0.550299,1.570795404677},
{4.65007,0.550271,1.570795485555},
{4.65006,0.550243,1.570795566432},
{4.65005,0.550215,1.570795647309},
{4.65004,0.550187,1.570795728187},
{4.65004,0.550158,1.570795809064},
{4.65003,0.55013,1.570795889942},
{4.65002,0.550102,1.570795970819},
{4.65002,0.550074,1.570796051696},
{4.65001,0.550046,1.570796132574},
{4.65,0.550018,1.570796213451},
{4.65,0.54999,1.570796294329},
{4.65002,0.550103,1.570795973501},
{4.65002,0.550091,1.570796015135},
{4.65002,0.550079,1.570796056769},
{4.65002,0.550067,1.570796098403},
{4.65001,0.550055,1.570796140037},
{4.65001,0.550044,1.570796181671},
{4.65001,0.550032,1.570796223305},
{4.65,0.55002,1.570796264939},
{4.65,0.550008,1.570796306573},
{4.65,0.549996,1.570796348207},
{4.65,0.549985,1.570796389841},
{4.64999,0.549973,1.570796431475},
{4.64999,0.549961,1.570796473109},
{4.65,0.550009,1.57079630368},
{4.65,0.550006,1.570796310894},
{4.65,0.550003,1.5707963181055},
{4.65,0.550001,1.5707963253163},
{4.65,0.549998,1.5707963325271},
{4.65,0.549995,1.570796339737},
{4.65,0.549992,1.570796346948},
{4.65,0.54999,1.570796354159},
{4.65,0.549987,1.570796361370},
{4.65,0.55,1.570796326794}