{2.706,2.156,-2.74},
{2.70598,2.156,-2.74},
{2.70596,2.156,-2.74},
{2.70595,2.156,-2.74},
{2.70587,2.156,-2.74},
{2.70584,2.156,-2.74},
{2.7058,2.156,-2.74},
{2.70577,2.156,-2.74},
{2.70574,2.156,-2.74},
{2.70571,2.156,-2.74},
{2.70568,2.156,-2.74001},
{2.70565,2.156,-2.74001},
{2.70562,2.156,-2.74001},
{2.70543,2.156,-2.74001},
{2.70537,2.156,-2.74001},
{2.70531,2.156,-2.74001},
{2.70526,2.156,-2.74002},
{2.7052,2.156,-2.74002},
{2.70514,2.156,-2.74002},
{2.70509,2.156,-2.74002},
{2.70503,2.156,-2.74002},
{2.70498,2.156,-2.74002},
{2.70492,2.156,-2.74003},
{2.70486,2.156,-2.74003},
{2.70481,2.156,-2.74003},
{2.70475,2.156,-2.74003},
{2.70469,2.15599,-2.74003},
{2.70435,2.15599,-2.74004},
{2.70426,2.15599,-2.74004},
{2.70417,2.15599,-2.74005},
{2.70408,2.15599,-2.74005},
{2.70399,2.15599,-2.74005},
{2.70391,2.15599,-2.74005},
{2.70382,2.15599,-2.74006},
{2.70373,2.15599,-2.74006},
{2.70364,2.15599,-2.74006},
{2.70355,2.15599,-2.74006},
{2.70346,2.15599,-2.74007},
{2.70337,2.15599,-2.74007},
{2.70328,2.15599,-2.74007},
{2.70319,2.15599,-2.74007},
{2.70311,2.15599,-2.74008},
{2.70302,2.15599,-2.74008},
{2.70293,2.15599,-2.74008},
{2.70284,2.15599,-2.74008},
{2.70275,2.15599,-2.74009},
{2.70222,2.15599,-2.7401},
{2.70209,2.15599,-2.74011},
{2.70196,2.15599,-2.74011},
{2.70184,2.15599,-2.74011},
{2.70171,2.15598,-2.74012},
{2.70158,2.15598,-2.74012},
{2.70145,2.15598,-2.74012},
{2.70132,2.15598,-2.74013},
{2.70119,2.15598,-2.74013},
{2.70107,2.15598,-2.74013},
{2.70094,2.15598,-2.74014},
{2.70081,2.15598,-2.74014},
{2.70068,2.15598,-2.74014},
{2.70055,2.15598,-2.74015},
{2.70043,2.15598,-2.74015},
{2.7003,2.15598,-2.74016},
{2.70017,2.15598,-2.74016},
{2.70004,2.15598,-2.74016},
{2.69991,2.15598,-2.74017},
{2.69978,2.15598,-2.74017},
{2.69966,2.15598,-2.74017},
{2.69953,2.15598,-2.74018},
{2.6994,2.15598,-2.74018},
{2.69927,2.15598,-2.74018},
{2.69914,2.15598,-2.74019},
{2.69835,2.15597,-2.74021},
{2.69818,2.15597,-2.74021},
{2.698,2.15597,-2.74022},
{2.69783,2.15597,-2.74022},
{2.69766,2.15597,-2.74023},
{2.69748,2.15597,-2.74023},
{2.69731,2.15597,-2.74024},
{2.69714,2.15597,-2.74024},
{2.69696,2.15597,-2.74025},
{2.69679,2.15597,-2.74025},
{2.69662,2.15597,-2.74026},
{2.69644,2.15597,-2.74026},
{2.69627,2.15597,-2.74026},
{2.6961,2.15597,-2.74027},
{2.69592,2.15597,-2.74027},
{2.69575,2.15597,-2.74028},
{2.69558,2.15597,-2.74028},
{2.6954,2.15597,-2.74029},
{2.69523,2.15597,-2.74029},
{2.69506,2.15596,-2.7403},
{2.69488,2.15596,-2.7403},
{2.69471,2.15596,-2.74031},
{2.69453,2.15596,-2.74031},
{2.69436,2.15596,-2.74032},
{2.69419,2.15596,-2.74032},
{2.69401,2.15596,-2.74032},
{2.69384,2.15596,-2.74033},
{2.69367,2.15596,-2.74033},
{2.69267,2.15596,-2.74036},
{2.69245,2.15596,-2.74037},
{2.69222,2.15596,-2.74037},
{2.692,2.15596,-2.74038},
{2.69178,2.15596,-2.74038},
{2.69155,2.15595,-2.74039},
{2.69133,2.15595,-2.74039},
{2.6911,2.15595,-2.7404},
{2.69088,2.15595,-2.7404},
{2.69066,2.15595,-2.74041},
{2.69043,2.15595,-2.74042},
{2.69021,2.15595,-2.74042},
{2.68998,2.15595,-2.74043},
{2.68976,2.15595,-2.74043},
{2.68954,2.15595,-2.74044},
{2.68931,2.15595,-2.74044},
{2.68909,2.15595,-2.74045},
{2.68886,2.15595,-2.74046},
{2.68864,2.15595,-2.74046},
{2.68842,2.15595,-2.74047},
{2.68819,2.15595,-2.74047},
{2.68797,2.15595,-2.74048},
{2.68774,2.15594,-2.74048},
{2.68752,2.15594,-2.74049},
{2.6873,2.15594,-2.74049},
{2.68707,2.15594,-2.7405},
{2.68685,2.15594,-2.74051},
{2.68662,2.15594,-2.74051},
{2.6864,2.15594,-2.74052},
{2.68618,2.15594,-2.74052},
{2.68595,2.15594,-2.74053},
{2.68573,2.15594,-2.74053},
{2.6855,2.15594,-2.74054},
{2.68528,2.15594,-2.74054},
{2.68401,2.15593,-2.74058},
{2.68373,2.15593,-2.74058},
{2.68345,2.15593,-2.74059},
{2.68317,2.15593,-2.7406},
{2.68289,2.15593,-2.7406},
{2.68261,2.15593,-2.74061},
{2.68233,2.15593,-2.74061},
{2.68205,2.15593,-2.74062},
{2.68177,2.15593,-2.74063},
{2.6815,2.15593,-2.74063},
{2.68122,2.15593,-2.74064},
{2.68094,2.15593,-2.74065},
{2.68066,2.15593,-2.74065},
{2.68038,2.15593,-2.74066},
{2.6801,2.15592,-2.74067},
{2.67982,2.15592,-2.74067},
{2.67954,2.15592,-2.74068},
{2.67926,2.15592,-2.74069},
{2.67899,2.15592,-2.74069},
{2.67871,2.15592,-2.7407},
{2.67843,2.15592,-2.7407},
{2.67815,2.15592,-2.74071},
{2.67787,2.15592,-2.74072},
{2.67759,2.15592,-2.74072},
{2.67731,2.15592,-2.74073},
{2.67703,2.15592,-2.74074},
{2.67675,2.15592,-2.74074},
{2.67647,2.15592,-2.74075},
{2.6762,2.15592,-2.74076},
{2.67592,2.15591,-2.74076},
{2.67564,2.15591,-2.74077},
{2.67536,2.15591,-2.74078},
{2.67508,2.15591,-2.74078},
{2.6748,2.15591,-2.74079},
{2.67452,2.15591,-2.7408},
{2.67424,2.15591,-2.7408},
{2.67396,2.15591,-2.74081},
{2.67369,2.15591,-2.74081},
{2.67216,2.15591,-2.74085},
{2.67182,2.1559,-2.74086},
{2.67149,2.1559,-2.74086},
{2.67115,2.1559,-2.74087},
{2.67081,2.1559,-2.74088},
{2.67047,2.1559,-2.74088},
{2.67014,2.1559,-2.74089},
{2.6698,2.1559,-2.7409},
{2.66946,2.1559,-2.74091},
{2.66912,2.1559,-2.74091},
{2.66879,2.1559,-2.74092},
{2.66845,2.1559,-2.74093},
{2.66811,2.1559,-2.74093},
{2.66777,2.1559,-2.74094},
{2.66744,2.1559,-2.74095},
{2.6671,2.15589,-2.74096},
{2.66676,2.15589,-2.74096},
{2.66642,2.15589,-2.74097},
{2.66609,2.15589,-2.74098},
{2.66575,2.15589,-2.74098},
{2.66541,2.15589,-2.74099},
{2.66507,2.15589,-2.741},
{2.66474,2.15589,-2.741},
{2.6644,2.15589,-2.74101},
{2.66406,2.15589,-2.74102},
{2.66372,2.15589,-2.74103},
{2.66339,2.15589,-2.74103},
{2.66305,2.15589,-2.74104},
{2.66271,2.15589,-2.74105},
{2.66237,2.15588,-2.74105},
{2.66204,2.15588,-2.74106},
{2.6617,2.15588,-2.74107},
{2.66136,2.15588,-2.74107},
{2.66103,2.15588,-2.74108},
{2.66069,2.15588,-2.74109},
{2.66035,2.15588,-2.7411},
{2.66001,2.15588,-2.7411},
{2.65968,2.15588,-2.74111},
{2.65934,2.15588,-2.74112},
{2.659,2.15588,-2.74112},
{2.65866,2.15588,-2.74113},
{2.65833,2.15588,-2.74114},
{2.65799,2.15588,-2.74114},
{2.65619,2.15587,-2.74118},
{2.65579,2.15587,-2.74119},
{2.65539,2.15587,-2.7412},
{2.65499,2.15587,-2.7412},
{2.65459,2.15587,-2.74121},
{2.65419,2.15587,-2.74122},
{2.65379,2.15587,-2.74123},
{2.6534,2.15587,-2.74123},
{2.653,2.15587,-2.74124},
{2.6526,2.15587,-2.74125},
{2.6522,2.15587,-2.74126},
{2.6518,2.15586,-2.74126},
{2.6514,2.15586,-2.74127},
{2.651,2.15586,-2.74128},
{2.65061,2.15586,-2.74129},
{2.65021,2.15586,-2.74129},
{2.64981,2.15586,-2.7413},
{2.64941,2.15586,-2.74131},
{2.64901,2.15586,-2.74131},
{2.64861,2.15586,-2.74132},
{2.64821,2.15586,-2.74133},
{2.64782,2.15586,-2.74134},
{2.64742,2.15586,-2.74134},
{2.64702,2.15586,-2.74135},
{2.64662,2.15586,-2.74136},
{2.64622,2.15585,-2.74137},
{2.64582,2.15585,-2.74137},
{2.64542,2.15585,-2.74138},
{2.64503,2.15585,-2.74139},
{2.64463,2.15585,-2.7414},
{2.64423,2.15585,-2.7414},
{2.64383,2.15585,-2.74141},
{2.64343,2.15585,-2.74142},
{2.64303,2.15585,-2.74143},
{2.64263,2.15585,-2.74143},
{2.64224,2.15585,-2.74144},
{2.64184,2.15585,-2.74145},
{2.64144,2.15585,-2.74145},
{2.64104,2.15585,-2.74146},
{2.64064,2.15585,-2.74147},
{2.64024,2.15584,-2.74148},
{2.63984,2.15584,-2.74148},
{2.63945,2.15584,-2.74149},
{2.63905,2.15584,-2.7415},
{2.63865,2.15584,-2.74151},
{2.63825,2.15584,-2.74151},
{2.63785,2.15584,-2.74152},
{2.6358,2.15584,-2.74156},
{2.63534,2.15584,-2.74157},
{2.63488,2.15584,-2.74157},
{2.63442,2.15583,-2.74158},
{2.63396,2.15583,-2.74159},
{2.6335,2.15583,-2.7416},
{2.63303,2.15583,-2.7416},
{2.63257,2.15583,-2.74161},
{2.63211,2.15583,-2.74162},
{2.63165,2.15583,-2.74163},
{2.63119,2.15583,-2.74163},
{2.63073,2.15583,-2.74164},
{2.63027,2.15583,-2.74165},
{2.6298,2.15583,-2.74165},
{2.62934,2.15583,-2.74166},
{2.62888,2.15583,-2.74167},
{2.62842,2.15583,-2.74168},
{2.62796,2.15583,-2.74168},
{2.6275,2.15582,-2.74169},
{2.62704,2.15582,-2.7417},
{2.62657,2.15582,-2.74171},
{2.62611,2.15582,-2.74171},
{2.62565,2.15582,-2.74172},
{2.62519,2.15582,-2.74173},
{2.62473,2.15582,-2.74174},
{2.62427,2.15582,-2.74174},
{2.62381,2.15582,-2.74175},
{2.62334,2.15582,-2.74176},
{2.62288,2.15582,-2.74176},
{2.62242,2.15582,-2.74177},
{2.62196,2.15582,-2.74178},
{2.6215,2.15582,-2.74179},
{2.62104,2.15582,-2.74179},
{2.62058,2.15581,-2.7418},
{2.62011,2.15581,-2.74181},
{2.61965,2.15581,-2.74182},
{2.61919,2.15581,-2.74182},
{2.61873,2.15581,-2.74183},
{2.61827,2.15581,-2.74184},
{2.61781,2.15581,-2.74185},
{2.61735,2.15581,-2.74185},
{2.61689,2.15581,-2.74186},
{2.61642,2.15581,-2.74187},
{2.61596,2.15581,-2.74188},
{2.6155,2.15581,-2.74188},
{2.61504,2.15581,-2.74189},
{2.61458,2.15581,-2.7419},
{2.61412,2.15581,-2.7419},
{2.61366,2.15581,-2.74191},
{2.61319,2.1558,-2.74192},
{2.61273,2.1558,-2.74193},
{2.61047,2.1558,-2.74196},
{2.60994,2.1558,-2.74197},
{2.60942,2.1558,-2.74198},
{2.60889,2.1558,-2.74198},
{2.60837,2.1558,-2.74199},
{2.60784,2.1558,-2.742},
{2.60732,2.1558,-2.74201},
{2.60679,2.1558,-2.74201},
{2.60627,2.1558,-2.74202},
{2.60574,2.1558,-2.74203},
{2.60522,2.15579,-2.74203},
{2.60469,2.15579,-2.74204},
{2.60417,2.15579,-2.74205},
{2.60364,2.15579,-2.74205},
{2.60312,2.15579,-2.74206},
{2.60259,2.15579,-2.74207},
{2.60207,2.15579,-2.74208},
{2.60154,2.15579,-2.74208},
{2.60102,2.15579,-2.74209},
{2.60049,2.15579,-2.7421},
{2.59997,2.15579,-2.7421},
{2.59944,2.15579,-2.74211},
{2.59892,2.15579,-2.74212},
{2.59839,2.15579,-2.74213},
{2.59787,2.15579,-2.74213},
{2.59734,2.15579,-2.74214},
{2.59682,2.15579,-2.74215},
{2.5963,2.15578,-2.74215},
{2.59577,2.15578,-2.74216},
{2.59525,2.15578,-2.74217},
{2.59472,2.15578,-2.74217},
{2.5942,2.15578,-2.74218},
{2.59367,2.15578,-2.74219},
{2.59315,2.15578,-2.7422},
{2.59262,2.15578,-2.7422},
{2.5921,2.15578,-2.74221},
{2.59157,2.15578,-2.74222},
{2.59105,2.15578,-2.74222},
{2.59052,2.15578,-2.74223},
{2.59,2.15578,-2.74224},
{2.58947,2.15578,-2.74225},
{2.58895,2.15578,-2.74225},
{2.58842,2.15578,-2.74226},
{2.5879,2.15578,-2.74227},
{2.58737,2.15577,-2.74227},
{2.58685,2.15577,-2.74228},
{2.58632,2.15577,-2.74229},
{2.5858,2.15577,-2.7423},
{2.58527,2.15577,-2.7423},
{2.58475,2.15577,-2.74231},
{2.58422,2.15577,-2.74232},
{2.5837,2.15577,-2.74232},
{2.58317,2.15577,-2.74233},
{2.58265,2.15577,-2.74234},
{2.58212,2.15577,-2.74234},
{2.57966,2.15577,-2.74238},
{2.57908,2.15577,-2.74238},
{2.57849,2.15577,-2.74239},
{2.5779,2.15576,-2.7424},
{2.57731,2.15576,-2.7424},
{2.57672,2.15576,-2.74241},
{2.57614,2.15576,-2.74242},
{2.57555,2.15576,-2.74242},
{2.57496,2.15576,-2.74243},
{2.57437,2.15576,-2.74244},
{2.57378,2.15576,-2.74244},
{2.5732,2.15576,-2.74245},
{2.57261,2.15576,-2.74246},
{2.57202,2.15576,-2.74246},
{2.57143,2.15576,-2.74247},
{2.57084,2.15576,-2.74247},
{2.57026,2.15576,-2.74248},
{2.56967,2.15576,-2.74249},
{2.56908,2.15576,-2.74249},
{2.56849,2.15576,-2.7425},
{2.5679,2.15576,-2.74251},
{2.56732,2.15576,-2.74251},
{2.56673,2.15576,-2.74252},
{2.56614,2.15576,-2.74253},
{2.56555,2.15576,-2.74253},
{2.56497,2.15575,-2.74254},
{2.56438,2.15575,-2.74255},
{2.56379,2.15575,-2.74255},
{2.5632,2.15575,-2.74256},
{2.56261,2.15575,-2.74257},
{2.56203,2.15575,-2.74257},
{2.56144,2.15575,-2.74258},
{2.56085,2.15575,-2.74258},
{2.56026,2.15575,-2.74259},
{2.55967,2.15575,-2.7426},
{2.55909,2.15575,-2.7426},
{2.5585,2.15575,-2.74261},
{2.55791,2.15575,-2.74262},
{2.55732,2.15575,-2.74262},
{2.55673,2.15575,-2.74263},
{2.55615,2.15575,-2.74264},
{2.55556,2.15575,-2.74264},
{2.55497,2.15575,-2.74265},
{2.55438,2.15575,-2.74266},
{2.55379,2.15575,-2.74266},
{2.55321,2.15575,-2.74267},
{2.55262,2.15575,-2.74267},
{2.55203,2.15574,-2.74268},
{2.55144,2.15574,-2.74269},
{2.55085,2.15574,-2.74269},
{2.55027,2.15574,-2.7427},
{2.54968,2.15574,-2.74271},
{2.54909,2.15574,-2.74271},
{2.5485,2.15574,-2.74272},
{2.54792,2.15574,-2.74273},
{2.54733,2.15574,-2.74273},
{2.54674,2.15574,-2.74274},
{2.54615,2.15574,-2.74275},
{2.54556,2.15574,-2.74275},
{2.54293,2.15574,-2.74278},
{2.54228,2.15574,-2.74279},
{2.54163,2.15574,-2.74279},
{2.54098,2.15574,-2.7428},
{2.54033,2.15574,-2.7428},
{2.53968,2.15574,-2.74281},
{2.53903,2.15574,-2.74281},
{2.53838,2.15574,-2.74282},
{2.53773,2.15574,-2.74283},
{2.53708,2.15574,-2.74283},
{2.53643,2.15573,-2.74284},
{2.53578,2.15573,-2.74284},
{2.53513,2.15573,-2.74285},
{2.53448,2.15573,-2.74285},
{2.53383,2.15573,-2.74286},
{2.53318,2.15573,-2.74287},
{2.53253,2.15573,-2.74287},
{2.53188,2.15573,-2.74288},
{2.53123,2.15573,-2.74288},
{2.53058,2.15573,-2.74289},
{2.52993,2.15573,-2.74289},
{2.52928,2.15573,-2.7429},
{2.52864,2.15573,-2.74291},
{2.52799,2.15573,-2.74291},
{2.52734,2.15573,-2.74292},
{2.52669,2.15573,-2.74292},
{2.52604,2.15573,-2.74293},
{2.52539,2.15573,-2.74293},
{2.52474,2.15573,-2.74294},
{2.52409,2.15573,-2.74295},
{2.52344,2.15573,-2.74295},
{2.52279,2.15573,-2.74296},
{2.52214,2.15573,-2.74296},
{2.52149,2.15573,-2.74297},
{2.52084,2.15573,-2.74297},
{2.52019,2.15573,-2.74298},
{2.51954,2.15573,-2.74299},
{2.51889,2.15573,-2.74299},
{2.51824,2.15573,-2.743},
{2.51759,2.15573,-2.743},
{2.51694,2.15573,-2.74301},
{2.51629,2.15573,-2.74301},
{2.51564,2.15572,-2.74302},
{2.51499,2.15572,-2.74302},
{2.51434,2.15572,-2.74303},
{2.51369,2.15572,-2.74304},
{2.51304,2.15572,-2.74304},
{2.51239,2.15572,-2.74305},
{2.51175,2.15572,-2.74305},
{2.5111,2.15572,-2.74306},
{2.51045,2.15572,-2.74306},
{2.5098,2.15572,-2.74307},
{2.50915,2.15572,-2.74308},
{2.5085,2.15572,-2.74308},
{2.50785,2.15572,-2.74309},
{2.5072,2.15572,-2.74309},
{2.50655,2.15572,-2.7431},
{2.5059,2.15572,-2.7431},
{2.50525,2.15572,-2.74311},
{2.5046,2.15572,-2.74312},
{2.50395,2.15572,-2.74312},
{2.5033,2.15572,-2.74313},
{2.50056,2.15572,-2.74315},
{2.49985,2.15572,-2.74315},
{2.49914,2.15572,-2.74316},
{2.49843,2.15572,-2.74316},
{2.49772,2.15572,-2.74317},
{2.49702,2.15572,-2.74317},
{2.49631,2.15572,-2.74318},
{2.4956,2.15572,-2.74318},
{2.49489,2.15572,-2.74319},
{2.49418,2.15572,-2.74319},
{2.49347,2.15572,-2.7432},
{2.49276,2.15572,-2.7432},
{2.49205,2.15572,-2.74321},
{2.49134,2.15572,-2.74321},
{2.49064,2.15572,-2.74322},
{2.48993,2.15572,-2.74322},
{2.48922,2.15572,-2.74323},
{2.48851,2.15572,-2.74323},
{2.4878,2.15572,-2.74323},
{2.48709,2.15572,-2.74324},
{2.48638,2.15572,-2.74324},
{2.48567,2.15572,-2.74325},
{2.48496,2.15572,-2.74325},
{2.48426,2.15572,-2.74326},
{2.48355,2.15572,-2.74326},
{2.48284,2.15571,-2.74327},
{2.48213,2.15571,-2.74327},
{2.48142,2.15571,-2.74328},
{2.48071,2.15571,-2.74328},
{2.48,2.15571,-2.74329},
{2.47929,2.15571,-2.74329},
{2.47858,2.15571,-2.7433},
{2.47787,2.15571,-2.7433},
{2.47717,2.15571,-2.74331},
{2.47646,2.15571,-2.74331},
{2.47575,2.15571,-2.74331},
{2.47504,2.15571,-2.74332},
{2.47433,2.15571,-2.74332},
{2.47362,2.15571,-2.74333},
{2.47291,2.15571,-2.74333},
{2.4722,2.15571,-2.74334},
{2.47149,2.15571,-2.74334},
{2.47079,2.15571,-2.74335},
{2.47008,2.15571,-2.74335},
{2.46937,2.15571,-2.74336},
{2.46866,2.15571,-2.74336},
{2.46795,2.15571,-2.74337},
{2.46724,2.15571,-2.74337},
{2.46653,2.15571,-2.74338},
{2.46582,2.15571,-2.74338},
{2.46511,2.15571,-2.74338},
{2.46441,2.15571,-2.74339},
{2.4637,2.15571,-2.74339},
{2.46299,2.15571,-2.7434},
{2.46228,2.15571,-2.7434},
{2.46157,2.15571,-2.74341},
{2.46086,2.15571,-2.74341},
{2.46015,2.15571,-2.74342},
{2.45944,2.15571,-2.74342},
{2.45873,2.15571,-2.74343},
{2.45803,2.15571,-2.74343},
{2.45732,2.15571,-2.74344},
{2.45661,2.15571,-2.74344},
{2.4559,2.15571,-2.74345},
{2.45519,2.15571,-2.74345},
{2.45241,2.15571,-2.74347},
{2.45164,2.15571,-2.74347},
{2.45088,2.15571,-2.74348},
{2.45011,2.15571,-2.74348},
{2.44935,2.15571,-2.74348},
{2.44858,2.15571,-2.74349},
{2.44782,2.15571,-2.74349},
{2.44705,2.15571,-2.74349},
{2.44629,2.15571,-2.7435},
{2.44552,2.15571,-2.7435},
{2.44476,2.15571,-2.74351},
{2.44399,2.15571,-2.74351},
{2.44323,2.15571,-2.74351},
{2.44246,2.15571,-2.74352},
{2.4417,2.15571,-2.74352},
{2.44093,2.15571,-2.74352},
{2.44017,2.15571,-2.74353},
{2.4394,2.15571,-2.74353},
{2.43864,2.15571,-2.74354},
{2.43787,2.15571,-2.74354},
{2.43711,2.15571,-2.74354},
{2.43634,2.15571,-2.74355},
{2.43558,2.15571,-2.74355},
{2.43481,2.15571,-2.74355},
{2.43405,2.15571,-2.74356},
{2.43328,2.15571,-2.74356},
{2.43252,2.15571,-2.74357},
{2.43175,2.15571,-2.74357},
{2.43099,2.15571,-2.74357},
{2.43023,2.15571,-2.74358},
{2.42946,2.15571,-2.74358},
{2.4287,2.15571,-2.74358},
{2.42793,2.15571,-2.74359},
{2.42717,2.15571,-2.74359},
{2.4264,2.15571,-2.74359},
{2.42564,2.15571,-2.7436},
{2.42487,2.15571,-2.7436},
{2.42411,2.15571,-2.74361},
{2.42334,2.15571,-2.74361},
{2.42258,2.15571,-2.74361},
{2.42181,2.15571,-2.74362},
{2.42105,2.15571,-2.74362},
{2.42028,2.15571,-2.74362},
{2.41952,2.15571,-2.74363},
{2.41875,2.15571,-2.74363},
{2.41799,2.15571,-2.74364},
{2.41722,2.15571,-2.74364},
{2.41646,2.15571,-2.74364},
{2.41569,2.15571,-2.74365},
{2.41493,2.15571,-2.74365},
{2.41416,2.15571,-2.74365},
{2.4134,2.15571,-2.74366},
{2.41263,2.15571,-2.74366},
{2.41187,2.15571,-2.74367},
{2.4111,2.15571,-2.74367},
{2.41034,2.15571,-2.74367},
{2.40958,2.15571,-2.74368},
{2.40881,2.15571,-2.74368},
{2.40805,2.15572,-2.74368},
{2.40728,2.15572,-2.74369},
{2.40652,2.15572,-2.74369},
{2.40575,2.15572,-2.74369},
{2.40499,2.15572,-2.7437},
{2.40422,2.15572,-2.7437},
{2.40346,2.15572,-2.74371},
{2.40269,2.15572,-2.74371},
{2.40193,2.15572,-2.74371},
{2.40116,2.15572,-2.74372},
{2.4004,2.15572,-2.74372},
{2.39756,2.15572,-2.74373},
{2.39675,2.15572,-2.74374},
{2.39593,2.15572,-2.74374},
{2.39511,2.15572,-2.74374},
{2.3943,2.15572,-2.74374},
{2.39348,2.15572,-2.74375},
{2.39266,2.15572,-2.74375},
{2.39185,2.15572,-2.74375},
{2.39103,2.15572,-2.74376},
{2.39021,2.15572,-2.74376},
{2.3894,2.15572,-2.74376},
{2.38858,2.15572,-2.74376},
{2.38776,2.15572,-2.74377},
{2.38695,2.15572,-2.74377},
{2.38613,2.15572,-2.74377},
{2.38531,2.15572,-2.74377},
{2.3845,2.15572,-2.74378},
{2.38368,2.15572,-2.74378},
{2.38286,2.15572,-2.74378},
{2.38205,2.15572,-2.74378},
{2.38123,2.15572,-2.74379},
{2.38041,2.15572,-2.74379},
{2.3796,2.15572,-2.74379},
{2.37878,2.15572,-2.7438},
{2.37797,2.15572,-2.7438},
{2.37715,2.15572,-2.7438},
{2.37633,2.15572,-2.7438},
{2.37552,2.15572,-2.74381},
{2.3747,2.15572,-2.74381},
{2.37388,2.15572,-2.74381},
{2.37307,2.15572,-2.74381},
{2.37225,2.15572,-2.74382},
{2.37143,2.15572,-2.74382},
{2.37062,2.15572,-2.74382},
{2.3698,2.15572,-2.74383},
{2.36898,2.15573,-2.74383},
{2.36817,2.15573,-2.74383},
{2.36735,2.15573,-2.74383},
{2.36653,2.15573,-2.74384},
{2.36572,2.15573,-2.74384},
{2.3649,2.15573,-2.74384},
{2.36408,2.15573,-2.74384},
{2.36327,2.15573,-2.74385},
{2.36245,2.15573,-2.74385},
{2.36163,2.15573,-2.74385},
{2.36082,2.15573,-2.74386},
{2.36,2.15573,-2.74386},
{2.35918,2.15573,-2.74386},
{2.35837,2.15573,-2.74386},
{2.35755,2.15573,-2.74387},
{2.35674,2.15573,-2.74387},
{2.35592,2.15573,-2.74387},
{2.3551,2.15573,-2.74387},
{2.35429,2.15573,-2.74388},
{2.35347,2.15573,-2.74388},
{2.35265,2.15573,-2.74388},
{2.35184,2.15573,-2.74388},
{2.35102,2.15573,-2.74389},
{2.3502,2.15573,-2.74389},
{2.34939,2.15573,-2.74389},
{2.34857,2.15573,-2.7439},
{2.34775,2.15573,-2.7439},
{2.34694,2.15573,-2.7439},
{2.34612,2.15573,-2.7439},
{2.3453,2.15573,-2.74391},
{2.34449,2.15573,-2.74391},
{2.34367,2.15573,-2.74391},
{2.34285,2.15573,-2.74391},
{2.34204,2.15573,-2.74392},
{2.34122,2.15573,-2.74392},
{2.33847,2.15573,-2.74393},
{2.33761,2.15573,-2.74393},
{2.33675,2.15574,-2.74393},
{2.33588,2.15574,-2.74393},
{2.33502,2.15574,-2.74394},
{2.33416,2.15574,-2.74394},
{2.33329,2.15574,-2.74394},
{2.33243,2.15574,-2.74394},
{2.33157,2.15574,-2.74394},
{2.33071,2.15574,-2.74395},
{2.32984,2.15574,-2.74395},
{2.32898,2.15574,-2.74395},
{2.32812,2.15574,-2.74395},
{2.32725,2.15574,-2.74395},
{2.32639,2.15574,-2.74396},
{2.32553,2.15574,-2.74396},
{2.32466,2.15574,-2.74396},
{2.3238,2.15574,-2.74396},
{2.32294,2.15574,-2.74396},
{2.32207,2.15574,-2.74396},
{2.32121,2.15574,-2.74397},
{2.32035,2.15574,-2.74397},
{2.31948,2.15574,-2.74397},
{2.31862,2.15574,-2.74397},
{2.31776,2.15574,-2.74397},
{2.31689,2.15574,-2.74398},
{2.31603,2.15574,-2.74398},
{2.31517,2.15574,-2.74398},
{2.3143,2.15574,-2.74398},
{2.31344,2.15574,-2.74398},
{2.31258,2.15575,-2.74399},
{2.31172,2.15575,-2.74399},
{2.31085,2.15575,-2.74399},
{2.30999,2.15575,-2.74399},
{2.30913,2.15575,-2.74399},
{2.30826,2.15575,-2.74399},
{2.3074,2.15575,-2.744},
{2.30654,2.15575,-2.744},
{2.30567,2.15575,-2.744},
{2.30481,2.15575,-2.744},
{2.30395,2.15575,-2.744},
{2.30308,2.15575,-2.74401},
{2.30222,2.15575,-2.74401},
{2.30136,2.15575,-2.74401},
{2.30049,2.15575,-2.74401},
{2.29963,2.15575,-2.74401},
{2.29877,2.15575,-2.74401},
{2.2979,2.15575,-2.74402},
{2.29704,2.15575,-2.74402},
{2.29618,2.15575,-2.74402},
{2.29531,2.15575,-2.74402},
{2.29445,2.15575,-2.74402},
{2.29359,2.15575,-2.74403},
{2.29272,2.15575,-2.74403},
{2.29186,2.15575,-2.74403},
{2.291,2.15575,-2.74403},
{2.29014,2.15575,-2.74403},
{2.28927,2.15576,-2.74404},
{2.28841,2.15576,-2.74404},
{2.28755,2.15576,-2.74404},
{2.28668,2.15576,-2.74404},
{2.28582,2.15576,-2.74404},
{2.28496,2.15576,-2.74404},
{2.28409,2.15576,-2.74405},
{2.28323,2.15576,-2.74405},
{2.28237,2.15576,-2.74405},
{2.2815,2.15576,-2.74405},
{2.28064,2.15576,-2.74405},
{2.27978,2.15576,-2.74406},
{2.27891,2.15576,-2.74406},
{2.27805,2.15576,-2.74406},
{2.27719,2.15576,-2.74406},
{2.27632,2.15576,-2.74406},
{2.27546,2.15576,-2.74407},
{2.27278,2.15576,-2.74407},
{2.27188,2.15576,-2.74407},
{2.27097,2.15576,-2.74407},
{2.27007,2.15576,-2.74407},
{2.26916,2.15576,-2.74407},
{2.26826,2.15576,-2.74408},
{2.26736,2.15577,-2.74408},
{2.26645,2.15577,-2.74408},
{2.26555,2.15577,-2.74408},
{2.26464,2.15577,-2.74408},
{2.26374,2.15577,-2.74408},
{2.26284,2.15577,-2.74408},
{2.26193,2.15577,-2.74408},
{2.26103,2.15577,-2.74408},
{2.26012,2.15577,-2.74409},
{2.25922,2.15577,-2.74409},
{2.25832,2.15577,-2.74409},
{2.25741,2.15577,-2.74409},
{2.25651,2.15577,-2.74409},
{2.2556,2.15577,-2.74409},
{2.2547,2.15577,-2.74409},
{2.2538,2.15577,-2.74409},
{2.25289,2.15577,-2.7441},
{2.25199,2.15577,-2.7441},
{2.25108,2.15577,-2.7441},
{2.25018,2.15577,-2.7441},
{2.24928,2.15577,-2.7441},
{2.24837,2.15578,-2.7441},
{2.24747,2.15578,-2.7441},
{2.24656,2.15578,-2.7441},
{2.24566,2.15578,-2.7441},
{2.24476,2.15578,-2.74411},
{2.24385,2.15578,-2.74411},
{2.24295,2.15578,-2.74411},
{2.24204,2.15578,-2.74411},
{2.24114,2.15578,-2.74411},
{2.24024,2.15578,-2.74411},
{2.23933,2.15578,-2.74411},
{2.23843,2.15578,-2.74411},
{2.23752,2.15578,-2.74411},
{2.23662,2.15578,-2.74412},
{2.23572,2.15578,-2.74412},
{2.23481,2.15578,-2.74412},
{2.23391,2.15578,-2.74412},
{2.233,2.15578,-2.74412},
{2.2321,2.15578,-2.74412},
{2.2312,2.15578,-2.74412},
{2.23029,2.15578,-2.74412},
{2.22939,2.15578,-2.74412},
{2.22848,2.15579,-2.74413},
{2.22758,2.15579,-2.74413},
{2.22668,2.15579,-2.74413},
{2.22577,2.15579,-2.74413},
{2.22487,2.15579,-2.74413},
{2.22396,2.15579,-2.74413},
{2.22306,2.15579,-2.74413},
{2.22216,2.15579,-2.74413},
{2.22125,2.15579,-2.74413},
{2.22035,2.15579,-2.74414},
{2.21944,2.15579,-2.74414},
{2.21854,2.15579,-2.74414},
{2.21764,2.15579,-2.74414},
{2.21673,2.15579,-2.74414},
{2.21583,2.15579,-2.74414},
{2.21492,2.15579,-2.74414},
{2.21402,2.15579,-2.74414},
{2.21311,2.15579,-2.74415},
{2.21221,2.15579,-2.74415},
{2.21131,2.15579,-2.74415},
{2.2104,2.15579,-2.74415},
{2.2095,2.1558,-2.74415},
{2.20859,2.1558,-2.74415},
{2.20769,2.1558,-2.74415},
{2.20679,2.1558,-2.74415},
{2.20588,2.1558,-2.74415},
{2.20336,2.1558,-2.74416},
{2.20243,2.1558,-2.74416},
{2.20149,2.1558,-2.74416},
{2.20055,2.1558,-2.74416},
{2.19961,2.1558,-2.74416},
{2.19867,2.1558,-2.74416},
{2.19773,2.1558,-2.74416},
{2.1968,2.1558,-2.74416},
{2.19586,2.1558,-2.74416},
{2.19492,2.1558,-2.74416},
{2.19398,2.1558,-2.74416},
{2.19304,2.1558,-2.74416},
{2.1921,2.1558,-2.74416},
{2.19117,2.15581,-2.74417},
{2.19023,2.15581,-2.74417},
{2.18929,2.15581,-2.74417},
{2.18835,2.15581,-2.74417},
{2.18741,2.15581,-2.74417},
{2.18647,2.15581,-2.74417},
{2.18554,2.15581,-2.74417},
{2.1846,2.15581,-2.74417},
{2.18366,2.15581,-2.74417},
{2.18272,2.15581,-2.74417},
{2.18178,2.15581,-2.74417},
{2.18084,2.15581,-2.74417},
{2.17991,2.15581,-2.74417},
{2.17897,2.15581,-2.74417},
{2.17803,2.15581,-2.74417},
{2.17709,2.15581,-2.74417},
{2.17615,2.15581,-2.74418},
{2.17521,2.15581,-2.74418},
{2.17428,2.15581,-2.74418},
{2.17334,2.15582,-2.74418},
{2.1724,2.15582,-2.74418},
{2.17146,2.15582,-2.74418},
{2.17052,2.15582,-2.74418},
{2.16958,2.15582,-2.74418},
{2.16865,2.15582,-2.74418},
{2.16771,2.15582,-2.74418},
{2.16677,2.15582,-2.74418},
{2.16583,2.15582,-2.74418},
{2.16489,2.15582,-2.74418},
{2.16395,2.15582,-2.74418},
{2.16302,2.15582,-2.74418},
{2.16208,2.15582,-2.74418},
{2.16114,2.15582,-2.74419},
{2.1602,2.15582,-2.74419},
{2.15926,2.15582,-2.74419},
{2.15832,2.15582,-2.74419},
{2.15739,2.15582,-2.74419},
{2.15645,2.15582,-2.74419},
{2.15551,2.15583,-2.74419},
{2.15457,2.15583,-2.74419},
{2.15363,2.15583,-2.74419},
{2.15269,2.15583,-2.74419},
{2.15176,2.15583,-2.74419},
{2.15082,2.15583,-2.74419},
{2.14988,2.15583,-2.74419},
{2.14894,2.15583,-2.74419},
{2.148,2.15583,-2.74419},
{2.14706,2.15583,-2.74419},
{2.14613,2.15583,-2.7442},
{2.14519,2.15583,-2.7442},
{2.14425,2.15583,-2.7442},
{2.14331,2.15583,-2.7442},
{2.14237,2.15583,-2.7442},
{2.14143,2.15583,-2.7442},
{2.1405,2.15583,-2.7442},
{2.13956,2.15583,-2.7442},
{2.13862,2.15583,-2.7442},
{2.13768,2.15584,-2.7442},
{2.13674,2.15584,-2.7442},
{2.1358,2.15584,-2.7442},
{2.13487,2.15584,-2.7442},
{2.13393,2.15584,-2.7442},
{2.13299,2.15584,-2.7442},
{2.13205,2.15584,-2.7442},
{2.12973,2.15584,-2.74421},
{2.12877,2.15584,-2.74421},
{2.1278,2.15584,-2.74421},
{2.12684,2.15584,-2.74421},
{2.12587,2.15584,-2.74421},
{2.12491,2.15584,-2.74421},
{2.12394,2.15584,-2.74421},
{2.12298,2.15584,-2.74421},
{2.12201,2.15584,-2.74421},
{2.12104,2.15585,-2.74421},
{2.12008,2.15585,-2.74421},
{2.11911,2.15585,-2.74421},
{2.11815,2.15585,-2.74421},
{2.11718,2.15585,-2.74421},
{2.11622,2.15585,-2.74421},
{2.11525,2.15585,-2.74421},
{2.11428,2.15585,-2.74421},
{2.11332,2.15585,-2.74421},
{2.11235,2.15585,-2.74421},
{2.11139,2.15585,-2.74421},
{2.11042,2.15585,-2.74421},
{2.10946,2.15585,-2.74421},
{2.10849,2.15585,-2.74421},
{2.10753,2.15585,-2.74421},
{2.10656,2.15585,-2.74421},
{2.10559,2.15585,-2.74421},
{2.10463,2.15585,-2.74421},
{2.10366,2.15586,-2.74421},
{2.1027,2.15586,-2.74421},
{2.10173,2.15586,-2.74421},
{2.10077,2.15586,-2.74421},
{2.0998,2.15586,-2.74421},
{2.09883,2.15586,-2.74421},
{2.09787,2.15586,-2.74421},
{2.0969,2.15586,-2.74421},
{2.09594,2.15586,-2.74422},
{2.09497,2.15586,-2.74422},
{2.09401,2.15586,-2.74422},
{2.09304,2.15586,-2.74422},
{2.09208,2.15586,-2.74422},
{2.09111,2.15586,-2.74422},
{2.09014,2.15586,-2.74422},
{2.08918,2.15586,-2.74422},
{2.08821,2.15586,-2.74422},
{2.08725,2.15587,-2.74422},
{2.08628,2.15587,-2.74422},
{2.08532,2.15587,-2.74422},
{2.08435,2.15587,-2.74422},
{2.08338,2.15587,-2.74422},
{2.08242,2.15587,-2.74422},
{2.08145,2.15587,-2.74422},
{2.08049,2.15587,-2.74422},
{2.07952,2.15587,-2.74422},
{2.07856,2.15587,-2.74422},
{2.07759,2.15587,-2.74422},
{2.07663,2.15587,-2.74422},
{2.07566,2.15587,-2.74422},
{2.07469,2.15587,-2.74422},
{2.07373,2.15587,-2.74422},
{2.07276,2.15587,-2.74422},
{2.0718,2.15587,-2.74422},
{2.07083,2.15587,-2.74422},
{2.06987,2.15588,-2.74422},
{2.0689,2.15588,-2.74422},
{2.06793,2.15588,-2.74422},
{2.06697,2.15588,-2.74422},
{2.066,2.15588,-2.74422},
{2.06504,2.15588,-2.74422},
{2.06407,2.15588,-2.74422},
{2.06311,2.15588,-2.74422},
{2.06214,2.15588,-2.74422},
{2.06118,2.15588,-2.74422},
{2.06021,2.15588,-2.74423},
{2.05924,2.15588,-2.74423},
{2.05828,2.15588,-2.74423},
{2.05731,2.15588,-2.74423},
{2.05635,2.15588,-2.74423},
{2.05538,2.15588,-2.74423},
{2.05332,2.15589,-2.74423},
{2.05233,2.15589,-2.74423},
{2.05135,2.15589,-2.74423},
{2.05036,2.15589,-2.74423},
{2.04938,2.15589,-2.74423},
{2.04839,2.15589,-2.74423},
{2.0474,2.15589,-2.74423},
{2.04642,2.15589,-2.74423},
{2.04543,2.15589,-2.74423},
{2.04445,2.15589,-2.74423},
{2.04346,2.15589,-2.74423},
{2.04248,2.15589,-2.74423},
{2.04149,2.15589,-2.74423},
{2.04051,2.15589,-2.74423},
{2.03952,2.15589,-2.74423},
{2.03854,2.15589,-2.74423},
{2.03755,2.15589,-2.74423},
{2.03657,2.1559,-2.74423},
{2.03558,2.1559,-2.74423},
{2.03459,2.1559,-2.74423},
{2.03361,2.1559,-2.74423},
{2.03262,2.1559,-2.74423},
{2.03164,2.1559,-2.74423},
{2.03065,2.1559,-2.74423},
{2.02967,2.1559,-2.74423},
{2.02868,2.1559,-2.74423},
{2.0277,2.1559,-2.74423},
{2.02671,2.1559,-2.74423},
{2.02573,2.1559,-2.74423},
{2.02474,2.1559,-2.74423},
{2.02375,2.1559,-2.74423},
{2.02277,2.1559,-2.74423},
{2.02178,2.1559,-2.74423},
{2.0208,2.1559,-2.74423},
{2.01981,2.15591,-2.74423},
{2.01883,2.15591,-2.74423},
{2.01784,2.15591,-2.74423},
{2.01686,2.15591,-2.74423},
{2.01587,2.15591,-2.74423},
{2.01489,2.15591,-2.74423},
{2.0139,2.15591,-2.74423},
{2.01292,2.15591,-2.74423},
{2.01193,2.15591,-2.74423},
{2.01094,2.15591,-2.74423},
{2.00996,2.15591,-2.74423},
{2.00897,2.15591,-2.74423},
{2.00799,2.15591,-2.74423},
{2.007,2.15591,-2.74423},
{2.00602,2.15591,-2.74423},
{2.00503,2.15591,-2.74423},
{2.00405,2.15591,-2.74423},
{2.00306,2.15592,-2.74423},
{2.00208,2.15592,-2.74423},
{2.00109,2.15592,-2.74423},
{2.0001,2.15592,-2.74423},
{1.99912,2.15592,-2.74423},
{1.99813,2.15592,-2.74423},
{1.99715,2.15592,-2.74423},
{1.99616,2.15592,-2.74423},
{1.99518,2.15592,-2.74423},
{1.99419,2.15592,-2.74423},
{1.99321,2.15592,-2.74423},
{1.99222,2.15592,-2.74423},
{1.99124,2.15592,-2.74423},
{1.99025,2.15592,-2.74423},
{1.98926,2.15592,-2.74423},
{1.98828,2.15592,-2.74423},
{1.98729,2.15592,-2.74423},
{1.98631,2.15593,-2.74423},
{1.98532,2.15593,-2.74423},
{1.98434,2.15593,-2.74423},
{1.98335,2.15593,-2.74423},
{1.98237,2.15593,-2.74423},
{1.98138,2.15593,-2.74423},
{1.9804,2.15593,-2.74423},
{1.97941,2.15593,-2.74423},
{1.97843,2.15593,-2.74423},
{1.97744,2.15593,-2.74423},
{1.97645,2.15593,-2.74423},
{1.97547,2.15593,-2.74423},
{1.97368,2.15593,-2.74423},
{1.97268,2.15593,-2.74423},
{1.97168,2.15593,-2.74423},
{1.97068,2.15593,-2.74423},
{1.96969,2.15594,-2.74423},
{1.96869,2.15594,-2.74423},
{1.96769,2.15594,-2.74423},
{1.96669,2.15594,-2.74423},
{1.9657,2.15594,-2.74423},
{1.9647,2.15594,-2.74423},
{1.9637,2.15594,-2.74423},
{1.9627,2.15594,-2.74423},
{1.96171,2.15594,-2.74423},
{1.96071,2.15594,-2.74423},
{1.95971,2.15594,-2.74423},
{1.95871,2.15594,-2.74423},
{1.95772,2.15594,-2.74423},
{1.95672,2.15594,-2.74423},
{1.95572,2.15594,-2.74423},
{1.95472,2.15594,-2.74423},
{1.95373,2.15594,-2.74423},
{1.95273,2.15595,-2.74423},
{1.95173,2.15595,-2.74423},
{1.95073,2.15595,-2.74423},
{1.94974,2.15595,-2.74423},
{1.94874,2.15595,-2.74423},
{1.94774,2.15595,-2.74423},
{1.94674,2.15595,-2.74423},
{1.94575,2.15595,-2.74423},
{1.94475,2.15595,-2.74423},
{1.94375,2.15595,-2.74423},
{1.94275,2.15595,-2.74423},
{1.94176,2.15595,-2.74423},
{1.94076,2.15595,-2.74423},
{1.93976,2.15595,-2.74423},
{1.93876,2.15595,-2.74423},
{1.93777,2.15595,-2.74423},
{1.93677,2.15596,-2.74423},
{1.93577,2.15596,-2.74423},
{1.93477,2.15596,-2.74423},
{1.93378,2.15596,-2.74423},
{1.93278,2.15596,-2.74423},
{1.93178,2.15596,-2.74423},
{1.93079,2.15596,-2.74423},
{1.92979,2.15596,-2.74423},
{1.92879,2.15596,-2.74423},
{1.92779,2.15596,-2.74423},
{1.9268,2.15596,-2.74423},
{1.9258,2.15596,-2.74423},
{1.9248,2.15596,-2.74423},
{1.9238,2.15596,-2.74423},
{1.92281,2.15596,-2.74423},
{1.92181,2.15596,-2.74423},
{1.92081,2.15596,-2.74423},
{1.91981,2.15597,-2.74423},
{1.91882,2.15597,-2.74423},
{1.91782,2.15597,-2.74423},
{1.91682,2.15597,-2.74423},
{1.91582,2.15597,-2.74423},
{1.91483,2.15597,-2.74423},
{1.91383,2.15597,-2.74423},
{1.91283,2.15597,-2.74423},
{1.91183,2.15597,-2.74423},
{1.91084,2.15597,-2.74423},
{1.90984,2.15597,-2.74423},
{1.90884,2.15597,-2.74423},
{1.90784,2.15597,-2.74423},
{1.90685,2.15597,-2.74423},
{1.90585,2.15597,-2.74423},
{1.90485,2.15597,-2.74423},
{1.90385,2.15597,-2.74423},
{1.90286,2.15598,-2.74423},
{1.90186,2.15598,-2.74423},
{1.90086,2.15598,-2.74423},
{1.89986,2.15598,-2.74423},
{1.89887,2.15598,-2.74423},
{1.89787,2.15598,-2.74423},
{1.89687,2.15598,-2.74423},
{1.89587,2.15598,-2.74423},
{1.89488,2.15598,-2.74423},
{1.89339,2.15598,-2.74423},
{1.89239,2.15598,-2.74423},
{1.89139,2.15598,-2.74423},
{1.89039,2.15598,-2.74423},
{1.88939,2.15598,-2.74423},
{1.88838,2.15598,-2.74423},
{1.88738,2.15598,-2.74423},
{1.88638,2.15598,-2.74423},
{1.88538,2.15599,-2.74423},
{1.88438,2.15599,-2.74423},
{1.88338,2.15599,-2.74423},
{1.88237,2.15599,-2.74423},
{1.88137,2.15599,-2.74423},
{1.88037,2.15599,-2.74423},
{1.87937,2.15599,-2.74423},
{1.87837,2.15599,-2.74423},
{1.87737,2.15599,-2.74423},
{1.87637,2.15599,-2.74423},
{1.87536,2.15599,-2.74423},
{1.87436,2.15599,-2.74423},
{1.87336,2.15599,-2.74423},
{1.87236,2.15599,-2.74423},
{1.87136,2.15599,-2.74423},
{1.87036,2.15599,-2.74423},
{1.86936,2.15599,-2.74423},
{1.86835,2.156,-2.74423},
{1.86735,2.156,-2.74423},
{1.86635,2.156,-2.74423},
{1.86535,2.156,-2.74423},
{1.86435,2.156,-2.74423},
{1.86335,2.156,-2.74423},
{1.86234,2.156,-2.74423},
{1.86134,2.156,-2.74423},
{1.86034,2.156,-2.74423},
{1.85934,2.156,-2.74423},
{1.85834,2.156,-2.74423},
{1.85734,2.156,-2.74423},
{1.85634,2.156,-2.74423},
{1.85533,2.156,-2.74423},
{1.85433,2.156,-2.74423},
{1.85333,2.156,-2.74423},
{1.85233,2.156,-2.74423},
{1.85133,2.156,-2.74423},
{1.85033,2.15601,-2.74423},
{1.84933,2.15601,-2.74423},
{1.84832,2.15601,-2.74423},
{1.84732,2.15601,-2.74423},
{1.84632,2.15601,-2.74423},
{1.84532,2.15601,-2.74423},
{1.84432,2.15601,-2.74423},
{1.84332,2.15601,-2.74423},
{1.84232,2.15601,-2.74423},
{1.84131,2.15601,-2.74423},
{1.84031,2.15601,-2.74423},
{1.83931,2.15601,-2.74423},
{1.83831,2.15601,-2.74423},
{1.83731,2.15601,-2.74423},
{1.83631,2.15601,-2.74423},
{1.8353,2.15601,-2.74423},
{1.8343,2.15601,-2.74423},
{1.8333,2.15602,-2.74423},
{1.8323,2.15602,-2.74423},
{1.8313,2.15602,-2.74423},
{1.8303,2.15602,-2.74423},
{1.8293,2.15602,-2.74423},
{1.82829,2.15602,-2.74423},
{1.82729,2.15602,-2.74423},
{1.82629,2.15602,-2.74423},
{1.82529,2.15602,-2.74423},
{1.82429,2.15602,-2.74423},
{1.82329,2.15602,-2.74423},
{1.82229,2.15602,-2.74423},
{1.82128,2.15602,-2.74423},
{1.82028,2.15602,-2.74423},
{1.81928,2.15602,-2.74423},
{1.81828,2.15602,-2.74423},
{1.81728,2.15602,-2.74423},
{1.81628,2.15602,-2.74423},
{1.81527,2.15603,-2.74423},
{1.81427,2.15603,-2.74423},
{1.81327,2.15603,-2.74423},
{1.81211,2.15603,-2.74423},
{1.81111,2.15603,-2.74423},
{1.81011,2.15603,-2.74423},
{1.80912,2.15603,-2.74423},
{1.80812,2.15603,-2.74423},
{1.80712,2.15603,-2.74423},
{1.80612,2.15603,-2.74423},
{1.80513,2.15603,-2.74423},
{1.80413,2.15603,-2.74423},
{1.80313,2.15603,-2.74423},
{1.80213,2.15603,-2.74423},
{1.80114,2.15603,-2.74423},
{1.80014,2.15603,-2.74423},
{1.79914,2.15603,-2.74423},
{1.79814,2.15603,-2.74423},
{1.79715,2.15604,-2.74423},
{1.79615,2.15604,-2.74423},
{1.79515,2.15604,-2.74423},
{1.79415,2.15604,-2.74423},
{1.79316,2.15604,-2.74423},
{1.79216,2.15604,-2.74423},
{1.79116,2.15604,-2.74423},
{1.79016,2.15604,-2.74423},
{1.78917,2.15604,-2.74423},
{1.78817,2.15604,-2.74423},
{1.78717,2.15604,-2.74423},
{1.78617,2.15604,-2.74423},
{1.78518,2.15604,-2.74423},
{1.78418,2.15604,-2.74423},
{1.78318,2.15604,-2.74423},
{1.78218,2.15604,-2.74423},
{1.78119,2.15604,-2.74423},
{1.78019,2.15604,-2.74423},
{1.77919,2.15604,-2.74423},
{1.77819,2.15605,-2.74423},
{1.7772,2.15605,-2.74423},
{1.7762,2.15605,-2.74423},
{1.7752,2.15605,-2.74423},
{1.7742,2.15605,-2.74423},
{1.77321,2.15605,-2.74423},
{1.77221,2.15605,-2.74423},
{1.77121,2.15605,-2.74423},
{1.77021,2.15605,-2.74423},
{1.76922,2.15605,-2.74423},
{1.76822,2.15605,-2.74423},
{1.76722,2.15605,-2.74423},
{1.76622,2.15605,-2.74423},
{1.76523,2.15605,-2.74423},
{1.76423,2.15605,-2.74423},
{1.76323,2.15605,-2.74423},
{1.76223,2.15605,-2.74423},
{1.76124,2.15605,-2.74423},
{1.76024,2.15606,-2.74423},
{1.75924,2.15606,-2.74423},
{1.75824,2.15606,-2.74423},
{1.75725,2.15606,-2.74423},
{1.75625,2.15606,-2.74423},
{1.75525,2.15606,-2.74423},
{1.75425,2.15606,-2.74423},
{1.75326,2.15606,-2.74423},
{1.75226,2.15606,-2.74423},
{1.75126,2.15606,-2.74423},
{1.75026,2.15606,-2.74423},
{1.74927,2.15606,-2.74423},
{1.74827,2.15606,-2.74423},
{1.74727,2.15606,-2.74423},
{1.74628,2.15606,-2.74423},
{1.74528,2.15606,-2.74423},
{1.74428,2.15606,-2.74423},
{1.74328,2.15606,-2.74423},
{1.74229,2.15607,-2.74423},
{1.74129,2.15607,-2.74423},
{1.74029,2.15607,-2.74423},
{1.73929,2.15607,-2.74423},
{1.7383,2.15607,-2.74423},
{1.7373,2.15607,-2.74423},
{1.7363,2.15607,-2.74424},
{1.7353,2.15607,-2.74424},
{1.73431,2.15607,-2.74424},
{1.73331,2.15607,-2.74424},
{1.73231,2.15607,-2.74424},
{1.73148,2.15607,-2.74424},
{1.73049,2.15607,-2.74423},
{1.72951,2.15607,-2.74423},
{1.72852,2.15607,-2.74423},
{1.72754,2.15607,-2.74423},
{1.72655,2.15607,-2.74423},
{1.72557,2.15607,-2.74423},
{1.72458,2.15607,-2.74423},
{1.7236,2.15608,-2.74423},
{1.72261,2.15608,-2.74423},
{1.72162,2.15608,-2.74423},
{1.72064,2.15608,-2.74423},
{1.71965,2.15608,-2.74423},
{1.71867,2.15608,-2.74423},
{1.71768,2.15608,-2.74423},
{1.7167,2.15608,-2.74423},
{1.71571,2.15608,-2.74423},
{1.71473,2.15608,-2.74423},
{1.71374,2.15608,-2.74423},
{1.71276,2.15608,-2.74423},
{1.71177,2.15608,-2.74423},
{1.71078,2.15608,-2.74423},
{1.7098,2.15608,-2.74423},
{1.70881,2.15608,-2.74423},
{1.70783,2.15608,-2.74423},
{1.70684,2.15608,-2.74423},
{1.70586,2.15609,-2.74423},
{1.70487,2.15609,-2.74423},
{1.70389,2.15609,-2.74423},
{1.7029,2.15609,-2.74423},
{1.70192,2.15609,-2.74423},
{1.70093,2.15609,-2.74423},
{1.69994,2.15609,-2.74423},
{1.69896,2.15609,-2.74423},
{1.69797,2.15609,-2.74423},
{1.69699,2.15609,-2.74423},
{1.696,2.15609,-2.74423},
{1.69502,2.15609,-2.74423},
{1.69403,2.15609,-2.74423},
{1.69305,2.15609,-2.74423},
{1.69206,2.15609,-2.74423},
{1.69108,2.15609,-2.74423},
{1.69009,2.15609,-2.74423},
{1.6891,2.15609,-2.74423},
{1.68812,2.15609,-2.74423},
{1.68713,2.1561,-2.74423},
{1.68615,2.1561,-2.74423},
{1.68516,2.1561,-2.74423},
{1.68418,2.1561,-2.74423},
{1.68319,2.1561,-2.74423},
{1.68221,2.1561,-2.74423},
{1.68122,2.1561,-2.74423},
{1.68024,2.1561,-2.74423},
{1.67925,2.1561,-2.74423},
{1.67826,2.1561,-2.74423},
{1.67728,2.1561,-2.74423},
{1.67629,2.1561,-2.74423},
{1.67531,2.1561,-2.74423},
{1.67432,2.1561,-2.74423},
{1.67334,2.1561,-2.74423},
{1.67235,2.1561,-2.74423},
{1.67137,2.1561,-2.74423},
{1.67038,2.1561,-2.74423},
{1.6694,2.15611,-2.74423},
{1.66841,2.15611,-2.74423},
{1.66742,2.15611,-2.74423},
{1.66644,2.15611,-2.74423},
{1.66545,2.15611,-2.74423},
{1.66447,2.15611,-2.74423},
{1.66348,2.15611,-2.74423},
{1.6625,2.15611,-2.74423},
{1.66151,2.15611,-2.74423},
{1.66053,2.15611,-2.74423},
{1.65954,2.15611,-2.74423},
{1.65856,2.15611,-2.74423},
{1.65757,2.15611,-2.74423},
{1.65658,2.15611,-2.74423},
{1.6556,2.15611,-2.74423},
{1.65461,2.15611,-2.74423},
{1.65363,2.15611,-2.74423},
{1.65264,2.15611,-2.74423},
{1.65215,2.15611,-2.74423},
{1.65118,2.15612,-2.74423},
{1.65021,2.15612,-2.74423},
{1.64925,2.15612,-2.74423},
{1.64828,2.15612,-2.74423},
{1.64732,2.15612,-2.74423},
{1.64635,2.15612,-2.74423},
{1.64539,2.15612,-2.74423},
{1.64442,2.15612,-2.74423},
{1.64346,2.15612,-2.74423},
{1.64249,2.15612,-2.74423},
{1.64152,2.15612,-2.74423},
{1.64056,2.15612,-2.74423},
{1.63959,2.15612,-2.74423},
{1.63863,2.15612,-2.74423},
{1.63766,2.15612,-2.74423},
{1.6367,2.15612,-2.74423},
{1.63573,2.15612,-2.74423},
{1.63476,2.15612,-2.74423},
{1.6338,2.15613,-2.74423},
{1.63283,2.15613,-2.74423},
{1.63187,2.15613,-2.74423},
{1.6309,2.15613,-2.74423},
{1.62994,2.15613,-2.74423},
{1.62897,2.15613,-2.74423},
{1.628,2.15613,-2.74423},
{1.62704,2.15613,-2.74423},
{1.62607,2.15613,-2.74423},
{1.62511,2.15613,-2.74423},
{1.62414,2.15613,-2.74423},
{1.62318,2.15613,-2.74423},
{1.62221,2.15613,-2.74423},
{1.62125,2.15613,-2.74423},
{1.62028,2.15613,-2.74423},
{1.61931,2.15613,-2.74423},
{1.61835,2.15613,-2.74423},
{1.61738,2.15613,-2.74423},
{1.61642,2.15614,-2.74422},
{1.61545,2.15614,-2.74422},
{1.61449,2.15614,-2.74422},
{1.61352,2.15614,-2.74422},
{1.61255,2.15614,-2.74422},
{1.61159,2.15614,-2.74422},
{1.61062,2.15614,-2.74422},
{1.60966,2.15614,-2.74422},
{1.60869,2.15614,-2.74422},
{1.60773,2.15614,-2.74422},
{1.60676,2.15614,-2.74422},
{1.6058,2.15614,-2.74422},
{1.60483,2.15614,-2.74422},
{1.60386,2.15614,-2.74422},
{1.6029,2.15614,-2.74422},
{1.60193,2.15614,-2.74422},
{1.60097,2.15614,-2.74422},
{1.6,2.15614,-2.74422},
{1.59904,2.15615,-2.74422},
{1.59807,2.15615,-2.74422},
{1.5971,2.15615,-2.74422},
{1.59614,2.15615,-2.74422},
{1.59517,2.15615,-2.74422},
{1.59421,2.15615,-2.74422},
{1.59324,2.15615,-2.74422},
{1.59228,2.15615,-2.74422},
{1.59131,2.15615,-2.74422},
{1.59035,2.15615,-2.74422},
{1.58938,2.15615,-2.74422},
{1.58841,2.15615,-2.74422},
{1.58745,2.15615,-2.74422},
{1.58648,2.15615,-2.74422},
{1.58552,2.15615,-2.74422},
{1.58455,2.15615,-2.74422},
{1.58359,2.15615,-2.74422},
{1.58262,2.15615,-2.74422},
{1.58165,2.15615,-2.74422},
{1.58069,2.15616,-2.74422},
{1.57972,2.15616,-2.74422},
{1.57876,2.15616,-2.74422},
{1.57779,2.15616,-2.74422},
{1.57683,2.15616,-2.74422},
{1.57586,2.15616,-2.74422},
{1.57489,2.15616,-2.74422},
{1.57474,2.15616,-2.74422},
{1.5738,2.15616,-2.74422},
{1.57286,2.15616,-2.74422},
{1.57193,2.15616,-2.74421},
{1.57099,2.15616,-2.74421},
{1.57005,2.15616,-2.74421},
{1.56911,2.15616,-2.74421},
{1.56817,2.15616,-2.74421},
{1.56723,2.15616,-2.74421},
{1.56629,2.15616,-2.74421},
{1.56536,2.15616,-2.74421},
{1.56442,2.15616,-2.74421},
{1.56348,2.15617,-2.74421},
{1.56254,2.15617,-2.74421},
{1.5616,2.15617,-2.74421},
{1.56066,2.15617,-2.74421},
{1.55973,2.15617,-2.74421},
{1.55879,2.15617,-2.74421},
{1.55785,2.15617,-2.74421},
{1.55691,2.15617,-2.74421},
{1.55597,2.15617,-2.74421},
{1.55503,2.15617,-2.74421},
{1.5541,2.15617,-2.74421},
{1.55316,2.15617,-2.7442},
{1.55222,2.15617,-2.7442},
{1.55128,2.15617,-2.7442},
{1.55034,2.15617,-2.7442},
{1.5494,2.15617,-2.7442},
{1.54847,2.15617,-2.7442},
{1.54753,2.15617,-2.7442},
{1.54659,2.15617,-2.7442},
{1.54565,2.15618,-2.7442},
{1.54471,2.15618,-2.7442},
{1.54377,2.15618,-2.7442},
{1.54284,2.15618,-2.7442},
{1.5419,2.15618,-2.7442},
{1.54096,2.15618,-2.7442},
{1.54002,2.15618,-2.7442},
{1.53908,2.15618,-2.7442},
{1.53814,2.15618,-2.7442},
{1.53721,2.15618,-2.7442},
{1.53627,2.15618,-2.7442},
{1.53533,2.15618,-2.7442},
{1.53439,2.15618,-2.74419},
{1.53345,2.15618,-2.74419},
{1.53251,2.15618,-2.74419},
{1.53158,2.15618,-2.74419},
{1.53064,2.15618,-2.74419},
{1.5297,2.15618,-2.74419},
{1.52876,2.15618,-2.74419},
{1.52782,2.15619,-2.74419},
{1.52688,2.15619,-2.74419},
{1.52595,2.15619,-2.74419},
{1.52501,2.15619,-2.74419},
{1.52407,2.15619,-2.74419},
{1.52313,2.15619,-2.74419},
{1.52219,2.15619,-2.74419},
{1.52125,2.15619,-2.74419},
{1.52032,2.15619,-2.74419},
{1.51938,2.15619,-2.74419},
{1.51844,2.15619,-2.74419},
{1.5175,2.15619,-2.74419},
{1.51656,2.15619,-2.74418},
{1.51562,2.15619,-2.74418},
{1.51469,2.15619,-2.74418},
{1.51375,2.15619,-2.74418},
{1.51281,2.15619,-2.74418},
{1.51187,2.15619,-2.74418},
{1.51093,2.15619,-2.74418},
{1.50999,2.1562,-2.74418},
{1.50906,2.1562,-2.74418},
{1.50812,2.1562,-2.74418},
{1.50718,2.1562,-2.74418},
{1.50624,2.1562,-2.74418},
{1.5053,2.1562,-2.74418},
{1.50436,2.1562,-2.74418},
{1.50343,2.1562,-2.74418},
{1.50249,2.1562,-2.74418},
{1.50155,2.1562,-2.74418},
{1.50169,2.1562,-2.74418},
{1.50078,2.1562,-2.74418},
{1.49988,2.1562,-2.74417},
{1.49897,2.1562,-2.74417},
{1.49807,2.1562,-2.74417},
{1.49717,2.1562,-2.74417},
{1.49626,2.1562,-2.74417},
{1.49536,2.1562,-2.74417},
{1.49445,2.1562,-2.74417},
{1.49355,2.1562,-2.74417},
{1.49265,2.1562,-2.74417},
{1.49174,2.15621,-2.74417},
{1.49084,2.15621,-2.74416},
{1.48993,2.15621,-2.74416},
{1.48903,2.15621,-2.74416},
{1.48813,2.15621,-2.74416},
{1.48722,2.15621,-2.74416},
{1.48632,2.15621,-2.74416},
{1.48541,2.15621,-2.74416},
{1.48451,2.15621,-2.74416},
{1.48361,2.15621,-2.74416},
{1.4827,2.15621,-2.74416},
{1.4818,2.15621,-2.74415},
{1.48089,2.15621,-2.74415},
{1.47999,2.15621,-2.74415},
{1.47909,2.15621,-2.74415},
{1.47818,2.15621,-2.74415},
{1.47728,2.15621,-2.74415},
{1.47637,2.15621,-2.74415},
{1.47547,2.15621,-2.74415},
{1.47457,2.15621,-2.74415},
{1.47366,2.15621,-2.74415},
{1.47276,2.15622,-2.74414},
{1.47185,2.15622,-2.74414},
{1.47095,2.15622,-2.74414},
{1.47005,2.15622,-2.74414},
{1.46914,2.15622,-2.74414},
{1.46824,2.15622,-2.74414},
{1.46733,2.15622,-2.74414},
{1.46643,2.15622,-2.74414},
{1.46553,2.15622,-2.74414},
{1.46462,2.15622,-2.74414},
{1.46372,2.15622,-2.74413},
{1.46281,2.15622,-2.74413},
{1.46191,2.15622,-2.74413},
{1.46101,2.15622,-2.74413},
{1.4601,2.15622,-2.74413},
{1.4592,2.15622,-2.74413},
{1.45829,2.15622,-2.74413},
{1.45739,2.15622,-2.74413},
{1.45649,2.15622,-2.74413},
{1.45558,2.15622,-2.74413},
{1.45468,2.15622,-2.74412},
{1.45377,2.15623,-2.74412},
{1.45287,2.15623,-2.74412},
{1.45197,2.15623,-2.74412},
{1.45106,2.15623,-2.74412},
{1.45016,2.15623,-2.74412},
{1.44925,2.15623,-2.74412},
{1.44835,2.15623,-2.74412},
{1.44745,2.15623,-2.74412},
{1.44654,2.15623,-2.74412},
{1.44564,2.15623,-2.74411},
{1.44473,2.15623,-2.74411},
{1.44383,2.15623,-2.74411},
{1.44293,2.15623,-2.74411},
{1.44202,2.15623,-2.74411},
{1.44112,2.15623,-2.74411},
{1.44021,2.15623,-2.74411},
{1.43931,2.15623,-2.74411},
{1.43841,2.15623,-2.74411},
{1.4375,2.15623,-2.74411},
{1.4366,2.15623,-2.7441},
{1.43569,2.15623,-2.7441},
{1.43479,2.15624,-2.7441},
{1.43389,2.15624,-2.7441},
{1.43298,2.15624,-2.7441},
{1.43208,2.15624,-2.7441},
{1.43117,2.15624,-2.7441},
{1.43162,2.15624,-2.7441},
{1.43075,2.15624,-2.7441},
{1.42989,2.15624,-2.7441},
{1.42903,2.15624,-2.74409},
{1.42816,2.15624,-2.74409},
{1.4273,2.15624,-2.74409},
{1.42644,2.15624,-2.74409},
{1.42557,2.15624,-2.74409},
{1.42471,2.15624,-2.74408},
{1.42385,2.15624,-2.74408},
{1.42298,2.15624,-2.74408},
{1.42212,2.15624,-2.74408},
{1.42126,2.15624,-2.74408},
{1.42039,2.15624,-2.74408},
{1.41953,2.15624,-2.74407},
{1.41867,2.15624,-2.74407},
{1.4178,2.15624,-2.74407},
{1.41694,2.15624,-2.74407},
{1.41608,2.15624,-2.74407},
{1.41522,2.15624,-2.74407},
{1.41435,2.15624,-2.74406},
{1.41349,2.15624,-2.74406},
{1.41263,2.15625,-2.74406},
{1.41176,2.15625,-2.74406},
{1.4109,2.15625,-2.74406},
{1.41004,2.15625,-2.74406},
{1.40917,2.15625,-2.74405},
{1.40831,2.15625,-2.74405},
{1.40745,2.15625,-2.74405},
{1.40658,2.15625,-2.74405},
{1.40572,2.15625,-2.74405},
{1.40486,2.15625,-2.74405},
{1.40399,2.15625,-2.74404},
{1.40313,2.15625,-2.74404},
{1.40227,2.15625,-2.74404},
{1.4014,2.15625,-2.74404},
{1.40054,2.15625,-2.74404},
{1.39968,2.15625,-2.74404},
{1.39881,2.15625,-2.74403},
{1.39795,2.15625,-2.74403},
{1.39709,2.15625,-2.74403},
{1.39623,2.15625,-2.74403},
{1.39536,2.15625,-2.74403},
{1.3945,2.15625,-2.74403},
{1.39364,2.15625,-2.74402},
{1.39277,2.15625,-2.74402},
{1.39191,2.15625,-2.74402},
{1.39105,2.15626,-2.74402},
{1.39018,2.15626,-2.74402},
{1.38932,2.15626,-2.74402},
{1.38846,2.15626,-2.74401},
{1.38759,2.15626,-2.74401},
{1.38673,2.15626,-2.74401},
{1.38587,2.15626,-2.74401},
{1.385,2.15626,-2.74401},
{1.38414,2.15626,-2.744},
{1.38328,2.15626,-2.744},
{1.38241,2.15626,-2.744},
{1.38155,2.15626,-2.744},
{1.38069,2.15626,-2.744},
{1.37982,2.15626,-2.744},
{1.37896,2.15626,-2.74399},
{1.3781,2.15626,-2.74399},
{1.37723,2.15626,-2.74399},
{1.37637,2.15626,-2.74399},
{1.37551,2.15626,-2.74399},
{1.37465,2.15626,-2.74399},
{1.37378,2.15626,-2.74398},
{1.37292,2.15626,-2.74398},
{1.37206,2.15626,-2.74398},
{1.37119,2.15626,-2.74398},
{1.37033,2.15626,-2.74398},
{1.36947,2.15626,-2.74398},
{1.3686,2.15627,-2.74397},
{1.36774,2.15627,-2.74397},
{1.36688,2.15627,-2.74397},
{1.36601,2.15627,-2.74397},
{1.36671,2.15627,-2.74397},
{1.36589,2.15627,-2.74397},
{1.36508,2.15627,-2.74396},
{1.36426,2.15627,-2.74396},
{1.36344,2.15627,-2.74396},
{1.36263,2.15627,-2.74396},
{1.36181,2.15627,-2.74395},
{1.36099,2.15627,-2.74395},
{1.36018,2.15627,-2.74395},
{1.35936,2.15627,-2.74395},
{1.35854,2.15627,-2.74394},
{1.35773,2.15627,-2.74394},
{1.35691,2.15627,-2.74394},
{1.3561,2.15627,-2.74394},
{1.35528,2.15627,-2.74393},
{1.35446,2.15627,-2.74393},
{1.35365,2.15627,-2.74393},
{1.35283,2.15627,-2.74393},
{1.35201,2.15627,-2.74392},
{1.3512,2.15627,-2.74392},
{1.35038,2.15627,-2.74392},
{1.34956,2.15627,-2.74392},
{1.34875,2.15627,-2.74391},
{1.34793,2.15627,-2.74391},
{1.34711,2.15627,-2.74391},
{1.3463,2.15627,-2.74391},
{1.34548,2.15627,-2.7439},
{1.34466,2.15627,-2.7439},
{1.34385,2.15627,-2.7439},
{1.34303,2.15627,-2.7439},
{1.34221,2.15627,-2.74389},
{1.3414,2.15627,-2.74389},
{1.34058,2.15627,-2.74389},
{1.33976,2.15627,-2.74389},
{1.33895,2.15627,-2.74388},
{1.33813,2.15628,-2.74388},
{1.33731,2.15628,-2.74388},
{1.3365,2.15628,-2.74388},
{1.33568,2.15628,-2.74387},
{1.33486,2.15628,-2.74387},
{1.33405,2.15628,-2.74387},
{1.33323,2.15628,-2.74386},
{1.33242,2.15628,-2.74386},
{1.3316,2.15628,-2.74386},
{1.33078,2.15628,-2.74386},
{1.32997,2.15628,-2.74385},
{1.32915,2.15628,-2.74385},
{1.32833,2.15628,-2.74385},
{1.32752,2.15628,-2.74385},
{1.3267,2.15628,-2.74384},
{1.32588,2.15628,-2.74384},
{1.32507,2.15628,-2.74384},
{1.32425,2.15628,-2.74384},
{1.32343,2.15628,-2.74383},
{1.32262,2.15628,-2.74383},
{1.3218,2.15628,-2.74383},
{1.32098,2.15628,-2.74383},
{1.32017,2.15628,-2.74382},
{1.31935,2.15628,-2.74382},
{1.31853,2.15628,-2.74382},
{1.31772,2.15628,-2.74382},
{1.3169,2.15628,-2.74381},
{1.31608,2.15628,-2.74381},
{1.31527,2.15628,-2.74381},
{1.31445,2.15628,-2.74381},
{1.31363,2.15628,-2.7438},
{1.31282,2.15628,-2.7438},
{1.312,2.15628,-2.7438},
{1.31118,2.15628,-2.7438},
{1.31037,2.15628,-2.74379},
{1.30955,2.15628,-2.74379},
{1.30874,2.15628,-2.74379},
{1.30792,2.15628,-2.74379},
{1.3071,2.15628,-2.74378},
{1.30629,2.15629,-2.74378},
{1.30719,2.15628,-2.74378},
{1.30642,2.15628,-2.74378},
{1.30566,2.15628,-2.74378},
{1.30489,2.15629,-2.74377},
{1.30413,2.15629,-2.74377},
{1.30336,2.15629,-2.74376},
{1.3026,2.15629,-2.74376},
{1.30183,2.15629,-2.74376},
{1.30107,2.15629,-2.74375},
{1.3003,2.15629,-2.74375},
{1.29954,2.15629,-2.74375},
{1.29877,2.15629,-2.74374},
{1.29801,2.15629,-2.74374},
{1.29724,2.15629,-2.74374},
{1.29648,2.15629,-2.74373},
{1.29571,2.15629,-2.74373},
{1.29495,2.15629,-2.74373},
{1.29418,2.15629,-2.74372},
{1.29342,2.15629,-2.74372},
{1.29265,2.15629,-2.74371},
{1.29189,2.15629,-2.74371},
{1.29112,2.15629,-2.74371},
{1.29036,2.15629,-2.7437},
{1.28959,2.15629,-2.7437},
{1.28883,2.15629,-2.7437},
{1.28806,2.15629,-2.74369},
{1.2873,2.15629,-2.74369},
{1.28653,2.15629,-2.74369},
{1.28577,2.15629,-2.74368},
{1.28501,2.15629,-2.74368},
{1.28424,2.15629,-2.74368},
{1.28348,2.15629,-2.74367},
{1.28271,2.15629,-2.74367},
{1.28195,2.15629,-2.74366},
{1.28118,2.15629,-2.74366},
{1.28042,2.15629,-2.74366},
{1.27965,2.15629,-2.74365},
{1.27889,2.15629,-2.74365},
{1.27812,2.15629,-2.74365},
{1.27736,2.15629,-2.74364},
{1.27659,2.15629,-2.74364},
{1.27583,2.15629,-2.74364},
{1.27506,2.15629,-2.74363},
{1.2743,2.15629,-2.74363},
{1.27353,2.15629,-2.74363},
{1.27277,2.15629,-2.74362},
{1.272,2.15629,-2.74362},
{1.27124,2.15629,-2.74361},
{1.27047,2.15629,-2.74361},
{1.26971,2.15629,-2.74361},
{1.26894,2.15629,-2.7436},
{1.26818,2.15629,-2.7436},
{1.26741,2.15629,-2.7436},
{1.26665,2.15629,-2.74359},
{1.26588,2.15629,-2.74359},
{1.26512,2.15629,-2.74359},
{1.26435,2.15629,-2.74358},
{1.26359,2.15629,-2.74358},
{1.26282,2.15629,-2.74358},
{1.26206,2.15629,-2.74357},
{1.2613,2.15629,-2.74357},
{1.26053,2.15629,-2.74356},
{1.25977,2.15629,-2.74356},
{1.259,2.15629,-2.74356},
{1.25824,2.15629,-2.74355},
{1.25747,2.15629,-2.74355},
{1.25671,2.15629,-2.74355},
{1.25594,2.15629,-2.74354},
{1.25518,2.15629,-2.74354},
{1.25441,2.15629,-2.74354},
{1.25365,2.15629,-2.74353},
{1.25288,2.15629,-2.74353},
{1.25212,2.15629,-2.74353},
{1.25318,2.15629,-2.74353},
{1.25247,2.15629,-2.74353},
{1.25176,2.15629,-2.74352},
{1.25105,2.15629,-2.74352},
{1.25034,2.15629,-2.74351},
{1.24964,2.15629,-2.74351},
{1.24893,2.15629,-2.7435},
{1.24822,2.15629,-2.7435},
{1.24751,2.15629,-2.74349},
{1.2468,2.15629,-2.74349},
{1.24609,2.15629,-2.74348},
{1.24538,2.15629,-2.74348},
{1.24467,2.15629,-2.74347},
{1.24396,2.15629,-2.74347},
{1.24325,2.15629,-2.74347},
{1.24255,2.15629,-2.74346},
{1.24184,2.15629,-2.74346},
{1.24113,2.15629,-2.74345},
{1.24042,2.15629,-2.74345},
{1.23971,2.15629,-2.74344},
{1.239,2.15629,-2.74344},
{1.23829,2.15629,-2.74343},
{1.23758,2.15629,-2.74343},
{1.23687,2.15629,-2.74342},
{1.23617,2.15629,-2.74342},
{1.23546,2.15629,-2.74342},
{1.23475,2.15629,-2.74341},
{1.23404,2.15629,-2.74341},
{1.23333,2.15629,-2.7434},
{1.23262,2.15629,-2.7434},
{1.23191,2.15629,-2.74339},
{1.2312,2.15629,-2.74339},
{1.23049,2.15629,-2.74338},
{1.22979,2.15629,-2.74338},
{1.22908,2.15629,-2.74337},
{1.22837,2.15629,-2.74337},
{1.22766,2.15629,-2.74336},
{1.22695,2.15629,-2.74336},
{1.22624,2.15629,-2.74336},
{1.22553,2.15629,-2.74335},
{1.22482,2.15629,-2.74335},
{1.22411,2.15629,-2.74334},
{1.22341,2.15629,-2.74334},
{1.2227,2.15629,-2.74333},
{1.22199,2.15629,-2.74333},
{1.22128,2.15629,-2.74332},
{1.22057,2.15629,-2.74332},
{1.21986,2.15629,-2.74331},
{1.21915,2.15629,-2.74331},
{1.21844,2.15629,-2.74331},
{1.21773,2.15629,-2.7433},
{1.21703,2.15629,-2.7433},
{1.21632,2.15629,-2.74329},
{1.21561,2.15629,-2.74329},
{1.2149,2.15629,-2.74328},
{1.21419,2.15629,-2.74328},
{1.21348,2.15629,-2.74327},
{1.21277,2.15629,-2.74327},
{1.21206,2.15629,-2.74326},
{1.21135,2.15629,-2.74326},
{1.21065,2.15629,-2.74325},
{1.20994,2.15629,-2.74325},
{1.20923,2.15629,-2.74325},
{1.20852,2.15629,-2.74324},
{1.20781,2.15629,-2.74324},
{1.2071,2.15629,-2.74323},
{1.20639,2.15629,-2.74323},
{1.20568,2.15629,-2.74322},
{1.20497,2.15629,-2.74322},
{1.20427,2.15629,-2.74321},
{1.20356,2.15629,-2.74321},
{1.20476,2.15629,-2.74322},
{1.20411,2.15629,-2.74321},
{1.20346,2.15629,-2.7432},
{1.20281,2.15629,-2.7432},
{1.20216,2.15629,-2.74319},
{1.20151,2.15629,-2.74319},
{1.20086,2.15629,-2.74318},
{1.20021,2.15628,-2.74318},
{1.19956,2.15628,-2.74317},
{1.19891,2.15628,-2.74317},
{1.19826,2.15628,-2.74316},
{1.19761,2.15628,-2.74315},
{1.19696,2.15628,-2.74315},
{1.19631,2.15628,-2.74314},
{1.19566,2.15628,-2.74314},
{1.19501,2.15628,-2.74313},
{1.19436,2.15628,-2.74313},
{1.19371,2.15628,-2.74312},
{1.19306,2.15628,-2.74311},
{1.19241,2.15628,-2.74311},
{1.19176,2.15628,-2.7431},
{1.19111,2.15628,-2.7431},
{1.19047,2.15628,-2.74309},
{1.18982,2.15628,-2.74309},
{1.18917,2.15628,-2.74308},
{1.18852,2.15628,-2.74308},
{1.18787,2.15628,-2.74307},
{1.18722,2.15628,-2.74306},
{1.18657,2.15628,-2.74306},
{1.18592,2.15628,-2.74305},
{1.18527,2.15628,-2.74305},
{1.18462,2.15628,-2.74304},
{1.18397,2.15628,-2.74304},
{1.18332,2.15628,-2.74303},
{1.18267,2.15628,-2.74302},
{1.18202,2.15628,-2.74302},
{1.18137,2.15628,-2.74301},
{1.18072,2.15628,-2.74301},
{1.18007,2.15628,-2.743},
{1.17942,2.15628,-2.743},
{1.17877,2.15628,-2.74299},
{1.17812,2.15628,-2.74298},
{1.17747,2.15628,-2.74298},
{1.17682,2.15628,-2.74297},
{1.17617,2.15628,-2.74297},
{1.17552,2.15628,-2.74296},
{1.17487,2.15627,-2.74296},
{1.17422,2.15627,-2.74295},
{1.17357,2.15627,-2.74295},
{1.17293,2.15627,-2.74294},
{1.17228,2.15627,-2.74293},
{1.17163,2.15627,-2.74293},
{1.17098,2.15627,-2.74292},
{1.17033,2.15627,-2.74292},
{1.16968,2.15627,-2.74291},
{1.16903,2.15627,-2.74291},
{1.16838,2.15627,-2.7429},
{1.16773,2.15627,-2.74289},
{1.16708,2.15627,-2.74289},
{1.16643,2.15627,-2.74288},
{1.16578,2.15627,-2.74288},
{1.16513,2.15627,-2.74287},
{1.16448,2.15627,-2.74287},
{1.16383,2.15627,-2.74286},
{1.16318,2.15627,-2.74286},
{1.16253,2.15627,-2.74285},
{1.16188,2.15627,-2.74284},
{1.16123,2.15627,-2.74284},
{1.1625,2.15627,-2.74285},
{1.16191,2.15627,-2.74284},
{1.16133,2.15627,-2.74284},
{1.16074,2.15627,-2.74283},
{1.16015,2.15627,-2.74282},
{1.15956,2.15627,-2.74282},
{1.15897,2.15627,-2.74281},
{1.15839,2.15627,-2.7428},
{1.1578,2.15627,-2.7428},
{1.15721,2.15627,-2.74279},
{1.15662,2.15627,-2.74278},
{1.15604,2.15626,-2.74278},
{1.15545,2.15626,-2.74277},
{1.15486,2.15626,-2.74276},
{1.15427,2.15626,-2.74276},
{1.15368,2.15626,-2.74275},
{1.1531,2.15626,-2.74275},
{1.15251,2.15626,-2.74274},
{1.15192,2.15626,-2.74273},
{1.15133,2.15626,-2.74273},
{1.15074,2.15626,-2.74272},
{1.15016,2.15626,-2.74271},
{1.14957,2.15626,-2.74271},
{1.14898,2.15626,-2.7427},
{1.14839,2.15626,-2.74269},
{1.1478,2.15626,-2.74269},
{1.14722,2.15626,-2.74268},
{1.14663,2.15626,-2.74267},
{1.14604,2.15626,-2.74267},
{1.14545,2.15626,-2.74266},
{1.14486,2.15626,-2.74265},
{1.14428,2.15626,-2.74265},
{1.14369,2.15626,-2.74264},
{1.1431,2.15625,-2.74263},
{1.14251,2.15625,-2.74263},
{1.14192,2.15625,-2.74262},
{1.14134,2.15625,-2.74262},
{1.14075,2.15625,-2.74261},
{1.14016,2.15625,-2.7426},
{1.13957,2.15625,-2.7426},
{1.13898,2.15625,-2.74259},
{1.1384,2.15625,-2.74258},
{1.13781,2.15625,-2.74258},
{1.13722,2.15625,-2.74257},
{1.13663,2.15625,-2.74256},
{1.13604,2.15625,-2.74256},
{1.13546,2.15625,-2.74255},
{1.13487,2.15625,-2.74254},
{1.13428,2.15625,-2.74254},
{1.13369,2.15625,-2.74253},
{1.1331,2.15625,-2.74252},
{1.13252,2.15625,-2.74252},
{1.13193,2.15625,-2.74251},
{1.13134,2.15625,-2.7425},
{1.13075,2.15625,-2.7425},
{1.13016,2.15624,-2.74249},
{1.12958,2.15624,-2.74249},
{1.12899,2.15624,-2.74248},
{1.1284,2.15624,-2.74247},
{1.12781,2.15624,-2.74247},
{1.12722,2.15624,-2.74246},
{1.12664,2.15624,-2.74245},
{1.12605,2.15624,-2.74245},
{1.12546,2.15624,-2.74244},
{1.12487,2.15624,-2.74243},
{1.12616,2.15624,-2.74245},
{1.12564,2.15624,-2.74244},
{1.12511,2.15624,-2.74243},
{1.12459,2.15624,-2.74243},
{1.12406,2.15624,-2.74242},
{1.12354,2.15624,-2.74241},
{1.12301,2.15624,-2.7424},
{1.12249,2.15624,-2.7424},
{1.12196,2.15624,-2.74239},
{1.12144,2.15624,-2.74238},
{1.12091,2.15624,-2.74238},
{1.12039,2.15624,-2.74237},
{1.11986,2.15623,-2.74236},
{1.11934,2.15623,-2.74235},
{1.11881,2.15623,-2.74235},
{1.11829,2.15623,-2.74234},
{1.11776,2.15623,-2.74233},
{1.11724,2.15623,-2.74233},
{1.11672,2.15623,-2.74232},
{1.11619,2.15623,-2.74231},
{1.11567,2.15623,-2.7423},
{1.11514,2.15623,-2.7423},
{1.11462,2.15623,-2.74229},
{1.11409,2.15623,-2.74228},
{1.11357,2.15623,-2.74228},
{1.11304,2.15623,-2.74227},
{1.11252,2.15623,-2.74226},
{1.11199,2.15623,-2.74225},
{1.11147,2.15622,-2.74225},
{1.11094,2.15622,-2.74224},
{1.11042,2.15622,-2.74223},
{1.10989,2.15622,-2.74223},
{1.10937,2.15622,-2.74222},
{1.10884,2.15622,-2.74221},
{1.10832,2.15622,-2.7422},
{1.10779,2.15622,-2.7422},
{1.10727,2.15622,-2.74219},
{1.10674,2.15622,-2.74218},
{1.10622,2.15622,-2.74218},
{1.10569,2.15622,-2.74217},
{1.10517,2.15622,-2.74216},
{1.10464,2.15622,-2.74215},
{1.10412,2.15622,-2.74215},
{1.10359,2.15622,-2.74214},
{1.10307,2.15622,-2.74213},
{1.10254,2.15621,-2.74212},
{1.10202,2.15621,-2.74212},
{1.10149,2.15621,-2.74211},
{1.10097,2.15621,-2.7421},
{1.10044,2.15621,-2.7421},
{1.09992,2.15621,-2.74209},
{1.09939,2.15621,-2.74208},
{1.09887,2.15621,-2.74207},
{1.09834,2.15621,-2.74207},
{1.09782,2.15621,-2.74206},
{1.09729,2.15621,-2.74205},
{1.09677,2.15621,-2.74205},
{1.09624,2.15621,-2.74204},
{1.09572,2.15621,-2.74203},
{1.09519,2.15621,-2.74202},
{1.09467,2.15621,-2.74202},
{1.09415,2.15621,-2.74201},
{1.09542,2.15621,-2.74203},
{1.09496,2.15621,-2.74202},
{1.0945,2.15621,-2.74201},
{1.09404,2.1562,-2.742},
{1.09358,2.1562,-2.742},
{1.09312,2.1562,-2.74199},
{1.09265,2.1562,-2.74198},
{1.09219,2.1562,-2.74197},
{1.09173,2.1562,-2.74197},
{1.09127,2.1562,-2.74196},
{1.09081,2.1562,-2.74195},
{1.09035,2.1562,-2.74194},
{1.08989,2.1562,-2.74194},
{1.08942,2.1562,-2.74193},
{1.08896,2.1562,-2.74192},
{1.0885,2.1562,-2.74191},
{1.08804,2.1562,-2.74191},
{1.08758,2.15619,-2.7419},
{1.08712,2.15619,-2.74189},
{1.08666,2.15619,-2.74188},
{1.08619,2.15619,-2.74188},
{1.08573,2.15619,-2.74187},
{1.08527,2.15619,-2.74186},
{1.08481,2.15619,-2.74185},
{1.08435,2.15619,-2.74185},
{1.08389,2.15619,-2.74184},
{1.08343,2.15619,-2.74183},
{1.08296,2.15619,-2.74182},
{1.0825,2.15619,-2.74182},
{1.08204,2.15619,-2.74181},
{1.08158,2.15619,-2.7418},
{1.08112,2.15618,-2.74179},
{1.08066,2.15618,-2.74179},
{1.0802,2.15618,-2.74178},
{1.07973,2.15618,-2.74177},
{1.07927,2.15618,-2.74176},
{1.07881,2.15618,-2.74176},
{1.07835,2.15618,-2.74175},
{1.07789,2.15618,-2.74174},
{1.07743,2.15618,-2.74173},
{1.07697,2.15618,-2.74173},
{1.0765,2.15618,-2.74172},
{1.07604,2.15618,-2.74171},
{1.07558,2.15618,-2.7417},
{1.07512,2.15618,-2.7417},
{1.07466,2.15617,-2.74169},
{1.0742,2.15617,-2.74168},
{1.07374,2.15617,-2.74167},
{1.07327,2.15617,-2.74167},
{1.07281,2.15617,-2.74166},
{1.07235,2.15617,-2.74165},
{1.07189,2.15617,-2.74164},
{1.07143,2.15617,-2.74164},
{1.07097,2.15617,-2.74163},
{1.07051,2.15617,-2.74162},
{1.07004,2.15617,-2.74161},
{1.06958,2.15617,-2.74161},
{1.06912,2.15617,-2.7416},
{1.06866,2.15617,-2.74159},
{1.06991,2.15617,-2.74161},
{1.06952,2.15617,-2.7416},
{1.06912,2.15617,-2.7416},
{1.06872,2.15616,-2.74159},
{1.06832,2.15616,-2.74158},
{1.06792,2.15616,-2.74157},
{1.06752,2.15616,-2.74157},
{1.06712,2.15616,-2.74156},
{1.06673,2.15616,-2.74155},
{1.06633,2.15616,-2.74154},
{1.06593,2.15616,-2.74154},
{1.06553,2.15616,-2.74153},
{1.06513,2.15616,-2.74152},
{1.06473,2.15616,-2.74151},
{1.06433,2.15616,-2.74151},
{1.06393,2.15616,-2.7415},
{1.06354,2.15615,-2.74149},
{1.06314,2.15615,-2.74148},
{1.06274,2.15615,-2.74147},
{1.06234,2.15615,-2.74147},
{1.06194,2.15615,-2.74146},
{1.06154,2.15615,-2.74145},
{1.06114,2.15615,-2.74144},
{1.06075,2.15615,-2.74144},
{1.06035,2.15615,-2.74143},
{1.05995,2.15615,-2.74142},
{1.05955,2.15615,-2.74141},
{1.05915,2.15615,-2.74141},
{1.05875,2.15615,-2.7414},
{1.05835,2.15614,-2.74139},
{1.05795,2.15614,-2.74138},
{1.05756,2.15614,-2.74138},
{1.05716,2.15614,-2.74137},
{1.05676,2.15614,-2.74136},
{1.05636,2.15614,-2.74135},
{1.05596,2.15614,-2.74135},
{1.05556,2.15614,-2.74134},
{1.05516,2.15614,-2.74133},
{1.05477,2.15614,-2.74132},
{1.05437,2.15614,-2.74132},
{1.05397,2.15614,-2.74131},
{1.05357,2.15614,-2.7413},
{1.05317,2.15613,-2.74129},
{1.05277,2.15613,-2.74129},
{1.05237,2.15613,-2.74128},
{1.05197,2.15613,-2.74127},
{1.05158,2.15613,-2.74126},
{1.05118,2.15613,-2.74125},
{1.05078,2.15613,-2.74125},
{1.05038,2.15613,-2.74124},
{1.04998,2.15613,-2.74123},
{1.04958,2.15613,-2.74122},
{1.04918,2.15613,-2.74122},
{1.04879,2.15613,-2.74121},
{1.04839,2.15612,-2.7412},
{1.04956,2.15613,-2.74122},
{1.04922,2.15613,-2.74122},
{1.04889,2.15613,-2.74121},
{1.04855,2.15612,-2.7412},
{1.04821,2.15612,-2.74119},
{1.04787,2.15612,-2.74119},
{1.04754,2.15612,-2.74118},
{1.0472,2.15612,-2.74117},
{1.04686,2.15612,-2.74117},
{1.04652,2.15612,-2.74116},
{1.04619,2.15612,-2.74115},
{1.04585,2.15612,-2.74114},
{1.04551,2.15612,-2.74114},
{1.04517,2.15612,-2.74113},
{1.04484,2.15612,-2.74112},
{1.0445,2.15612,-2.74112},
{1.04416,2.15612,-2.74111},
{1.04382,2.15611,-2.7411},
{1.04349,2.15611,-2.74109},
{1.04315,2.15611,-2.74109},
{1.04281,2.15611,-2.74108},
{1.04247,2.15611,-2.74107},
{1.04214,2.15611,-2.74106},
{1.0418,2.15611,-2.74106},
{1.04146,2.15611,-2.74105},
{1.04112,2.15611,-2.74104},
{1.04079,2.15611,-2.74104},
{1.04045,2.15611,-2.74103},
{1.04011,2.15611,-2.74102},
{1.03977,2.15611,-2.74101},
{1.03944,2.1561,-2.74101},
{1.0391,2.1561,-2.741},
{1.03876,2.1561,-2.74099},
{1.03842,2.1561,-2.74099},
{1.03809,2.1561,-2.74098},
{1.03775,2.1561,-2.74097},
{1.03741,2.1561,-2.74096},
{1.03707,2.1561,-2.74096},
{1.03674,2.1561,-2.74095},
{1.0364,2.1561,-2.74094},
{1.03606,2.1561,-2.74093},
{1.03572,2.1561,-2.74093},
{1.03539,2.1561,-2.74092},
{1.03505,2.15609,-2.74091},
{1.03471,2.15609,-2.74091},
{1.03437,2.15609,-2.7409},
{1.03404,2.15609,-2.74089},
{1.0337,2.15609,-2.74088},
{1.03336,2.15609,-2.74088},
{1.03302,2.15609,-2.74087},
{1.03269,2.15609,-2.74086},
{1.03375,2.15609,-2.74088},
{1.03347,2.15609,-2.74088},
{1.03319,2.15609,-2.74087},
{1.03291,2.15609,-2.74086},
{1.03263,2.15609,-2.74086},
{1.03235,2.15609,-2.74085},
{1.03207,2.15609,-2.74084},
{1.03179,2.15609,-2.74084},
{1.03152,2.15609,-2.74083},
{1.03124,2.15609,-2.74082},
{1.03096,2.15609,-2.74082},
{1.03068,2.15608,-2.74081},
{1.0304,2.15608,-2.7408},
{1.03012,2.15608,-2.7408},
{1.02984,2.15608,-2.74079},
{1.02956,2.15608,-2.74078},
{1.02928,2.15608,-2.74078},
{1.029,2.15608,-2.74077},
{1.02873,2.15608,-2.74076},
{1.02845,2.15608,-2.74076},
{1.02817,2.15608,-2.74075},
{1.02789,2.15608,-2.74074},
{1.02761,2.15608,-2.74074},
{1.02733,2.15608,-2.74073},
{1.02705,2.15608,-2.74072},
{1.02677,2.15608,-2.74072},
{1.02649,2.15607,-2.74071},
{1.02622,2.15607,-2.7407},
{1.02594,2.15607,-2.7407},
{1.02566,2.15607,-2.74069},
{1.02538,2.15607,-2.74068},
{1.0251,2.15607,-2.74068},
{1.02482,2.15607,-2.74067},
{1.02454,2.15607,-2.74066},
{1.02426,2.15607,-2.74066},
{1.02398,2.15607,-2.74065},
{1.02371,2.15607,-2.74064},
{1.02343,2.15607,-2.74064},
{1.02315,2.15607,-2.74063},
{1.02287,2.15607,-2.74062},
{1.02259,2.15606,-2.74062},
{1.02231,2.15606,-2.74061},
{1.02203,2.15606,-2.7406},
{1.02175,2.15606,-2.7406},
{1.02147,2.15606,-2.74059},
{1.02119,2.15606,-2.74058},
{1.02092,2.15606,-2.74058},
{1.02185,2.15606,-2.7406},
{1.02162,2.15606,-2.74059},
{1.0214,2.15606,-2.74059},
{1.02117,2.15606,-2.74058},
{1.02095,2.15606,-2.74058},
{1.02073,2.15606,-2.74057},
{1.0205,2.15606,-2.74057},
{1.02028,2.15606,-2.74056},
{1.02005,2.15606,-2.74055},
{1.01983,2.15606,-2.74055},
{1.01961,2.15606,-2.74054},
{1.01938,2.15606,-2.74054},
{1.01916,2.15606,-2.74053},
{1.01893,2.15606,-2.74052},
{1.01871,2.15605,-2.74052},
{1.01849,2.15605,-2.74051},
{1.01826,2.15605,-2.74051},
{1.01804,2.15605,-2.7405},
{1.01781,2.15605,-2.7405},
{1.01759,2.15605,-2.74049},
{1.01737,2.15605,-2.74048},
{1.01714,2.15605,-2.74048},
{1.01692,2.15605,-2.74047},
{1.01669,2.15605,-2.74047},
{1.01647,2.15605,-2.74046},
{1.01625,2.15605,-2.74046},
{1.01602,2.15605,-2.74045},
{1.0158,2.15605,-2.74044},
{1.01557,2.15605,-2.74044},
{1.01535,2.15605,-2.74043},
{1.01513,2.15605,-2.74043},
{1.0149,2.15604,-2.74042},
{1.01468,2.15604,-2.74041},
{1.01445,2.15604,-2.74041},
{1.01423,2.15604,-2.7404},
{1.01401,2.15604,-2.7404},
{1.01378,2.15604,-2.74039},
{1.01356,2.15604,-2.74039},
{1.01333,2.15604,-2.74038},
{1.01311,2.15604,-2.74037},
{1.01289,2.15604,-2.74037},
{1.01266,2.15604,-2.74036},
{1.01244,2.15604,-2.74036},
{1.01324,2.15604,-2.74038},
{1.01307,2.15604,-2.74037},
{1.01289,2.15604,-2.74037},
{1.01272,2.15604,-2.74036},
{1.01254,2.15604,-2.74036},
{1.01237,2.15604,-2.74035},
{1.0122,2.15604,-2.74035},
{1.01202,2.15604,-2.74034},
{1.01185,2.15604,-2.74034},
{1.01168,2.15604,-2.74033},
{1.0115,2.15604,-2.74033},
{1.01133,2.15603,-2.74032},
{1.01116,2.15603,-2.74032},
{1.01098,2.15603,-2.74032},
{1.01081,2.15603,-2.74031},
{1.01064,2.15603,-2.74031},
{1.01046,2.15603,-2.7403},
{1.01029,2.15603,-2.7403},
{1.01012,2.15603,-2.74029},
{1.00994,2.15603,-2.74029},
{1.00977,2.15603,-2.74028},
{1.0096,2.15603,-2.74028},
{1.00942,2.15603,-2.74027},
{1.00925,2.15603,-2.74027},
{1.00908,2.15603,-2.74026},
{1.0089,2.15603,-2.74026},
{1.00873,2.15603,-2.74025},
{1.00856,2.15603,-2.74025},
{1.00838,2.15603,-2.74024},
{1.00821,2.15603,-2.74024},
{1.00804,2.15603,-2.74023},
{1.00786,2.15602,-2.74023},
{1.00769,2.15602,-2.74022},
{1.00751,2.15602,-2.74022},
{1.00734,2.15602,-2.74021},
{1.00717,2.15602,-2.74021},
{1.00699,2.15602,-2.7402},
{1.00682,2.15602,-2.7402},
{1.00746,2.15602,-2.74022},
{1.00733,2.15602,-2.74021},
{1.0072,2.15602,-2.74021},
{1.00707,2.15602,-2.74021},
{1.00695,2.15602,-2.7402},
{1.00682,2.15602,-2.7402},
{1.00669,2.15602,-2.7402},
{1.00656,2.15602,-2.74019},
{1.00643,2.15602,-2.74019},
{1.0063,2.15602,-2.74018},
{1.00618,2.15602,-2.74018},
{1.00605,2.15602,-2.74018},
{1.00592,2.15602,-2.74017},
{1.00579,2.15602,-2.74017},
{1.00566,2.15602,-2.74017},
{1.00554,2.15602,-2.74016},
{1.00541,2.15602,-2.74016},
{1.00528,2.15602,-2.74015},
{1.00515,2.15602,-2.74015},
{1.00502,2.15602,-2.74015},
{1.00489,2.15602,-2.74014},
{1.00477,2.15602,-2.74014},
{1.00464,2.15602,-2.74014},
{1.00451,2.15601,-2.74013},
{1.00438,2.15601,-2.74013},
{1.00425,2.15601,-2.74013},
{1.00413,2.15601,-2.74012},
{1.004,2.15601,-2.74012},
{1.00387,2.15601,-2.74011},
{1.00374,2.15601,-2.74011},
{1.00361,2.15601,-2.74011},
{1.00348,2.15601,-2.7401},
{1.00336,2.15601,-2.7401},
{1.00323,2.15601,-2.7401},
{1.00373,2.15601,-2.74011},
{1.00364,2.15601,-2.74011},
{1.00355,2.15601,-2.7401},
{1.00346,2.15601,-2.7401},
{1.00337,2.15601,-2.7401},
{1.00329,2.15601,-2.7401},
{1.0032,2.15601,-2.74009},
{1.00311,2.15601,-2.74009},
{1.00302,2.15601,-2.74009},
{1.00293,2.15601,-2.74009},
{1.00284,2.15601,-2.74008},
{1.00275,2.15601,-2.74008},
{1.00266,2.15601,-2.74008},
{1.00257,2.15601,-2.74008},
{1.00248,2.15601,-2.74007},
{1.0024,2.15601,-2.74007},
{1.00231,2.15601,-2.74007},
{1.00222,2.15601,-2.74006},
{1.00213,2.15601,-2.74006},
{1.00204,2.15601,-2.74006},
{1.00195,2.15601,-2.74006},
{1.00186,2.15601,-2.74005},
{1.00177,2.15601,-2.74005},
{1.00168,2.15601,-2.74005},
{1.0016,2.15601,-2.74005},
{1.00151,2.15601,-2.74004},
{1.00142,2.156,-2.74004},
{1.00133,2.156,-2.74004},
{1.00124,2.156,-2.74004},
{1.0016,2.15601,-2.74005},
{1.00155,2.15601,-2.74004},
{1.00149,2.15601,-2.74004},
{1.00143,2.156,-2.74004},
{1.00138,2.156,-2.74004},
{1.00132,2.156,-2.74004},
{1.00127,2.156,-2.74004},
{1.00121,2.156,-2.74003},
{1.00115,2.156,-2.74003},
{1.0011,2.156,-2.74003},
{1.00104,2.156,-2.74003},
{1.00098,2.156,-2.74003},
{1.00093,2.156,-2.74003},
{1.00087,2.156,-2.74002},
{1.00082,2.156,-2.74002},
{1.00076,2.156,-2.74002},
{1.0007,2.156,-2.74002},
{1.00065,2.156,-2.74002},
{1.00059,2.156,-2.74002},
{1.00053,2.156,-2.74001},
{1.00048,2.156,-2.74001},
{1.00042,2.156,-2.74001},
{1.00036,2.156,-2.74001},
{1.00031,2.156,-2.74001},
{1.00055,2.156,-2.74001},
{1.00051,2.156,-2.74001},
{1.00048,2.156,-2.74001},
{1.00045,2.156,-2.74001},
{1.00042,2.156,-2.74001},
{1.00039,2.156,-2.74001},
{1.00036,2.156,-2.74001},
{1.00033,2.156,-2.74001},
{1.0003,2.156,-2.74001},
{1.00027,2.156,-2.74001},
{1.00024,2.156,-2.74001},
{1.00021,2.156,-2.74001},
{1.00017,2.156,-2.74},
{1.00014,2.156,-2.74},
{1.00011,2.156,-2.74},
{1.00008,2.156,-2.74},
{1.00005,2.156,-2.74},
{1.00002,2.156,-2.74},
{0.99999,2.156,-2.74},
{1.00012,2.156,-2.74},
{1.00011,2.156,-2.74},
{1.0001,2.156,-2.74},
{1.00008,2.156,-2.74},
{1.00007,2.156,-2.74},
{1.00006,2.156,-2.74},
{1.00004,2.156,-2.74},
{1.00003,2.156,-2.74},
{1.00002,2.156,-2.74},
{1.00001,2.156,-2.74},
{0.999992,2.156,-2.74},
{0.999979,2.156,-2.74},
{0.999966,2.156,-2.74},
{0.999953,2.156,-2.74},
{1.00001,2.156,-2.74},
{1.00001,2.156,-2.74},
{1,2.156,-2.74},
{1,2.156,-2.74},
{0.999998,2.156,-2.74},
{0.999995,2.156,-2.74},
{0.999992,2.156,-2.74},
{0.999989,2.156,-2.74},
{0.999986,2.156,-2.74},
{1,2.156,-2.74}