{2.808,1.85,-2.722},
{2.808,1.85,-2.722},
{2.80801,1.84999,-2.722},
{2.80802,1.84998,-2.722},
{2.80803,1.84997,-2.722},
{2.80804,1.84997,-2.72199},
{2.80805,1.84995,-2.72199},
{2.80807,1.84994,-2.72199},
{2.80808,1.84992,-2.72199},
{2.80811,1.8499,-2.72198},
{2.80812,1.84988,-2.72198},
{2.80814,1.84986,-2.72198},
{2.80816,1.84985,-2.72197},
{2.80818,1.84983,-2.72197},
{2.80822,1.84979,-2.72196},
{2.80824,1.84977,-2.72196},
{2.80827,1.84974,-2.72195},
{2.80829,1.84972,-2.72195},
{2.80832,1.8497,-2.72194},
{2.80834,1.84967,-2.72194},
{2.8084,1.84962,-2.72193},
{2.80843,1.84959,-2.72192},
{2.80846,1.84956,-2.72192},
{2.8085,1.84953,-2.72191},
{2.80853,1.8495,-2.72191},
{2.80856,1.84947,-2.7219},
{2.80863,1.8494,-2.72189},
{2.80867,1.84936,-2.72188},
{2.80871,1.84933,-2.72187},
{2.80875,1.84929,-2.72187},
{2.80879,1.84925,-2.72186},
{2.80883,1.84921,-2.72185},
{2.80887,1.84917,-2.72184},
{2.80891,1.84913,-2.72184},
{2.809,1.84905,-2.72182},
{2.80905,1.849,-2.72181},
{2.8091,1.84895,-2.7218},
{2.80915,1.8489,-2.72179},
{2.8092,1.84886,-2.72178},
{2.80925,1.84881,-2.72177},
{2.8093,1.84876,-2.72176},
{2.80935,1.84871,-2.72176},
{2.80945,1.84862,-2.72174},
{2.80951,1.84856,-2.72173},
{2.80957,1.8485,-2.72172},
{2.80964,1.84844,-2.7217},
{2.8097,1.84839,-2.72169},
{2.80976,1.84833,-2.72168},
{2.80982,1.84827,-2.72167},
{2.80988,1.84821,-2.72166},
{2.80994,1.84816,-2.72165},
{2.81005,1.84805,-2.72163},
{2.81012,1.84798,-2.72162},
{2.8102,1.84791,-2.7216},
{2.81027,1.84784,-2.72159},
{2.81034,1.84777,-2.72158},
{2.81041,1.84771,-2.72157},
{2.81048,1.84764,-2.72155},
{2.81055,1.84757,-2.72154},
{2.81062,1.8475,-2.72153},
{2.81069,1.84744,-2.72151},
{2.81077,1.84737,-2.7215},
{2.81091,1.84723,-2.72148},
{2.81099,1.84715,-2.72146},
{2.81107,1.84707,-2.72145},
{2.81116,1.847,-2.72143},
{2.81124,1.84692,-2.72142},
{2.81132,1.84684,-2.7214},
{2.8114,1.84676,-2.72139},
{2.81149,1.84668,-2.72137},
{2.81157,1.8466,-2.72136},
{2.81165,1.84652,-2.72134},
{2.81174,1.84644,-2.72133},
{2.8119,1.84629,-2.7213},
{2.81199,1.8462,-2.72128},
{2.81209,1.84611,-2.72127},
{2.81218,1.84602,-2.72125},
{2.81228,1.84593,-2.72123},
{2.81237,1.84584,-2.72122},
{2.81246,1.84575,-2.7212},
{2.81256,1.84566,-2.72118},
{2.81265,1.84557,-2.72117},
{2.81275,1.84548,-2.72115},
{2.81284,1.84539,-2.72113},
{2.81294,1.8453,-2.72112},
{2.81312,1.84513,-2.72108},
{2.81323,1.84503,-2.72107},
{2.81333,1.84492,-2.72105},
{2.81344,1.84482,-2.72103},
{2.81355,1.84472,-2.72101},
{2.81365,1.84462,-2.72099},
{2.81376,1.84452,-2.72097},
{2.81387,1.84441,-2.72095},
{2.81398,1.84431,-2.72094},
{2.81408,1.84421,-2.72092},
{2.81419,1.84411,-2.7209},
{2.8143,1.84401,-2.72088},
{2.8144,1.84391,-2.72086},
{2.81461,1.84371,-2.72083},
{2.81473,1.8436,-2.72081},
{2.81485,1.84348,-2.72079},
{2.81497,1.84337,-2.72076},
{2.81509,1.84326,-2.72074},
{2.81521,1.84314,-2.72072},
{2.81533,1.84303,-2.7207},
{2.81545,1.84291,-2.72068},
{2.81557,1.8428,-2.72066},
{2.81568,1.84269,-2.72064},
{2.8158,1.84257,-2.72062},
{2.81592,1.84246,-2.7206},
{2.81604,1.84234,-2.72058},
{2.81626,1.84214,-2.72054},
{2.81639,1.84201,-2.72052},
{2.81653,1.84188,-2.7205},
{2.81666,1.84176,-2.72048},
{2.81679,1.84163,-2.72046},
{2.81692,1.84151,-2.72043},
{2.81706,1.84138,-2.72041},
{2.81719,1.84125,-2.72039},
{2.81732,1.84113,-2.72037},
{2.81745,1.841,-2.72035},
{2.81759,1.84088,-2.72032},
{2.81772,1.84075,-2.7203},
{2.81785,1.84062,-2.72028},
{2.81799,1.8405,-2.72026},
{2.81812,1.84037,-2.72024},
{2.81836,1.84014,-2.7202},
{2.81851,1.84,-2.72017},
{2.81865,1.83986,-2.72015},
{2.8188,1.83972,-2.72012},
{2.81895,1.83958,-2.7201},
{2.81909,1.83944,-2.72008},
{2.81924,1.8393,-2.72005},
{2.81938,1.83917,-2.72003},
{2.81953,1.83903,-2.72001},
{2.81967,1.83889,-2.71998},
{2.81982,1.83875,-2.71996},
{2.81997,1.83861,-2.71993},
{2.82011,1.83847,-2.71991},
{2.82026,1.83833,-2.71989},
{2.8204,1.8382,-2.71986},
{2.82067,1.83795,-2.71982},
{2.82083,1.83779,-2.71979},
{2.82098,1.83764,-2.71977},
{2.82114,1.83749,-2.71974},
{2.8213,1.83734,-2.71972},
{2.82146,1.83719,-2.71969},
{2.82162,1.83704,-2.71967},
{2.82178,1.83689,-2.71964},
{2.82194,1.83674,-2.71962},
{2.8221,1.83658,-2.71959},
{2.82226,1.83643,-2.71956},
{2.82241,1.83628,-2.71954},
{2.82257,1.83613,-2.71951},
{2.82273,1.83598,-2.71949},
{2.82289,1.83583,-2.71946},
{2.82305,1.83568,-2.71944},
{2.82333,1.83541,-2.71939},
{2.82351,1.83524,-2.71936},
{2.82368,1.83508,-2.71934},
{2.82385,1.83492,-2.71931},
{2.82402,1.83475,-2.71928},
{2.82419,1.83459,-2.71926},
{2.82437,1.83443,-2.71923},
{2.82454,1.83426,-2.7192},
{2.82471,1.8341,-2.71917},
{2.82488,1.83393,-2.71915},
{2.82506,1.83377,-2.71912},
{2.82523,1.83361,-2.71909},
{2.8254,1.83344,-2.71907},
{2.82557,1.83328,-2.71904},
{2.82575,1.83311,-2.71901},
{2.82592,1.83295,-2.71898},
{2.82621,1.83267,-2.71894},
{2.82639,1.8325,-2.71891},
{2.82658,1.83232,-2.71888},
{2.82677,1.83215,-2.71885},
{2.82695,1.83197,-2.71882},
{2.82714,1.83179,-2.71879},
{2.82732,1.83162,-2.71877},
{2.82751,1.83144,-2.71874},
{2.82769,1.83126,-2.71871},
{2.82788,1.83109,-2.71868},
{2.82807,1.83091,-2.71865},
{2.82825,1.83073,-2.71862},
{2.82844,1.83056,-2.71859},
{2.82862,1.83038,-2.71856},
{2.82881,1.83021,-2.71854},
{2.82899,1.83003,-2.71851},
{2.82918,1.82985,-2.71848},
{2.82936,1.82968,-2.71845},
{2.82968,1.82938,-2.7184},
{2.82988,1.82919,-2.71837},
{2.83008,1.829,-2.71834},
{2.83028,1.82881,-2.71831},
{2.83048,1.82862,-2.71828},
{2.83068,1.82843,-2.71825},
{2.83087,1.82824,-2.71822},
{2.83107,1.82806,-2.71819},
{2.83127,1.82787,-2.71816},
{2.83147,1.82768,-2.71813},
{2.83167,1.82749,-2.7181},
{2.83187,1.8273,-2.71807},
{2.83207,1.82711,-2.71804},
{2.83227,1.82693,-2.71801},
{2.83246,1.82674,-2.71798},
{2.83266,1.82655,-2.71795},
{2.83286,1.82636,-2.71792},
{2.83306,1.82617,-2.71789},
{2.83339,1.82586,-2.71784},
{2.8336,1.82565,-2.71781},
{2.83382,1.82545,-2.71778},
{2.83403,1.82525,-2.71774},
{2.83424,1.82505,-2.71771},
{2.83445,1.82485,-2.71768},
{2.83466,1.82465,-2.71765},
{2.83487,1.82445,-2.71762},
{2.83509,1.82425,-2.71759},
{2.8353,1.82405,-2.71756},
{2.83551,1.82385,-2.71752},
{2.83572,1.82365,-2.71749},
{2.83593,1.82345,-2.71746},
{2.83614,1.82325,-2.71743},
{2.83635,1.82305,-2.7174},
{2.83657,1.82285,-2.71737},
{2.83678,1.82265,-2.71734},
{2.83699,1.82245,-2.7173},
{2.83733,1.82213,-2.71725},
{2.83755,1.82191,-2.71722},
{2.83778,1.8217,-2.71719},
{2.838,1.82149,-2.71715},
{2.83822,1.82128,-2.71712},
{2.83845,1.82107,-2.71709},
{2.83867,1.82085,-2.71706},
{2.83889,1.82064,-2.71702},
{2.83912,1.82043,-2.71699},
{2.83934,1.82022,-2.71696},
{2.83957,1.82001,-2.71692},
{2.83979,1.81979,-2.71689},
{2.84001,1.81958,-2.71686},
{2.84024,1.81937,-2.71683},
{2.84046,1.81916,-2.71679},
{2.84069,1.81895,-2.71676},
{2.84091,1.81873,-2.71673},
{2.84113,1.81852,-2.71669},
{2.84136,1.81831,-2.71666},
{2.84171,1.81798,-2.71661},
{2.84194,1.81776,-2.71658},
{2.84218,1.81753,-2.71654},
{2.84241,1.81731,-2.71651},
{2.84265,1.81709,-2.71647},
{2.84288,1.81686,-2.71644},
{2.84312,1.81664,-2.71641},
{2.84336,1.81642,-2.71637},
{2.84359,1.81619,-2.71634},
{2.84383,1.81597,-2.7163},
{2.84406,1.81575,-2.71627},
{2.8443,1.81553,-2.71624},
{2.84454,1.8153,-2.7162},
{2.84477,1.81508,-2.71617},
{2.84501,1.81486,-2.71613},
{2.84524,1.81463,-2.7161},
{2.84548,1.81441,-2.71607},
{2.84571,1.81419,-2.71603},
{2.84595,1.81396,-2.716},
{2.84619,1.81374,-2.71596},
{2.84655,1.8134,-2.71591},
{2.8468,1.81316,-2.71588},
{2.84704,1.81293,-2.71584},
{2.84729,1.8127,-2.71581},
{2.84754,1.81246,-2.71577},
{2.84778,1.81223,-2.71574},
{2.84803,1.812,-2.7157},
{2.84828,1.81176,-2.71567},
{2.84853,1.81153,-2.71563},
{2.84877,1.81129,-2.7156},
{2.84902,1.81106,-2.71556},
{2.84927,1.81083,-2.71553},
{2.84952,1.81059,-2.71549},
{2.84976,1.81036,-2.71546},
{2.85001,1.81013,-2.71542},
{2.85026,1.80989,-2.71538},
{2.8505,1.80966,-2.71535},
{2.85075,1.80943,-2.71531},
{2.851,1.80919,-2.71528},
{2.85125,1.80896,-2.71524},
{2.85161,1.80861,-2.71519},
{2.85187,1.80837,-2.71516},
{2.85213,1.80812,-2.71512},
{2.85239,1.80788,-2.71508},
{2.85265,1.80764,-2.71505},
{2.8529,1.80739,-2.71501},
{2.85316,1.80715,-2.71498},
{2.85342,1.8069,-2.71494},
{2.85368,1.80666,-2.7149},
{2.85394,1.80642,-2.71487},
{2.85419,1.80617,-2.71483},
{2.85445,1.80593,-2.7148},
{2.85471,1.80569,-2.71476},
{2.85497,1.80544,-2.71472},
{2.85523,1.8052,-2.71469},
{2.85548,1.80496,-2.71465},
{2.85574,1.80471,-2.71461},
{2.856,1.80447,-2.71458},
{2.85626,1.80423,-2.71454},
{2.85652,1.80398,-2.71451},
{2.85677,1.80374,-2.71447},
{2.85715,1.80338,-2.71442},
{2.85742,1.80313,-2.71438},
{2.85769,1.80288,-2.71434},
{2.85796,1.80262,-2.71431},
{2.85823,1.80237,-2.71427},
{2.85849,1.80212,-2.71423},
{2.85876,1.80186,-2.7142},
{2.85903,1.80161,-2.71416},
{2.8593,1.80136,-2.71412},
{2.85957,1.80111,-2.71409},
{2.85983,1.80085,-2.71405},
{2.8601,1.8006,-2.71401},
{2.86037,1.80035,-2.71398},
{2.86064,1.80009,-2.71394},
{2.86091,1.79984,-2.7139},
{2.86118,1.79959,-2.71387},
{2.86144,1.79934,-2.71383},
{2.86171,1.79908,-2.71379},
{2.86198,1.79883,-2.71375},
{2.86225,1.79858,-2.71372},
{2.86252,1.79832,-2.71368},
{2.8629,1.79797,-2.71363},
{2.86317,1.7977,-2.71359},
{2.86345,1.79744,-2.71355},
{2.86373,1.79718,-2.71352},
{2.86401,1.79692,-2.71348},
{2.86428,1.79666,-2.71344},
{2.86456,1.7964,-2.7134},
{2.86484,1.79614,-2.71337},
{2.86512,1.79588,-2.71333},
{2.86539,1.79561,-2.71329},
{2.86567,1.79535,-2.71326},
{2.86595,1.79509,-2.71322},
{2.86623,1.79483,-2.71318},
{2.8665,1.79457,-2.71314},
{2.86678,1.79431,-2.71311},
{2.86706,1.79405,-2.71307},
{2.86734,1.79378,-2.71303},
{2.86761,1.79352,-2.71299},
{2.86789,1.79326,-2.71296},
{2.86817,1.793,-2.71292},
{2.86845,1.79274,-2.71288},
{2.86882,1.79238,-2.71283},
{2.86911,1.79211,-2.71279},
{2.8694,1.79184,-2.71276},
{2.86968,1.79158,-2.71272},
{2.86997,1.79131,-2.71268},
{2.87025,1.79104,-2.71264},
{2.87054,1.79077,-2.71261},
{2.87083,1.7905,-2.71257},
{2.87111,1.79023,-2.71253},
{2.8714,1.78996,-2.71249},
{2.87168,1.78969,-2.71246},
{2.87197,1.78942,-2.71242},
{2.87226,1.78915,-2.71238},
{2.87254,1.78889,-2.71234},
{2.87283,1.78862,-2.71231},
{2.87311,1.78835,-2.71227},
{2.8734,1.78808,-2.71223},
{2.87368,1.78781,-2.71219},
{2.87397,1.78754,-2.71216},
{2.87426,1.78727,-2.71212},
{2.87454,1.787,-2.71208},
{2.87483,1.78673,-2.71204},
{2.87521,1.78638,-2.71199},
{2.8755,1.7861,-2.71196},
{2.8758,1.78582,-2.71192},
{2.87609,1.78555,-2.71188},
{2.87638,1.78527,-2.71184},
{2.87668,1.785,-2.7118},
{2.87697,1.78472,-2.71177},
{2.87726,1.78445,-2.71173},
{2.87756,1.78417,-2.71169},
{2.87785,1.78389,-2.71165},
{2.87814,1.78362,-2.71162},
{2.87844,1.78334,-2.71158},
{2.87873,1.78307,-2.71154},
{2.87902,1.78279,-2.7115},
{2.87932,1.78252,-2.71147},
{2.87961,1.78224,-2.71143},
{2.8799,1.78196,-2.71139},
{2.8802,1.78169,-2.71135},
{2.88049,1.78141,-2.71132},
{2.88078,1.78114,-2.71128},
{2.88108,1.78086,-2.71124},
{2.88137,1.78058,-2.7112},
{2.88166,1.78031,-2.71117},
{2.88205,1.77995,-2.71112},
{2.88235,1.77967,-2.71108},
{2.88265,1.77939,-2.71104},
{2.88295,1.7791,-2.711},
{2.88325,1.77882,-2.71097},
{2.88355,1.77854,-2.71093},
{2.88385,1.77826,-2.71089},
{2.88415,1.77798,-2.71085},
{2.88445,1.7777,-2.71082},
{2.88475,1.77741,-2.71078},
{2.88505,1.77713,-2.71074},
{2.88535,1.77685,-2.7107},
{2.88565,1.77657,-2.71066},
{2.88595,1.77629,-2.71063},
{2.88625,1.77601,-2.71059},
{2.88655,1.77572,-2.71055},
{2.88685,1.77544,-2.71051},
{2.88715,1.77516,-2.71048},
{2.88745,1.77488,-2.71044},
{2.88775,1.7746,-2.7104},
{2.88805,1.77432,-2.71036},
{2.88835,1.77403,-2.71033},
{2.88873,1.77368,-2.71028},
{2.88903,1.77339,-2.71024},
{2.88934,1.77311,-2.7102},
{2.88965,1.77282,-2.71017},
{2.88995,1.77253,-2.71013},
{2.89026,1.77225,-2.71009},
{2.89056,1.77196,-2.71005},
{2.89087,1.77167,-2.71001},
{2.89117,1.77139,-2.70998},
{2.89148,1.7711,-2.70994},
{2.89179,1.77081,-2.7099},
{2.89209,1.77053,-2.70986},
{2.8924,1.77024,-2.70983},
{2.8927,1.76995,-2.70979},
{2.89301,1.76967,-2.70975},
{2.89331,1.76938,-2.70971},
{2.89362,1.76909,-2.70967},
{2.89393,1.76881,-2.70964},
{2.89423,1.76852,-2.7096},
{2.89454,1.76823,-2.70956},
{2.89484,1.76795,-2.70952},
{2.89515,1.76766,-2.70949},
{2.89546,1.76737,-2.70945},
{2.89583,1.76703,-2.7094},
{2.89614,1.76674,-2.70936},
{2.89645,1.76645,-2.70933},
{2.89676,1.76615,-2.70929},
{2.89707,1.76586,-2.70925},
{2.89738,1.76557,-2.70921},
{2.89769,1.76528,-2.70917},
{2.898,1.76499,-2.70914},
{2.89831,1.7647,-2.7091},
{2.89862,1.76441,-2.70906},
{2.89893,1.76412,-2.70902},
{2.89924,1.76383,-2.70898},
{2.89955,1.76354,-2.70895},
{2.89986,1.76325,-2.70891},
{2.90017,1.76296,-2.70887},
{2.90048,1.76267,-2.70883},
{2.90079,1.76238,-2.70879},
{2.9011,1.76209,-2.70876},
{2.90141,1.7618,-2.70872},
{2.90172,1.76151,-2.70868},
{2.90203,1.76122,-2.70864},
{2.90234,1.76092,-2.7086},
{2.90266,1.76063,-2.70857},
{2.90302,1.76029,-2.70852},
{2.90333,1.76,-2.70848},
{2.90365,1.75971,-2.70845},
{2.90396,1.75941,-2.70841},
{2.90427,1.75912,-2.70837},
{2.90459,1.75883,-2.70833},
{2.9049,1.75853,-2.70829},
{2.90522,1.75824,-2.70825},
{2.90553,1.75795,-2.70822},
{2.90584,1.75765,-2.70818},
{2.90616,1.75736,-2.70814},
{2.90647,1.75707,-2.7081},
{2.90679,1.75677,-2.70806},
{2.9071,1.75648,-2.70803},
{2.90741,1.75619,-2.70799},
{2.90773,1.75589,-2.70795},
{2.90804,1.7556,-2.70791},
{2.90835,1.7553,-2.70787},
{2.90867,1.75501,-2.70783},
{2.90898,1.75472,-2.7078},
{2.9093,1.75442,-2.70776},
{2.90961,1.75413,-2.70772},
{2.90992,1.75384,-2.70768},
{2.91028,1.75351,-2.70764},
{2.91059,1.75321,-2.7076},
{2.91091,1.75292,-2.70756},
{2.91123,1.75262,-2.70752},
{2.91154,1.75233,-2.70748},
{2.91186,1.75203,-2.70744},
{2.91217,1.75173,-2.70741},
{2.91249,1.75144,-2.70737},
{2.91281,1.75114,-2.70733},
{2.91312,1.75085,-2.70729},
{2.91344,1.75055,-2.70725},
{2.91376,1.75026,-2.70721},
{2.91407,1.74996,-2.70717},
{2.91439,1.74967,-2.70714},
{2.9147,1.74937,-2.7071},
{2.91502,1.74908,-2.70706},
{2.91534,1.74878,-2.70702},
{2.91565,1.74849,-2.70698},
{2.91597,1.74819,-2.70694},
{2.91629,1.7479,-2.7069},
{2.9166,1.7476,-2.70687},
{2.91692,1.74731,-2.70683},
{2.91723,1.74701,-2.70679},
{2.91758,1.74669,-2.70675},
{2.91789,1.74639,-2.70671},
{2.91821,1.7461,-2.70667},
{2.91853,1.7458,-2.70663},
{2.91885,1.74551,-2.70659},
{2.91916,1.74521,-2.70655},
{2.91948,1.74491,-2.70651},
{2.9198,1.74462,-2.70647},
{2.92012,1.74432,-2.70644},
{2.92043,1.74403,-2.7064},
{2.92075,1.74373,-2.70636},
{2.92107,1.74343,-2.70632},
{2.92139,1.74314,-2.70628},
{2.9217,1.74284,-2.70624},
{2.92202,1.74254,-2.7062},
{2.92234,1.74225,-2.70616},
{2.92266,1.74195,-2.70612},
{2.92297,1.74166,-2.70609},
{2.92329,1.74136,-2.70605},
{2.92361,1.74106,-2.70601},
{2.92393,1.74077,-2.70597},
{2.92424,1.74047,-2.70593},
{2.92456,1.74018,-2.70589},
{2.92488,1.73988,-2.70585},
{2.92521,1.73957,-2.70581},
{2.92553,1.73928,-2.70577},
{2.92585,1.73898,-2.70573},
{2.92616,1.73868,-2.70569},
{2.92648,1.73839,-2.70565},
{2.9268,1.73809,-2.70562},
{2.92712,1.7378,-2.70558},
{2.92743,1.7375,-2.70554},
{2.92775,1.7372,-2.7055},
{2.92807,1.73691,-2.70546},
{2.92839,1.73661,-2.70542},
{2.9287,1.73632,-2.70538},
{2.92902,1.73602,-2.70534},
{2.92934,1.73572,-2.7053},
{2.92966,1.73543,-2.70526},
{2.92997,1.73513,-2.70522},
{2.93029,1.73484,-2.70518},
{2.93061,1.73454,-2.70515},
{2.93093,1.73424,-2.70511},
{2.93125,1.73395,-2.70507},
{2.93156,1.73365,-2.70503},
{2.93188,1.73336,-2.70499},
{2.9322,1.73306,-2.70495},
{2.93252,1.73277,-2.70491},
{2.93283,1.73247,-2.70487},
{2.93315,1.73218,-2.70483},
{2.93347,1.73188,-2.70479},
{2.93378,1.73159,-2.70475},
{2.9341,1.73129,-2.70471},
{2.93442,1.731,-2.70468},
{2.93473,1.7307,-2.70464},
{2.93505,1.73041,-2.7046},
{2.93537,1.73011,-2.70456},
{2.93568,1.72982,-2.70452},
{2.936,1.72952,-2.70448},
{2.93632,1.72923,-2.70444},
{2.93663,1.72894,-2.7044},
{2.93695,1.72864,-2.70436},
{2.93727,1.72835,-2.70432},
{2.93758,1.72805,-2.70428},
{2.9379,1.72776,-2.70424},
{2.93822,1.72746,-2.7042},
{2.93853,1.72717,-2.70416},
{2.93885,1.72687,-2.70413},
{2.93917,1.72658,-2.70409},
{2.93948,1.72628,-2.70405},
{2.93979,1.726,-2.70401},
{2.9401,1.72571,-2.70397},
{2.94042,1.72542,-2.70393},
{2.94073,1.72512,-2.70389},
{2.94105,1.72483,-2.70385},
{2.94136,1.72454,-2.70381},
{2.94168,1.72425,-2.70377},
{2.94199,1.72395,-2.70374},
{2.94231,1.72366,-2.7037},
{2.94262,1.72337,-2.70366},
{2.94294,1.72308,-2.70362},
{2.94325,1.72278,-2.70358},
{2.94357,1.72249,-2.70354},
{2.94388,1.7222,-2.7035},
{2.9442,1.72191,-2.70346},
{2.94451,1.72162,-2.70342},
{2.94482,1.72132,-2.70338},
{2.94514,1.72103,-2.70334},
{2.94545,1.72074,-2.7033},
{2.94577,1.72045,-2.70326},
{2.94608,1.72015,-2.70323},
{2.9464,1.71986,-2.70319},
{2.94671,1.71957,-2.70315},
{2.94703,1.71928,-2.70311},
{2.94731,1.71901,-2.70307},
{2.94763,1.71872,-2.70303},
{2.94794,1.71843,-2.70299},
{2.94825,1.71814,-2.70295},
{2.94856,1.71785,-2.70292},
{2.94887,1.71757,-2.70288},
{2.94918,1.71728,-2.70284},
{2.9495,1.71699,-2.7028},
{2.94981,1.7167,-2.70276},
{2.95012,1.71641,-2.70272},
{2.95043,1.71612,-2.70268},
{2.95074,1.71583,-2.70264},
{2.95105,1.71554,-2.7026},
{2.95137,1.71525,-2.70256},
{2.95168,1.71496,-2.70252},
{2.95199,1.71467,-2.70249},
{2.9523,1.71438,-2.70245},
{2.95261,1.7141,-2.70241},
{2.95292,1.71381,-2.70237},
{2.95324,1.71352,-2.70233},
{2.95355,1.71323,-2.70229},
{2.95386,1.71294,-2.70225},
{2.95417,1.71265,-2.70221},
{2.95444,1.7124,-2.70218},
{2.95475,1.71211,-2.70214},
{2.95506,1.71183,-2.7021},
{2.95536,1.71155,-2.70206},
{2.95567,1.71126,-2.70202},
{2.95598,1.71098,-2.70198},
{2.95629,1.71069,-2.70195},
{2.95659,1.71041,-2.70191},
{2.9569,1.71012,-2.70187},
{2.95721,1.70984,-2.70183},
{2.95752,1.70955,-2.70179},
{2.95782,1.70927,-2.70175},
{2.95813,1.70898,-2.70171},
{2.95844,1.7087,-2.70167},
{2.95875,1.70841,-2.70163},
{2.95905,1.70813,-2.7016},
{2.95936,1.70784,-2.70156},
{2.95967,1.70756,-2.70152},
{2.95998,1.70727,-2.70148},
{2.96028,1.70699,-2.70144},
{2.96059,1.7067,-2.7014},
{2.9609,1.70642,-2.70136},
{2.96121,1.70613,-2.70132},
{2.96146,1.7059,-2.70129},
{2.96176,1.70562,-2.70125},
{2.96207,1.70534,-2.70121},
{2.96237,1.70506,-2.70118},
{2.96267,1.70478,-2.70114},
{2.96297,1.7045,-2.7011},
{2.96327,1.70422,-2.70106},
{2.96358,1.70394,-2.70102},
{2.96388,1.70366,-2.70098},
{2.96418,1.70338,-2.70094},
{2.96448,1.7031,-2.7009},
{2.96478,1.70282,-2.70087},
{2.96509,1.70254,-2.70083},
{2.96539,1.70226,-2.70079},
{2.96569,1.70198,-2.70075},
{2.96599,1.7017,-2.70071},
{2.9663,1.70143,-2.70067},
{2.9666,1.70115,-2.70063},
{2.9669,1.70087,-2.7006},
{2.9672,1.70059,-2.70056},
{2.9675,1.70031,-2.70052},
{2.96781,1.70003,-2.70048},
{2.96811,1.69975,-2.70044},
{2.96834,1.69953,-2.70041},
{2.96864,1.69926,-2.70037},
{2.96894,1.69898,-2.70033},
{2.96923,1.69871,-2.70029},
{2.96953,1.69844,-2.70026},
{2.96982,1.69816,-2.70022},
{2.97012,1.69789,-2.70018},
{2.97042,1.69762,-2.70014},
{2.97071,1.69734,-2.7001},
{2.97101,1.69707,-2.70006},
{2.9713,1.6968,-2.70002},
{2.9716,1.69652,-2.69999},
{2.97189,1.69625,-2.69995},
{2.97219,1.69598,-2.69991},
{2.97249,1.6957,-2.69987},
{2.97278,1.69543,-2.69983},
{2.97308,1.69516,-2.69979},
{2.97337,1.69488,-2.69976},
{2.97367,1.69461,-2.69972},
{2.97396,1.69434,-2.69968},
{2.97426,1.69406,-2.69964},
{2.97456,1.69379,-2.6996},
{2.97485,1.69352,-2.69956},
{2.97507,1.69332,-2.69953},
{2.97536,1.69305,-2.69949},
{2.97565,1.69278,-2.69946},
{2.97593,1.69252,-2.69942},
{2.97622,1.69225,-2.69938},
{2.97651,1.69198,-2.69934},
{2.9768,1.69172,-2.6993},
{2.97709,1.69145,-2.69926},
{2.97738,1.69119,-2.69923},
{2.97767,1.69092,-2.69919},
{2.97795,1.69065,-2.69915},
{2.97824,1.69039,-2.69911},
{2.97853,1.69012,-2.69907},
{2.97882,1.68985,-2.69903},
{2.97911,1.68959,-2.69899},
{2.9794,1.68932,-2.69896},
{2.97968,1.68906,-2.69892},
{2.97997,1.68879,-2.69888},
{2.98026,1.68852,-2.69884},
{2.98055,1.68826,-2.6988},
{2.98084,1.68799,-2.69876},
{2.98113,1.68772,-2.69873},
{2.98133,1.68754,-2.6987},
{2.98161,1.68728,-2.69866},
{2.98189,1.68702,-2.69862},
{2.98217,1.68676,-2.69858},
{2.98245,1.6865,-2.69854},
{2.98273,1.68624,-2.69851},
{2.98301,1.68599,-2.69847},
{2.98329,1.68573,-2.69843},
{2.98357,1.68547,-2.69839},
{2.98385,1.68521,-2.69835},
{2.98413,1.68495,-2.69831},
{2.98441,1.68469,-2.69827},
{2.98469,1.68444,-2.69824},
{2.98497,1.68418,-2.6982},
{2.98525,1.68392,-2.69816},
{2.98553,1.68366,-2.69812},
{2.98581,1.6834,-2.69808},
{2.98609,1.68314,-2.69804},
{2.98637,1.68289,-2.69801},
{2.98665,1.68263,-2.69797},
{2.98693,1.68237,-2.69793},
{2.98721,1.68211,-2.69789},
{2.9874,1.68194,-2.69786},
{2.98767,1.68169,-2.69783},
{2.98794,1.68144,-2.69779},
{2.98822,1.68119,-2.69775},
{2.98849,1.68094,-2.69771},
{2.98876,1.68069,-2.69767},
{2.98903,1.68044,-2.69764},
{2.9893,1.68019,-2.6976},
{2.98957,1.67994,-2.69756},
{2.98984,1.67969,-2.69752},
{2.99011,1.67944,-2.69748},
{2.99038,1.67919,-2.69744},
{2.99066,1.67894,-2.69741},
{2.99093,1.67869,-2.69737},
{2.9912,1.67844,-2.69733},
{2.99147,1.67819,-2.69729},
{2.99174,1.67794,-2.69725},
{2.99201,1.67769,-2.69721},
{2.99228,1.67744,-2.69718},
{2.99255,1.67719,-2.69714},
{2.99282,1.67694,-2.6971},
{2.9931,1.67669,-2.69706},
{2.99327,1.67654,-2.69704},
{2.99353,1.6763,-2.697},
{2.99379,1.67606,-2.69696},
{2.99405,1.67582,-2.69692},
{2.99431,1.67558,-2.69689},
{2.99457,1.67534,-2.69685},
{2.99483,1.6751,-2.69681},
{2.99509,1.67486,-2.69677},
{2.99536,1.67462,-2.69673},
{2.99562,1.67438,-2.6967},
{2.99588,1.67414,-2.69666},
{2.99614,1.67389,-2.69662},
{2.9964,1.67365,-2.69658},
{2.99666,1.67341,-2.69655},
{2.99692,1.67317,-2.69651},
{2.99718,1.67293,-2.69647},
{2.99744,1.67269,-2.69643},
{2.99771,1.67245,-2.69639},
{2.99797,1.67221,-2.69636},
{2.99823,1.67197,-2.69632},
{2.99849,1.67173,-2.69628},
{2.99875,1.67149,-2.69624},
{2.9989,1.67136,-2.69622},
{2.99915,1.67113,-2.69618},
{2.9994,1.6709,-2.69615},
{2.99965,1.67067,-2.69611},
{2.9999,1.67044,-2.69607},
{3.00015,1.67021,-2.69604},
{3.0004,1.66997,-2.696},
{3.00065,1.66974,-2.69596},
{3.0009,1.66951,-2.69593},
{3.00115,1.66928,-2.69589},
{3.0014,1.66905,-2.69585},
{3.00165,1.66882,-2.69581},
{3.0019,1.66859,-2.69578},
{3.00216,1.66836,-2.69574},
{3.00241,1.66813,-2.6957},
{3.00266,1.6679,-2.69567},
{3.00291,1.66767,-2.69563},
{3.00316,1.66744,-2.69559},
{3.00341,1.66721,-2.69555},
{3.00366,1.66698,-2.69552},
{3.00391,1.66675,-2.69548},
{3.00404,1.66663,-2.69546},
{3.00428,1.66641,-2.69542},
{3.00452,1.66619,-2.69539},
{3.00476,1.66597,-2.69535},
{3.005,1.66575,-2.69532},
{3.00524,1.66553,-2.69528},
{3.00548,1.66531,-2.69524},
{3.00572,1.66509,-2.69521},
{3.00596,1.66487,-2.69517},
{3.00619,1.66465,-2.69514},
{3.00643,1.66443,-2.6951},
{3.00667,1.66422,-2.69506},
{3.00691,1.664,-2.69503},
{3.00715,1.66378,-2.69499},
{3.00739,1.66356,-2.69496},
{3.00763,1.66334,-2.69492},
{3.00787,1.66312,-2.69488},
{3.00811,1.6629,-2.69485},
{3.00835,1.66268,-2.69481},
{3.00859,1.66246,-2.69478},
{3.00882,1.66224,-2.69474},
{3.00894,1.66213,-2.69472},
{3.00917,1.66193,-2.69469},
{3.00939,1.66172,-2.69465},
{3.00962,1.66151,-2.69462},
{3.00985,1.6613,-2.69458},
{3.01008,1.66109,-2.69455},
{3.0103,1.66088,-2.69451},
{3.01053,1.66068,-2.69448},
{3.01076,1.66047,-2.69444},
{3.01098,1.66026,-2.69441},
{3.01121,1.66005,-2.69437},
{3.01144,1.65984,-2.69434},
{3.01167,1.65963,-2.6943},
{3.01189,1.65943,-2.69427},
{3.01212,1.65922,-2.69423},
{3.01235,1.65901,-2.6942},
{3.01258,1.6588,-2.69416},
{3.0128,1.65859,-2.69413},
{3.01303,1.65838,-2.69409},
{3.01326,1.65818,-2.69406},
{3.01336,1.65808,-2.69404},
{3.01357,1.65788,-2.69401},
{3.01379,1.65769,-2.69398},
{3.014,1.65749,-2.69394},
{3.01422,1.65729,-2.69391},
{3.01443,1.6571,-2.69388},
{3.01465,1.6569,-2.69384},
{3.01486,1.6567,-2.69381},
{3.01508,1.65651,-2.69378},
{3.01529,1.65631,-2.69374},
{3.01551,1.65611,-2.69371},
{3.01572,1.65592,-2.69367},
{3.01594,1.65572,-2.69364},
{3.01615,1.65552,-2.69361},
{3.01637,1.65533,-2.69357},
{3.01658,1.65513,-2.69354},
{3.0168,1.65493,-2.69351},
{3.01701,1.65474,-2.69347},
{3.01723,1.65454,-2.69344},
{3.01744,1.65434,-2.69341},
{3.01753,1.65426,-2.69339},
{3.01773,1.65408,-2.69336},
{3.01793,1.65389,-2.69333},
{3.01813,1.65371,-2.6933},
{3.01833,1.65352,-2.69326},
{3.01854,1.65334,-2.69323},
{3.01874,1.65315,-2.6932},
{3.01894,1.65297,-2.69317},
{3.01914,1.65278,-2.69314},
{3.01935,1.6526,-2.6931},
{3.01955,1.65241,-2.69307},
{3.01975,1.65223,-2.69304},
{3.01995,1.65205,-2.69301},
{3.02015,1.65186,-2.69298},
{3.02036,1.65168,-2.69294},
{3.02056,1.65149,-2.69291},
{3.02076,1.65131,-2.69288},
{3.02096,1.65112,-2.69285},
{3.02116,1.65094,-2.69282},
{3.02124,1.65087,-2.6928},
{3.02143,1.6507,-2.69277},
{3.02162,1.65052,-2.69274},
{3.0218,1.65035,-2.69271},
{3.02199,1.65018,-2.69268},
{3.02218,1.65,-2.69265},
{3.02237,1.64983,-2.69262},
{3.02256,1.64966,-2.69259},
{3.02275,1.64949,-2.69256},
{3.02294,1.64931,-2.69253},
{3.02313,1.64914,-2.6925},
{3.02332,1.64897,-2.69247},
{3.02351,1.6488,-2.69244},
{3.02369,1.64862,-2.69241},
{3.02388,1.64845,-2.69238},
{3.02407,1.64828,-2.69234},
{3.02426,1.6481,-2.69231},
{3.02445,1.64793,-2.69228},
{3.02452,1.64787,-2.69227},
{3.02469,1.64771,-2.69224},
{3.02487,1.64755,-2.69221},
{3.02505,1.64739,-2.69218},
{3.02522,1.64723,-2.69216},
{3.0254,1.64707,-2.69213},
{3.02557,1.64691,-2.6921},
{3.02575,1.64675,-2.69207},
{3.02592,1.64659,-2.69204},
{3.0261,1.64642,-2.69201},
{3.02627,1.64626,-2.69198},
{3.02645,1.6461,-2.69195},
{3.02662,1.64594,-2.69192},
{3.0268,1.64578,-2.69189},
{3.02698,1.64562,-2.69186},
{3.02715,1.64546,-2.69184},
{3.02733,1.6453,-2.69181},
{3.0275,1.64514,-2.69178},
{3.02756,1.64509,-2.69177},
{3.02772,1.64494,-2.69174},
{3.02788,1.64479,-2.69171},
{3.02805,1.64465,-2.69169},
{3.02821,1.6445,-2.69166},
{3.02837,1.64435,-2.69163},
{3.02853,1.6442,-2.6916},
{3.02869,1.64405,-2.69158},
{3.02886,1.6439,-2.69155},
{3.02902,1.64376,-2.69152},
{3.02918,1.64361,-2.69149},
{3.02934,1.64346,-2.69147},
{3.0295,1.64331,-2.69144},
{3.02967,1.64316,-2.69141},
{3.02983,1.64302,-2.69138},
{3.02999,1.64287,-2.69136},
{3.03015,1.64272,-2.69133},
{3.0302,1.64267,-2.69132},
{3.03035,1.64254,-2.6913},
{3.0305,1.6424,-2.69127},
{3.03065,1.64227,-2.69124},
{3.0308,1.64213,-2.69122},
{3.03095,1.642,-2.69119},
{3.03109,1.64186,-2.69117},
{3.03124,1.64172,-2.69114},
{3.03139,1.64159,-2.69112},
{3.03154,1.64145,-2.69109},
{3.03169,1.64132,-2.69107},
{3.03184,1.64118,-2.69104},
{3.03199,1.64105,-2.69101},
{3.03213,1.64091,-2.69099},
{3.03228,1.64077,-2.69096},
{3.03243,1.64064,-2.69094},
{3.03258,1.6405,-2.69091},
{3.03262,1.64047,-2.69091},
{3.03275,1.64035,-2.69088},
{3.03289,1.64022,-2.69086},
{3.03302,1.6401,-2.69083},
{3.03316,1.63998,-2.69081},
{3.03329,1.63985,-2.69079},
{3.03343,1.63973,-2.69076},
{3.03356,1.63961,-2.69074},
{3.0337,1.63948,-2.69072},
{3.03383,1.63936,-2.69069},
{3.03397,1.63923,-2.69067},
{3.03411,1.63911,-2.69065},
{3.03424,1.63899,-2.69062},
{3.03438,1.63886,-2.6906},
{3.03451,1.63874,-2.69058},
{3.03465,1.63862,-2.69055},
{3.03467,1.63859,-2.69055},
{3.0348,1.63848,-2.69052},
{3.03492,1.63837,-2.6905},
{3.03504,1.63826,-2.69048},
{3.03516,1.63815,-2.69046},
{3.03528,1.63804,-2.69044},
{3.03541,1.63792,-2.69042},
{3.03553,1.63781,-2.69039},
{3.03565,1.6377,-2.69037},
{3.03577,1.63759,-2.69035},
{3.03589,1.63748,-2.69033},
{3.03602,1.63737,-2.69031},
{3.03614,1.63726,-2.69029},
{3.03626,1.63715,-2.69026},
{3.03638,1.63703,-2.69024},
{3.03641,1.63701,-2.69024},
{3.03652,1.63691,-2.69022},
{3.03663,1.63681,-2.6902},
{3.03673,1.63671,-2.69018},
{3.03684,1.63661,-2.69016},
{3.03695,1.63652,-2.69014},
{3.03706,1.63642,-2.69012},
{3.03717,1.63632,-2.6901},
{3.03728,1.63622,-2.69008},
{3.03739,1.63612,-2.69006},
{3.0375,1.63602,-2.69004},
{3.03761,1.63592,-2.69002},
{3.03772,1.63582,-2.69},
{3.03782,1.63572,-2.68998},
{3.03793,1.63562,-2.68996},
{3.03794,1.63561,-2.68996},
{3.03804,1.63552,-2.68994},
{3.03814,1.63543,-2.68992},
{3.03823,1.63535,-2.6899},
{3.03833,1.63526,-2.68989},
{3.03843,1.63517,-2.68987},
{3.03852,1.63508,-2.68985},
{3.03862,1.63499,-2.68983},
{3.03872,1.63491,-2.68982},
{3.03881,1.63482,-2.6898},
{3.03891,1.63473,-2.68978},
{3.03901,1.63464,-2.68976},
{3.0391,1.63456,-2.68974},
{3.03912,1.63454,-2.68974},
{3.0392,1.63447,-2.68973},
{3.03929,1.63439,-2.68971},
{3.03937,1.63431,-2.68969},
{3.03945,1.63423,-2.68968},
{3.03954,1.63416,-2.68966},
{3.03962,1.63408,-2.68965},
{3.03971,1.634,-2.68963},
{3.03979,1.63393,-2.68961},
{3.03988,1.63385,-2.6896},
{3.03996,1.63377,-2.68958},
{3.04004,1.6337,-2.68957},
{3.04013,1.63362,-2.68955},
{3.04014,1.63361,-2.68955},
{3.04021,1.63355,-2.68954},
{3.04028,1.63348,-2.68952},
{3.04036,1.63341,-2.68951},
{3.04043,1.63335,-2.68949},
{3.0405,1.63328,-2.68948},
{3.04057,1.63321,-2.68947},
{3.04065,1.63315,-2.68945},
{3.04072,1.63308,-2.68944},
{3.04079,1.63302,-2.68943},
{3.04086,1.63295,-2.68941},
{3.04094,1.63288,-2.6894},
{3.04094,1.63288,-2.6894},
{3.041,1.63282,-2.68939},
{3.04107,1.63277,-2.68937},
{3.04113,1.63271,-2.68936},
{3.04119,1.63265,-2.68935},
{3.04125,1.6326,-2.68934},
{3.04131,1.63254,-2.68933},
{3.04137,1.63248,-2.68931},
{3.04144,1.63243,-2.6893},
{3.0415,1.63237,-2.68929},
{3.04156,1.63232,-2.68928},
{3.04156,1.63231,-2.68928},
{3.04161,1.63227,-2.68927},
{3.04167,1.63222,-2.68926},
{3.04172,1.63217,-2.68925},
{3.04177,1.63213,-2.68924},
{3.04182,1.63208,-2.68923},
{3.04187,1.63203,-2.68922},
{3.04192,1.63198,-2.68921},
{3.04197,1.63194,-2.6892},
{3.04203,1.63189,-2.68919},
{3.04203,1.63189,-2.68919},
{3.04207,1.63185,-2.68918},
{3.04211,1.63181,-2.68917},
{3.04215,1.63177,-2.68916},
{3.0422,1.63173,-2.68916},
{3.04224,1.6317,-2.68915},
{3.04228,1.63166,-2.68914},
{3.04232,1.63162,-2.68913},
{3.04236,1.63158,-2.68912},
{3.04241,1.63154,-2.68912},
{3.0424,1.63155,-2.68912},
{3.04244,1.63152,-2.68911},
{3.04247,1.63149,-2.6891},
{3.0425,1.63146,-2.6891},
{3.04254,1.63143,-2.68909},
{3.04257,1.63139,-2.68908},
{3.0426,1.63136,-2.68908},
{3.04263,1.63133,-2.68907},
{3.04263,1.63133,-2.68907},
{3.04266,1.63131,-2.68907},
{3.04268,1.63129,-2.68906},
{3.04271,1.63127,-2.68906},
{3.04274,1.63124,-2.68905},
{3.04276,1.63122,-2.68905},
{3.04279,1.6312,-2.68904},
{3.04281,1.63117,-2.68904},
{3.04281,1.63118,-2.68904},
{3.04283,1.63116,-2.68903},
{3.04284,1.63114,-2.68903},
{3.04286,1.63113,-2.68903},
{3.04288,1.63111,-2.68902},
{3.0429,1.63109,-2.68902},
{3.0429,1.63109,-2.68902},
{3.04291,1.63108,-2.68902},
{3.04293,1.63107,-2.68901},
{3.04294,1.63106,-2.68901},
{3.04295,1.63105,-2.68901},
{3.04296,1.63103,-2.68901},
{3.04296,1.63104,-2.68901},
{3.04297,1.63103,-2.68901},
{3.04298,1.63102,-2.689},
{3.04298,1.63101,-2.689},
{3.04298,1.63101,-2.689},
{3.04299,1.63101,-2.689},
{3.04299,1.63101,-2.689},
{3.043,1.631,-2.689},
{3.043,1.631,-2.689},
{3.043,1.631,-2.689},
{3.043,1.631,-2.689},
{3.043,1.631,-2.689},
{3.043,1.631,-2.689},
{3.043,1.631,-2.689}