{2.7,1.53,-0.523599},
{2.69998,1.53001,-0.523585},
{2.69997,1.53002,-0.523576},
{2.69991,1.53005,-0.523534},
{2.69988,1.53006,-0.523513},
{2.69985,1.53008,-0.523493},
{2.69982,1.53009,-0.523473},
{2.6998,1.53011,-0.523453},
{2.69977,1.53012,-0.523433},
{2.69974,1.53014,-0.523413},
{2.6996,1.53022,-0.523308},
{2.69954,1.53024,-0.523271},
{2.69949,1.53027,-0.523234},
{2.69944,1.5303,-0.523197},
{2.69939,1.53032,-0.52316},
{2.69934,1.53035,-0.523123},
{2.69929,1.53038,-0.523086},
{2.69923,1.53041,-0.523049},
{2.69918,1.53043,-0.523012},
{2.69913,1.53046,-0.522975},
{2.69908,1.53049,-0.522938},
{2.69881,1.53063,-0.522741},
{2.69872,1.53068,-0.522682},
{2.69864,1.53072,-0.522623},
{2.69856,1.53077,-0.522564},
{2.69848,1.53081,-0.522505},
{2.69839,1.53085,-0.522446},
{2.69831,1.5309,-0.522387},
{2.69823,1.53094,-0.522328},
{2.69815,1.53098,-0.522269},
{2.69807,1.53103,-0.52221},
{2.69798,1.53107,-0.522151},
{2.6979,1.53111,-0.522092},
{2.69782,1.53116,-0.522033},
{2.69774,1.5312,-0.521974},
{2.69733,1.53142,-0.52168},
{2.69721,1.53148,-0.521594},
{2.69709,1.53155,-0.521508},
{2.69697,1.53161,-0.521422},
{2.69685,1.53167,-0.521336},
{2.69673,1.53174,-0.52125},
{2.69661,1.5318,-0.521164},
{2.69649,1.53186,-0.521079},
{2.69637,1.53193,-0.520993},
{2.69625,1.53199,-0.520907},
{2.69613,1.53205,-0.520821},
{2.69601,1.53212,-0.520735},
{2.69589,1.53218,-0.520649},
{2.69577,1.53224,-0.520563},
{2.69565,1.53231,-0.520478},
{2.69553,1.53237,-0.520392},
{2.69541,1.53243,-0.520306},
{2.69529,1.5325,-0.52022},
{2.69471,1.5328,-0.519803},
{2.69454,1.53289,-0.519687},
{2.69438,1.53298,-0.519571},
{2.69421,1.53306,-0.519454},
{2.69405,1.53315,-0.519338},
{2.69388,1.53324,-0.519221},
{2.69372,1.53332,-0.519105},
{2.69355,1.53341,-0.518989},
{2.69339,1.5335,-0.518872},
{2.69322,1.53358,-0.518756},
{2.69306,1.53367,-0.51864},
{2.6929,1.53376,-0.518523},
{2.69273,1.53384,-0.518407},
{2.69257,1.53393,-0.518291},
{2.6924,1.53402,-0.518174},
{2.69224,1.5341,-0.518058},
{2.69207,1.53419,-0.517942},
{2.69191,1.53428,-0.517825},
{2.69174,1.53436,-0.517709},
{2.69158,1.53445,-0.517593},
{2.69142,1.53454,-0.517476},
{2.69125,1.53462,-0.51736},
{2.69045,1.53504,-0.5168},
{2.69024,1.53516,-0.516651},
{2.69002,1.53527,-0.516503},
{2.6898,1.53538,-0.516355},
{2.68959,1.53549,-0.516207},
{2.68937,1.53561,-0.516059},
{2.68916,1.53572,-0.515911},
{2.68894,1.53583,-0.515763},
{2.68872,1.53595,-0.515615},
{2.68851,1.53606,-0.515467},
{2.68829,1.53617,-0.515319},
{2.68807,1.53629,-0.515171},
{2.68786,1.5364,-0.515023},
{2.68764,1.53651,-0.514875},
{2.68743,1.53662,-0.514727},
{2.68721,1.53674,-0.514579},
{2.68699,1.53685,-0.514431},
{2.68678,1.53696,-0.514283},
{2.68656,1.53708,-0.514134},
{2.68635,1.53719,-0.513986},
{2.68613,1.5373,-0.513838},
{2.68591,1.53742,-0.51369},
{2.6857,1.53753,-0.513542},
{2.68548,1.53764,-0.513394},
{2.68527,1.53775,-0.513246},
{2.68426,1.53828,-0.512564},
{2.68398,1.53842,-0.512386},
{2.68371,1.53857,-0.512208},
{2.68343,1.53871,-0.512031},
{2.68316,1.53885,-0.511853},
{2.68288,1.53899,-0.511675},
{2.68261,1.53914,-0.511497},
{2.68233,1.53928,-0.51132},
{2.68206,1.53942,-0.511142},
{2.68178,1.53956,-0.510964},
{2.68151,1.53971,-0.510787},
{2.68124,1.53985,-0.510609},
{2.68096,1.53999,-0.510431},
{2.68069,1.54013,-0.510253},
{2.68041,1.54028,-0.510076},
{2.68014,1.54042,-0.509898},
{2.67986,1.54056,-0.50972},
{2.67959,1.5407,-0.509542},
{2.67931,1.54085,-0.509365},
{2.67904,1.54099,-0.509187},
{2.67876,1.54113,-0.509009},
{2.67849,1.54127,-0.508832},
{2.67821,1.54142,-0.508654},
{2.67794,1.54156,-0.508476},
{2.67766,1.5417,-0.508298},
{2.67739,1.54184,-0.508121},
{2.67712,1.54199,-0.507943},
{2.67684,1.54213,-0.507765},
{2.67564,1.54275,-0.50699},
{2.6753,1.54293,-0.506785},
{2.67496,1.5431,-0.506579},
{2.67462,1.54328,-0.506374},
{2.67428,1.54345,-0.506168},
{2.67394,1.54362,-0.505962},
{2.6736,1.5438,-0.505757},
{2.67326,1.54397,-0.505551},
{2.67292,1.54415,-0.505346},
{2.67258,1.54432,-0.50514},
{2.67224,1.5445,-0.504935},
{2.6719,1.54467,-0.504729},
{2.67156,1.54485,-0.504524},
{2.67122,1.54502,-0.504318},
{2.67088,1.5452,-0.504113},
{2.67054,1.54537,-0.503907},
{2.6702,1.54554,-0.503701},
{2.66985,1.54572,-0.503496},
{2.66951,1.54589,-0.50329},
{2.66917,1.54607,-0.503085},
{2.66883,1.54624,-0.502879},
{2.66849,1.54642,-0.502674},
{2.66815,1.54659,-0.502468},
{2.66781,1.54677,-0.502263},
{2.66747,1.54694,-0.502057},
{2.66713,1.54712,-0.501851},
{2.66679,1.54729,-0.501646},
{2.66645,1.54747,-0.50144},
{2.66611,1.54764,-0.501235},
{2.66577,1.54781,-0.501029},
{2.66543,1.54799,-0.500824},
{2.66509,1.54816,-0.500618},
{2.66365,1.5489,-0.499749},
{2.66323,1.54911,-0.499519},
{2.66282,1.54932,-0.499289},
{2.66241,1.54953,-0.49906},
{2.66199,1.54974,-0.49883},
{2.66158,1.54995,-0.498601},
{2.66117,1.55016,-0.498371},
{2.66076,1.55037,-0.498141},
{2.66034,1.55057,-0.497912},
{2.65993,1.55078,-0.497682},
{2.65952,1.55099,-0.497452},
{2.65911,1.5512,-0.497223},
{2.65869,1.55141,-0.496993},
{2.65828,1.55162,-0.496763},
{2.65787,1.55183,-0.496534},
{2.65746,1.55204,-0.496304},
{2.65704,1.55224,-0.496075},
{2.65663,1.55245,-0.495845},
{2.65622,1.55266,-0.495615},
{2.6558,1.55287,-0.495386},
{2.65539,1.55308,-0.495156},
{2.65498,1.55329,-0.494926},
{2.65457,1.5535,-0.494697},
{2.65415,1.55371,-0.494467},
{2.65374,1.55392,-0.494237},
{2.65333,1.55412,-0.494008},
{2.65292,1.55433,-0.493778},
{2.6525,1.55454,-0.493549},
{2.65209,1.55475,-0.493319},
{2.65168,1.55496,-0.493089},
{2.65127,1.55517,-0.49286},
{2.65085,1.55538,-0.49263},
{2.65044,1.55559,-0.4924},
{2.65003,1.55579,-0.492171},
{2.64961,1.556,-0.491941},
{2.64793,1.55685,-0.491007},
{2.64744,1.5571,-0.490755},
{2.64695,1.55734,-0.490504},
{2.64646,1.55759,-0.490252},
{2.64596,1.55783,-0.490001},
{2.64547,1.55807,-0.489749},
{2.64498,1.55832,-0.489498},
{2.64449,1.55856,-0.489246},
{2.644,1.55881,-0.488995},
{2.64351,1.55905,-0.488743},
{2.64301,1.5593,-0.488491},
{2.64252,1.55954,-0.48824},
{2.64203,1.55978,-0.487988},
{2.64154,1.56003,-0.487737},
{2.64105,1.56027,-0.487485},
{2.64055,1.56052,-0.487234},
{2.64006,1.56076,-0.486982},
{2.63957,1.56101,-0.486731},
{2.63908,1.56125,-0.486479},
{2.63859,1.56149,-0.486227},
{2.63809,1.56174,-0.485976},
{2.6376,1.56198,-0.485724},
{2.63711,1.56223,-0.485473},
{2.63662,1.56247,-0.485221},
{2.63613,1.56272,-0.48497},
{2.63563,1.56296,-0.484718},
{2.63514,1.5632,-0.484467},
{2.63465,1.56345,-0.484215},
{2.63416,1.56369,-0.483963},
{2.63367,1.56394,-0.483712},
{2.63317,1.56418,-0.48346},
{2.63268,1.56443,-0.483209},
{2.63219,1.56467,-0.482957},
{2.6317,1.56491,-0.482706},
{2.63121,1.56516,-0.482454},
{2.63071,1.5654,-0.482203},
{2.63022,1.56565,-0.481951},
{2.62973,1.56589,-0.481699},
{2.62924,1.56614,-0.481448},
{2.62724,1.56712,-0.480448},
{2.62666,1.5674,-0.480176},
{2.62609,1.56768,-0.479905},
{2.62551,1.56796,-0.479633},
{2.62493,1.56824,-0.479361},
{2.62435,1.56852,-0.47909},
{2.62377,1.5688,-0.478818},
{2.6232,1.56908,-0.478547},
{2.62262,1.56936,-0.478275},
{2.62204,1.56964,-0.478003},
{2.62146,1.56992,-0.477732},
{2.62088,1.57021,-0.47746},
{2.62031,1.57049,-0.477189},
{2.61973,1.57077,-0.476917},
{2.61915,1.57105,-0.476645},
{2.61857,1.57133,-0.476374},
{2.61799,1.57161,-0.476102},
{2.61742,1.57189,-0.475831},
{2.61684,1.57217,-0.475559},
{2.61626,1.57245,-0.475287},
{2.61568,1.57273,-0.475016},
{2.6151,1.57301,-0.474744},
{2.61452,1.57329,-0.474473},
{2.61395,1.57357,-0.474201},
{2.61337,1.57385,-0.473929},
{2.61279,1.57413,-0.473658},
{2.61221,1.57441,-0.473386},
{2.61163,1.57469,-0.473114},
{2.61106,1.57497,-0.472843},
{2.61048,1.57525,-0.472571},
{2.6099,1.57553,-0.4723},
{2.60932,1.57581,-0.472028},
{2.60874,1.57609,-0.471756},
{2.60817,1.57637,-0.471485},
{2.60759,1.57665,-0.471213},
{2.60701,1.57693,-0.470942},
{2.60643,1.57721,-0.47067},
{2.60585,1.5775,-0.470398},
{2.60528,1.57778,-0.470127},
{2.6047,1.57806,-0.469855},
{2.60412,1.57834,-0.469584},
{2.60189,1.57941,-0.46855},
{2.60122,1.57973,-0.468256},
{2.60055,1.58004,-0.467961},
{2.59988,1.58036,-0.467666},
{2.59921,1.58068,-0.467372},
{2.59854,1.58099,-0.467077},
{2.59787,1.58131,-0.466782},
{2.5972,1.58162,-0.466488},
{2.59652,1.58194,-0.466193},
{2.59585,1.58226,-0.465898},
{2.59518,1.58257,-0.465604},
{2.59451,1.58289,-0.465309},
{2.59384,1.5832,-0.465014},
{2.59317,1.58352,-0.46472},
{2.5925,1.58384,-0.464425},
{2.59183,1.58415,-0.46413},
{2.59116,1.58447,-0.463835},
{2.59049,1.58478,-0.463541},
{2.58982,1.5851,-0.463246},
{2.58915,1.58542,-0.462951},
{2.58848,1.58573,-0.462657},
{2.58781,1.58605,-0.462362},
{2.58714,1.58636,-0.462067},
{2.58647,1.58668,-0.461773},
{2.58579,1.587,-0.461478},
{2.58512,1.58731,-0.461183},
{2.58445,1.58763,-0.460889},
{2.58378,1.58794,-0.460594},
{2.58311,1.58826,-0.460299},
{2.58244,1.58858,-0.460005},
{2.58177,1.58889,-0.45971},
{2.5811,1.58921,-0.459415},
{2.58043,1.58952,-0.45912},
{2.57976,1.58984,-0.458826},
{2.57909,1.59016,-0.458531},
{2.57842,1.59047,-0.458236},
{2.57775,1.59079,-0.457942},
{2.57708,1.5911,-0.457647},
{2.57641,1.59142,-0.457352},
{2.57574,1.59174,-0.457058},
{2.57506,1.59205,-0.456763},
{2.57439,1.59237,-0.456468},
{2.57372,1.59268,-0.456174},
{2.57305,1.593,-0.455879},
{2.57058,1.59416,-0.454795},
{2.56981,1.5945,-0.454462},
{2.56904,1.59485,-0.454129},
{2.56827,1.5952,-0.453796},
{2.5675,1.59555,-0.453463},
{2.56673,1.5959,-0.45313},
{2.56596,1.59625,-0.452797},
{2.56519,1.5966,-0.452464},
{2.56442,1.59695,-0.452131},
{2.56365,1.5973,-0.451798},
{2.56289,1.59765,-0.451465},
{2.56212,1.598,-0.451132},
{2.56135,1.59835,-0.450799},
{2.56058,1.5987,-0.450466},
{2.55981,1.59905,-0.450133},
{2.55904,1.5994,-0.4498},
{2.55827,1.59975,-0.449466},
{2.5575,1.6001,-0.449133},
{2.55673,1.60045,-0.4488},
{2.55596,1.6008,-0.448467},
{2.55519,1.60115,-0.448134},
{2.55443,1.6015,-0.447801},
{2.55366,1.60185,-0.447468},
{2.55289,1.6022,-0.447135},
{2.55212,1.60255,-0.446802},
{2.55135,1.6029,-0.446469},
{2.55058,1.60325,-0.446136},
{2.54981,1.6036,-0.445803},
{2.54904,1.60395,-0.44547},
{2.54827,1.6043,-0.445137},
{2.5475,1.60465,-0.444804},
{2.54673,1.605,-0.444471},
{2.54597,1.60535,-0.444138},
{2.5452,1.6057,-0.443805},
{2.54443,1.60605,-0.443472},
{2.54366,1.6064,-0.443139},
{2.54289,1.60675,-0.442806},
{2.54212,1.6071,-0.442473},
{2.54135,1.60745,-0.44214},
{2.54058,1.6078,-0.441807},
{2.53981,1.60815,-0.441474},
{2.53904,1.6085,-0.441141},
{2.53827,1.60885,-0.440808},
{2.53751,1.6092,-0.440475},
{2.53674,1.60955,-0.440141},
{2.53597,1.6099,-0.439808},
{2.53332,1.61109,-0.438653},
{2.53245,1.61147,-0.43825},
{2.53158,1.61185,-0.437848},
{2.53071,1.61223,-0.437445},
{2.52983,1.61261,-0.437043},
{2.52896,1.61299,-0.436641},
{2.52809,1.61337,-0.436238},
{2.52722,1.61375,-0.435836},
{2.52634,1.61413,-0.435433},
{2.52547,1.61451,-0.435031},
{2.5246,1.61489,-0.434629},
{2.52373,1.61526,-0.434226},
{2.52286,1.61564,-0.433824},
{2.52198,1.61602,-0.433421},
{2.52111,1.6164,-0.433019},
{2.52024,1.61678,-0.432617},
{2.51937,1.61716,-0.432214},
{2.51849,1.61754,-0.431812},
{2.51762,1.61792,-0.431409},
{2.51675,1.6183,-0.431007},
{2.51588,1.61868,-0.430605},
{2.515,1.61906,-0.430202},
{2.51413,1.61944,-0.4298},
{2.51326,1.61982,-0.429398},
{2.51239,1.62019,-0.428995},
{2.51151,1.62057,-0.428593},
{2.51064,1.62095,-0.42819},
{2.50977,1.62133,-0.427788},
{2.5089,1.62171,-0.427386},
{2.50803,1.62209,-0.426983},
{2.50715,1.62247,-0.426581},
{2.50628,1.62285,-0.426178},
{2.50541,1.62323,-0.425776},
{2.50454,1.62361,-0.425374},
{2.50366,1.62399,-0.424971},
{2.50279,1.62437,-0.424569},
{2.50192,1.62475,-0.424166},
{2.50105,1.62512,-0.423764},
{2.50017,1.6255,-0.423362},
{2.4993,1.62588,-0.422959},
{2.49843,1.62626,-0.422557},
{2.49756,1.62664,-0.422154},
{2.49669,1.62702,-0.421752},
{2.49581,1.6274,-0.42135},
{2.49494,1.62778,-0.420947},
{2.49407,1.62816,-0.420545},
{2.4932,1.62854,-0.420142},
{2.49232,1.62892,-0.41974},
{2.49145,1.6293,-0.419338},
{2.48861,1.63051,-0.418017},
{2.48763,1.63091,-0.417551},
{2.48666,1.63131,-0.417085},
{2.48568,1.63171,-0.416618},
{2.4847,1.63211,-0.416152},
{2.48373,1.63251,-0.415686},
{2.48275,1.63291,-0.41522},
{2.48177,1.63331,-0.414754},
{2.48079,1.63371,-0.414288},
{2.47982,1.6341,-0.413822},
{2.47884,1.6345,-0.413356},
{2.47786,1.6349,-0.41289},
{2.47689,1.6353,-0.412424},
{2.47591,1.6357,-0.411958},
{2.47493,1.6361,-0.411492},
{2.47396,1.6365,-0.411025},
{2.47298,1.6369,-0.410559},
{2.472,1.6373,-0.410093},
{2.47103,1.63769,-0.409627},
{2.47005,1.63809,-0.409161},
{2.46907,1.63849,-0.408695},
{2.4681,1.63889,-0.408229},
{2.46712,1.63929,-0.407763},
{2.46614,1.63969,-0.407297},
{2.46517,1.64009,-0.406831},
{2.46419,1.64049,-0.406365},
{2.46321,1.64089,-0.405899},
{2.46224,1.64128,-0.405432},
{2.46126,1.64168,-0.404966},
{2.46028,1.64208,-0.4045},
{2.4593,1.64248,-0.404034},
{2.45833,1.64288,-0.403568},
{2.45735,1.64328,-0.403102},
{2.45637,1.64368,-0.402636},
{2.4554,1.64408,-0.40217},
{2.45442,1.64448,-0.401704},
{2.45344,1.64487,-0.401238},
{2.45247,1.64527,-0.400772},
{2.45149,1.64567,-0.400306},
{2.45051,1.64607,-0.399839},
{2.44954,1.64647,-0.399373},
{2.44856,1.64687,-0.398907},
{2.44758,1.64727,-0.398441},
{2.44661,1.64767,-0.397975},
{2.44563,1.64807,-0.397509},
{2.44465,1.64846,-0.397043},
{2.44368,1.64886,-0.396577},
{2.4427,1.64926,-0.396111},
{2.44172,1.64966,-0.395645},
{2.44075,1.65006,-0.395179},
{2.43977,1.65046,-0.394713},
{2.4368,1.65165,-0.393322},
{2.43572,1.65206,-0.392851},
{2.43464,1.65247,-0.392379},
{2.43357,1.65288,-0.391908},
{2.43249,1.65329,-0.391436},
{2.43141,1.6537,-0.390964},
{2.43034,1.65411,-0.390493},
{2.42926,1.65452,-0.390021},
{2.42818,1.65493,-0.38955},
{2.42711,1.65533,-0.389078},
{2.42603,1.65574,-0.388607},
{2.42495,1.65615,-0.388135},
{2.42388,1.65656,-0.387664},
{2.4228,1.65697,-0.387192},
{2.42173,1.65738,-0.386721},
{2.42065,1.65779,-0.386249},
{2.41957,1.6582,-0.385778},
{2.4185,1.65861,-0.385306},
{2.41742,1.65902,-0.384835},
{2.41634,1.65943,-0.384363},
{2.41527,1.65983,-0.383892},
{2.41419,1.66024,-0.38342},
{2.41311,1.66065,-0.382948},
{2.41204,1.66106,-0.382477},
{2.41096,1.66147,-0.382005},
{2.40988,1.66188,-0.381534},
{2.40881,1.66229,-0.381062},
{2.40773,1.6627,-0.380591},
{2.40665,1.66311,-0.380119},
{2.40558,1.66352,-0.379648},
{2.4045,1.66392,-0.379176},
{2.40343,1.66433,-0.378705},
{2.40235,1.66474,-0.378233},
{2.40127,1.66515,-0.377762},
{2.4002,1.66556,-0.37729},
{2.39912,1.66597,-0.376819},
{2.39804,1.66638,-0.376347},
{2.39697,1.66679,-0.375875},
{2.39589,1.6672,-0.375404},
{2.39481,1.66761,-0.374932},
{2.39374,1.66802,-0.374461},
{2.39266,1.66842,-0.373989},
{2.39158,1.66883,-0.373518},
{2.39051,1.66924,-0.373046},
{2.38943,1.66965,-0.372575},
{2.38835,1.67006,-0.372103},
{2.38728,1.67047,-0.371632},
{2.3862,1.67088,-0.37116},
{2.38512,1.67129,-0.370689},
{2.38405,1.6717,-0.370217},
{2.38297,1.67211,-0.369746},
{2.3819,1.67252,-0.369274},
{2.38082,1.67292,-0.368802},
{2.37778,1.67406,-0.367526},
{2.37661,1.67447,-0.367093},
{2.37545,1.67488,-0.366659},
{2.37428,1.6753,-0.366226},
{2.37311,1.67571,-0.365792},
{2.37194,1.67612,-0.365359},
{2.37078,1.67653,-0.364925},
{2.36961,1.67695,-0.364492},
{2.36844,1.67736,-0.364058},
{2.36727,1.67777,-0.363625},
{2.36611,1.67819,-0.363191},
{2.36494,1.6786,-0.362758},
{2.36377,1.67901,-0.362325},
{2.3626,1.67943,-0.361891},
{2.36143,1.67984,-0.361458},
{2.36027,1.68025,-0.361024},
{2.3591,1.68066,-0.360591},
{2.35793,1.68108,-0.360157},
{2.35676,1.68149,-0.359724},
{2.3556,1.6819,-0.35929},
{2.35443,1.68232,-0.358857},
{2.35326,1.68273,-0.358423},
{2.35209,1.68314,-0.35799},
{2.35093,1.68355,-0.357556},
{2.34976,1.68397,-0.357123},
{2.34859,1.68438,-0.356689},
{2.34742,1.68479,-0.356256},
{2.34625,1.68521,-0.355822},
{2.34509,1.68562,-0.355389},
{2.34392,1.68603,-0.354955},
{2.34275,1.68644,-0.354522},
{2.34158,1.68686,-0.354088},
{2.34042,1.68727,-0.353655},
{2.33925,1.68768,-0.353221},
{2.33808,1.6881,-0.352788},
{2.33691,1.68851,-0.352354},
{2.33575,1.68892,-0.351921},
{2.33458,1.68934,-0.351487},
{2.33341,1.68975,-0.351054},
{2.33224,1.69016,-0.35062},
{2.33107,1.69057,-0.350187},
{2.32991,1.69099,-0.349753},
{2.32874,1.6914,-0.34932},
{2.32757,1.69181,-0.348886},
{2.3264,1.69223,-0.348453},
{2.32524,1.69264,-0.34802},
{2.32407,1.69305,-0.347586},
{2.3229,1.69346,-0.347153},
{2.32173,1.69388,-0.346719},
{2.32057,1.69429,-0.346286},
{2.3194,1.6947,-0.345852},
{2.31823,1.69512,-0.345419},
{2.31706,1.69553,-0.344985},
{2.31589,1.69594,-0.344552},
{2.31473,1.69635,-0.344118},
{2.31168,1.6974,-0.343081},
{2.31043,1.69782,-0.342715},
{2.30918,1.69823,-0.342348},
{2.30794,1.69864,-0.341982},
{2.30669,1.69906,-0.341615},
{2.30544,1.69947,-0.341249},
{2.30419,1.69988,-0.340883},
{2.30294,1.70029,-0.340516},
{2.3017,1.70071,-0.34015},
{2.30045,1.70112,-0.339783},
{2.2992,1.70153,-0.339417},
{2.29795,1.70194,-0.33905},
{2.2967,1.70236,-0.338684},
{2.29545,1.70277,-0.338317},
{2.29421,1.70318,-0.337951},
{2.29296,1.7036,-0.337585},
{2.29171,1.70401,-0.337218},
{2.29046,1.70442,-0.336852},
{2.28921,1.70483,-0.336485},
{2.28796,1.70525,-0.336119},
{2.28672,1.70566,-0.335752},
{2.28547,1.70607,-0.335386},
{2.28422,1.70648,-0.335019},
{2.28297,1.7069,-0.334653},
{2.28172,1.70731,-0.334287},
{2.28048,1.70772,-0.33392},
{2.27923,1.70814,-0.333554},
{2.27798,1.70855,-0.333187},
{2.27673,1.70896,-0.332821},
{2.27548,1.70937,-0.332454},
{2.27423,1.70979,-0.332088},
{2.27299,1.7102,-0.331721},
{2.27174,1.71061,-0.331355},
{2.27049,1.71103,-0.330989},
{2.26924,1.71144,-0.330622},
{2.26799,1.71185,-0.330256},
{2.26675,1.71226,-0.329889},
{2.2655,1.71268,-0.329523},
{2.26425,1.71309,-0.329156},
{2.263,1.7135,-0.32879},
{2.26175,1.71391,-0.328423},
{2.2605,1.71433,-0.328057},
{2.25926,1.71474,-0.32769},
{2.25801,1.71515,-0.327324},
{2.25676,1.71557,-0.326958},
{2.25551,1.71598,-0.326591},
{2.25426,1.71639,-0.326225},
{2.25302,1.7168,-0.325858},
{2.25177,1.71722,-0.325492},
{2.25052,1.71763,-0.325125},
{2.24927,1.71804,-0.324759},
{2.24802,1.71845,-0.324392},
{2.24677,1.71887,-0.324026},
{2.24553,1.71928,-0.32366},
{2.24428,1.71969,-0.323293},
{2.24303,1.72011,-0.322927},
{2.24009,1.72106,-0.322132},
{2.23878,1.72147,-0.321842},
{2.23746,1.72188,-0.321552},
{2.23614,1.72229,-0.321261},
{2.23483,1.72271,-0.320971},
{2.23351,1.72312,-0.320681},
{2.2322,1.72353,-0.320391},
{2.23088,1.72394,-0.320101},
{2.22957,1.72435,-0.319811},
{2.22825,1.72476,-0.319521},
{2.22693,1.72517,-0.31923},
{2.22562,1.72559,-0.31894},
{2.2243,1.726,-0.31865},
{2.22299,1.72641,-0.31836},
{2.22167,1.72682,-0.31807},
{2.22035,1.72723,-0.31778},
{2.21904,1.72764,-0.31749},
{2.21772,1.72805,-0.317199},
{2.21641,1.72847,-0.316909},
{2.21509,1.72888,-0.316619},
{2.21378,1.72929,-0.316329},
{2.21246,1.7297,-0.316039},
{2.21114,1.73011,-0.315749},
{2.20983,1.73052,-0.315458},
{2.20851,1.73093,-0.315168},
{2.2072,1.73135,-0.314878},
{2.20588,1.73176,-0.314588},
{2.20456,1.73217,-0.314298},
{2.20325,1.73258,-0.314008},
{2.20193,1.73299,-0.313718},
{2.20062,1.7334,-0.313427},
{2.1993,1.73381,-0.313137},
{2.19798,1.73423,-0.312847},
{2.19667,1.73464,-0.312557},
{2.19535,1.73505,-0.312267},
{2.19404,1.73546,-0.311977},
{2.19272,1.73587,-0.311687},
{2.19141,1.73628,-0.311396},
{2.19009,1.73669,-0.311106},
{2.18877,1.7371,-0.310816},
{2.18746,1.73752,-0.310526},
{2.18614,1.73793,-0.310236},
{2.18483,1.73834,-0.309946},
{2.18351,1.73875,-0.309656},
{2.18219,1.73916,-0.309365},
{2.18088,1.73957,-0.309075},
{2.17956,1.73998,-0.308785},
{2.17825,1.7404,-0.308495},
{2.17693,1.74081,-0.308205},
{2.17562,1.74122,-0.307915},
{2.1743,1.74163,-0.307624},
{2.17298,1.74204,-0.307334},
{2.17167,1.74245,-0.307044},
{2.17035,1.74286,-0.306754},
{2.16904,1.74328,-0.306464},
{2.16772,1.74369,-0.306174},
{2.1664,1.7441,-0.305884},
{2.16366,1.74496,-0.305288},
{2.16229,1.74537,-0.30507},
{2.16092,1.74578,-0.304852},
{2.15955,1.74618,-0.304635},
{2.15818,1.74659,-0.304417},
{2.15681,1.747,-0.304199},
{2.15544,1.74741,-0.303981},
{2.15407,1.74782,-0.303763},
{2.1527,1.74823,-0.303546},
{2.15133,1.74864,-0.303328},
{2.14996,1.74905,-0.30311},
{2.14859,1.74946,-0.302892},
{2.14722,1.74987,-0.302674},
{2.14585,1.75028,-0.302457},
{2.14448,1.75069,-0.302239},
{2.14311,1.7511,-0.302021},
{2.14174,1.75151,-0.301803},
{2.14037,1.75192,-0.301585},
{2.13901,1.75233,-0.301368},
{2.13764,1.75274,-0.30115},
{2.13627,1.75315,-0.300932},
{2.1349,1.75356,-0.300714},
{2.13353,1.75397,-0.300496},
{2.13216,1.75438,-0.300279},
{2.13079,1.75479,-0.300061},
{2.12942,1.7552,-0.299843},
{2.12805,1.75561,-0.299625},
{2.12668,1.75602,-0.299407},
{2.12531,1.75643,-0.29919},
{2.12394,1.75684,-0.298972},
{2.12257,1.75725,-0.298754},
{2.1212,1.75766,-0.298536},
{2.11983,1.75807,-0.298318},
{2.11846,1.75848,-0.298101},
{2.11709,1.75889,-0.297883},
{2.11572,1.7593,-0.297665},
{2.11435,1.75971,-0.297447},
{2.11298,1.76012,-0.297229},
{2.11161,1.76053,-0.297012},
{2.11025,1.76094,-0.296794},
{2.10888,1.76135,-0.296576},
{2.10751,1.76176,-0.296358},
{2.10614,1.76217,-0.29614},
{2.10477,1.76258,-0.295923},
{2.1034,1.76299,-0.295705},
{2.10203,1.7634,-0.295487},
{2.10066,1.76381,-0.295269},
{2.09929,1.76422,-0.295051},
{2.09792,1.76463,-0.294834},
{2.09655,1.76504,-0.294616},
{2.09518,1.76545,-0.294398},
{2.09381,1.76586,-0.29418},
{2.09244,1.76627,-0.293962},
{2.09107,1.76668,-0.293745},
{2.0897,1.76709,-0.293527},
{2.08833,1.7675,-0.293309},
{2.08696,1.76791,-0.293091},
{2.08559,1.76832,-0.292873},
{2.08422,1.76873,-0.292656},
{2.08168,1.76948,-0.29228},
{2.08027,1.76989,-0.29212},
{2.07886,1.7703,-0.29196},
{2.07745,1.77071,-0.2918},
{2.07604,1.77112,-0.29164},
{2.07464,1.77153,-0.29148},
{2.07323,1.77194,-0.29132},
{2.07182,1.77235,-0.29116},
{2.07041,1.77275,-0.291001},
{2.069,1.77316,-0.290841},
{2.06759,1.77357,-0.290681},
{2.06619,1.77398,-0.290521},
{2.06478,1.77439,-0.290361},
{2.06337,1.7748,-0.290201},
{2.06196,1.77521,-0.290041},
{2.06055,1.77562,-0.289881},
{2.05914,1.77602,-0.289721},
{2.05774,1.77643,-0.289562},
{2.05633,1.77684,-0.289402},
{2.05492,1.77725,-0.289242},
{2.05351,1.77766,-0.289082},
{2.0521,1.77807,-0.288922},
{2.05069,1.77848,-0.288762},
{2.04929,1.77889,-0.288602},
{2.04788,1.77929,-0.288442},
{2.04647,1.7797,-0.288282},
{2.04506,1.78011,-0.288122},
{2.04365,1.78052,-0.287963},
{2.04225,1.78093,-0.287803},
{2.04084,1.78134,-0.287643},
{2.03943,1.78175,-0.287483},
{2.03802,1.78216,-0.287323},
{2.03661,1.78256,-0.287163},
{2.0352,1.78297,-0.287003},
{2.0338,1.78338,-0.286843},
{2.03239,1.78379,-0.286683},
{2.03098,1.7842,-0.286524},
{2.02957,1.78461,-0.286364},
{2.02816,1.78502,-0.286204},
{2.02675,1.78543,-0.286044},
{2.02535,1.78583,-0.285884},
{2.02394,1.78624,-0.285724},
{2.02253,1.78665,-0.285564},
{2.02112,1.78706,-0.285404},
{2.01971,1.78747,-0.285244},
{2.0183,1.78788,-0.285085},
{2.0169,1.78829,-0.284925},
{2.01549,1.7887,-0.284765},
{2.01408,1.7891,-0.284605},
{2.01267,1.78951,-0.284445},
{2.01126,1.78992,-0.284285},
{2.00985,1.79033,-0.284125},
{2.00845,1.79074,-0.283965},
{2.00704,1.79115,-0.283805},
{2.00563,1.79156,-0.283645},
{2.00422,1.79197,-0.283486},
{2.00281,1.79237,-0.283326},
{2.00141,1.79278,-0.283166},
{2,1.79319,-0.283006},
{1.99859,1.7936,-0.282846},
{1.9963,1.79426,-0.282623},
{1.99487,1.79466,-0.282498},
{1.99344,1.79507,-0.282374},
{1.99201,1.79548,-0.28225},
{1.99057,1.79588,-0.282125},
{1.98914,1.79629,-0.282001},
{1.98771,1.7967,-0.281876},
{1.98628,1.7971,-0.281752},
{1.98485,1.79751,-0.281628},
{1.98341,1.79792,-0.281503},
{1.98198,1.79833,-0.281379},
{1.98055,1.79873,-0.281255},
{1.97912,1.79914,-0.28113},
{1.97769,1.79955,-0.281006},
{1.97625,1.79995,-0.280882},
{1.97482,1.80036,-0.280757},
{1.97339,1.80077,-0.280633},
{1.97196,1.80117,-0.280508},
{1.97053,1.80158,-0.280384},
{1.96909,1.80199,-0.28026},
{1.96766,1.80239,-0.280135},
{1.96623,1.8028,-0.280011},
{1.9648,1.80321,-0.279887},
{1.96337,1.80361,-0.279762},
{1.96193,1.80402,-0.279638},
{1.9605,1.80443,-0.279514},
{1.95907,1.80484,-0.279389},
{1.95764,1.80524,-0.279265},
{1.95621,1.80565,-0.27914},
{1.95477,1.80606,-0.279016},
{1.95334,1.80646,-0.278892},
{1.95191,1.80687,-0.278767},
{1.95048,1.80728,-0.278643},
{1.94905,1.80768,-0.278519},
{1.94761,1.80809,-0.278394},
{1.94618,1.8085,-0.27827},
{1.94475,1.8089,-0.278146},
{1.94332,1.80931,-0.278021},
{1.94188,1.80972,-0.277897},
{1.94045,1.81013,-0.277772},
{1.93902,1.81053,-0.277648},
{1.93759,1.81094,-0.277524},
{1.93616,1.81135,-0.277399},
{1.93472,1.81175,-0.277275},
{1.93329,1.81216,-0.277151},
{1.93186,1.81257,-0.277026},
{1.93043,1.81297,-0.276902},
{1.929,1.81338,-0.276778},
{1.92756,1.81379,-0.276653},
{1.92613,1.81419,-0.276529},
{1.9247,1.8146,-0.276404},
{1.92327,1.81501,-0.27628},
{1.92184,1.81542,-0.276156},
{1.9204,1.81582,-0.276031},
{1.91897,1.81623,-0.275907},
{1.91754,1.81664,-0.275783},
{1.91611,1.81704,-0.275658},
{1.91468,1.81745,-0.275534},
{1.91324,1.81786,-0.27541},
{1.91181,1.81826,-0.275285},
{1.90985,1.81882,-0.275125},
{1.90841,1.81922,-0.275012},
{1.90697,1.81962,-0.274899},
{1.90553,1.82002,-0.274786},
{1.90409,1.82043,-0.274673},
{1.90265,1.82083,-0.27456},
{1.9012,1.82123,-0.274447},
{1.89976,1.82164,-0.274334},
{1.89832,1.82204,-0.274221},
{1.89688,1.82244,-0.274108},
{1.89544,1.82284,-0.273995},
{1.894,1.82325,-0.273882},
{1.89256,1.82365,-0.273769},
{1.89112,1.82405,-0.273656},
{1.88968,1.82446,-0.273543},
{1.88824,1.82486,-0.27343},
{1.8868,1.82526,-0.273317},
{1.88536,1.82566,-0.273204},
{1.88391,1.82607,-0.273091},
{1.88247,1.82647,-0.272978},
{1.88103,1.82687,-0.272865},
{1.87959,1.82728,-0.272752},
{1.87815,1.82768,-0.272639},
{1.87671,1.82808,-0.272526},
{1.87527,1.82848,-0.272413},
{1.87383,1.82889,-0.2723},
{1.87239,1.82929,-0.272187},
{1.87095,1.82969,-0.272074},
{1.86951,1.8301,-0.271961},
{1.86807,1.8305,-0.271848},
{1.86662,1.8309,-0.271735},
{1.86518,1.8313,-0.271622},
{1.86374,1.83171,-0.271509},
{1.8623,1.83211,-0.271397},
{1.86086,1.83251,-0.271284},
{1.85942,1.83292,-0.271171},
{1.85798,1.83332,-0.271058},
{1.85654,1.83372,-0.270945},
{1.8551,1.83412,-0.270832},
{1.85366,1.83453,-0.270719},
{1.85222,1.83493,-0.270606},
{1.85078,1.83533,-0.270493},
{1.84934,1.83574,-0.27038},
{1.84789,1.83614,-0.270267},
{1.84645,1.83654,-0.270154},
{1.84501,1.83695,-0.270041},
{1.84357,1.83735,-0.269928},
{1.84213,1.83775,-0.269815},
{1.84069,1.83815,-0.269702},
{1.83925,1.83856,-0.269589},
{1.83781,1.83896,-0.269476},
{1.83637,1.83936,-0.269363},
{1.83493,1.83977,-0.26925},
{1.83349,1.84017,-0.269137},
{1.83205,1.84057,-0.269024},
{1.8306,1.84097,-0.268911},
{1.82916,1.84138,-0.268798},
{1.82772,1.84178,-0.268685},
{1.82628,1.84218,-0.268572},
{1.82484,1.84259,-0.268459},
{1.82323,1.84303,-0.268327},
{1.82179,1.84343,-0.268197},
{1.82036,1.84382,-0.268068},
{1.81892,1.84422,-0.267938},
{1.81749,1.84461,-0.267809},
{1.81605,1.84501,-0.267679},
{1.81462,1.8454,-0.26755},
{1.81318,1.8458,-0.26742},
{1.81174,1.84619,-0.267291},
{1.81031,1.84659,-0.267161},
{1.80887,1.84698,-0.267032},
{1.80744,1.84737,-0.266902},
{1.806,1.84777,-0.266773},
{1.80457,1.84816,-0.266643},
{1.80313,1.84856,-0.266513},
{1.8017,1.84895,-0.266384},
{1.80026,1.84935,-0.266254},
{1.79883,1.84974,-0.266125},
{1.79739,1.85014,-0.265995},
{1.79596,1.85053,-0.265866},
{1.79452,1.85093,-0.265736},
{1.79309,1.85132,-0.265607},
{1.79165,1.85171,-0.265477},
{1.79022,1.85211,-0.265348},
{1.78878,1.8525,-0.265218},
{1.78735,1.8529,-0.265089},
{1.78591,1.85329,-0.264959},
{1.78448,1.85369,-0.26483},
{1.78304,1.85408,-0.2647},
{1.78161,1.85448,-0.264571},
{1.78017,1.85487,-0.264441},
{1.77874,1.85527,-0.264312},
{1.7773,1.85566,-0.264182},
{1.77587,1.85605,-0.264053},
{1.77443,1.85645,-0.263923},
{1.773,1.85684,-0.263794},
{1.77156,1.85724,-0.263664},
{1.77012,1.85763,-0.263535},
{1.76869,1.85803,-0.263405},
{1.76725,1.85842,-0.263276},
{1.76582,1.85882,-0.263146},
{1.76438,1.85921,-0.263017},
{1.76295,1.85961,-0.262887},
{1.76151,1.86,-0.262758},
{1.76008,1.8604,-0.262628},
{1.75864,1.86079,-0.262499},
{1.75721,1.86118,-0.262369},
{1.75577,1.86158,-0.26224},
{1.75434,1.86197,-0.26211},
{1.7529,1.86237,-0.261981},
{1.75147,1.86276,-0.261851},
{1.75003,1.86316,-0.261722},
{1.7486,1.86355,-0.261592},
{1.74716,1.86395,-0.261463},
{1.74573,1.86434,-0.261333},
{1.74429,1.86474,-0.261203},
{1.74286,1.86513,-0.261074},
{1.74142,1.86552,-0.260944},
{1.73999,1.86592,-0.260815},
{1.73855,1.86631,-0.260685},
{1.73712,1.86671,-0.260556},
{1.73587,1.86704,-0.260412},
{1.73445,1.86742,-0.260242},
{1.73304,1.8678,-0.260072},
{1.73162,1.86818,-0.259902},
{1.73021,1.86856,-0.259732},
{1.72879,1.86894,-0.259562},
{1.72738,1.86932,-0.259392},
{1.72596,1.8697,-0.259222},
{1.72454,1.87008,-0.259052},
{1.72313,1.87046,-0.258882},
{1.72171,1.87084,-0.258712},
{1.7203,1.87122,-0.258542},
{1.71888,1.8716,-0.258372},
{1.71747,1.87198,-0.258202},
{1.71605,1.87236,-0.258032},
{1.71463,1.87274,-0.257862},
{1.71322,1.87312,-0.257692},
{1.7118,1.8735,-0.257522},
{1.71039,1.87388,-0.257352},
{1.70897,1.87426,-0.257182},
{1.70756,1.87464,-0.257012},
{1.70614,1.87502,-0.256842},
{1.70472,1.8754,-0.256672},
{1.70331,1.87578,-0.256502},
{1.70189,1.87616,-0.256332},
{1.70048,1.87654,-0.256161},
{1.69906,1.87692,-0.255991},
{1.69765,1.8773,-0.255821},
{1.69623,1.87768,-0.255651},
{1.69481,1.87806,-0.255481},
{1.6934,1.87844,-0.255311},
{1.69198,1.87882,-0.255141},
{1.69057,1.8792,-0.254971},
{1.68915,1.87958,-0.254801},
{1.68774,1.87996,-0.254631},
{1.68632,1.88034,-0.254461},
{1.6849,1.88072,-0.254291},
{1.68349,1.8811,-0.254121},
{1.68207,1.88148,-0.253951},
{1.68066,1.88186,-0.253781},
{1.67924,1.88224,-0.253611},
{1.67783,1.88262,-0.253441},
{1.67641,1.883,-0.253271},
{1.67499,1.88338,-0.253101},
{1.67358,1.88376,-0.252931},
{1.67216,1.88414,-0.252761},
{1.67075,1.88452,-0.252591},
{1.66933,1.8849,-0.252421},
{1.66792,1.88528,-0.252251},
{1.6665,1.88566,-0.252081},
{1.66509,1.88604,-0.25191},
{1.66367,1.88642,-0.25174},
{1.66225,1.8868,-0.25157},
{1.66084,1.88718,-0.2514},
{1.65942,1.88756,-0.25123},
{1.65801,1.88794,-0.25106},
{1.65659,1.88832,-0.25089},
{1.65518,1.8887,-0.25072},
{1.65376,1.88908,-0.25055},
{1.65234,1.88946,-0.25038},
{1.65145,1.8897,-0.250256},
{1.65007,1.89006,-0.250022},
{1.64869,1.89041,-0.249788},
{1.6473,1.89077,-0.249554},
{1.64592,1.89113,-0.24932},
{1.64454,1.89149,-0.249085},
{1.64315,1.89184,-0.248851},
{1.64177,1.8922,-0.248617},
{1.64039,1.89256,-0.248383},
{1.63901,1.89292,-0.248149},
{1.63762,1.89328,-0.247915},
{1.63624,1.89363,-0.24768},
{1.63486,1.89399,-0.247446},
{1.63347,1.89435,-0.247212},
{1.63209,1.89471,-0.246978},
{1.63071,1.89506,-0.246744},
{1.62932,1.89542,-0.24651},
{1.62794,1.89578,-0.246275},
{1.62656,1.89614,-0.246041},
{1.62517,1.8965,-0.245807},
{1.62379,1.89685,-0.245573},
{1.62241,1.89721,-0.245339},
{1.62102,1.89757,-0.245105},
{1.61964,1.89793,-0.24487},
{1.61826,1.89828,-0.244636},
{1.61688,1.89864,-0.244402},
{1.61549,1.899,-0.244168},
{1.61411,1.89936,-0.243934},
{1.61273,1.89972,-0.243699},
{1.61134,1.90007,-0.243465},
{1.60996,1.90043,-0.243231},
{1.60858,1.90079,-0.242997},
{1.60719,1.90115,-0.242763},
{1.60581,1.9015,-0.242529},
{1.60443,1.90186,-0.242294},
{1.60304,1.90222,-0.24206},
{1.60166,1.90258,-0.241826},
{1.60028,1.90294,-0.241592},
{1.59889,1.90329,-0.241358},
{1.59751,1.90365,-0.241124},
{1.59613,1.90401,-0.240889},
{1.59475,1.90437,-0.240655},
{1.59336,1.90472,-0.240421},
{1.59198,1.90508,-0.240187},
{1.5906,1.90544,-0.239953},
{1.58921,1.9058,-0.239719},
{1.58783,1.90616,-0.239484},
{1.58645,1.90651,-0.23925},
{1.58506,1.90687,-0.239016},
{1.58368,1.90723,-0.238782},
{1.5823,1.90759,-0.238548},
{1.58091,1.90794,-0.238314},
{1.57953,1.9083,-0.238079},
{1.57815,1.90866,-0.237845},
{1.57676,1.90902,-0.237611},
{1.57538,1.90938,-0.237377},
{1.574,1.90973,-0.237143},
{1.57261,1.91009,-0.236908},
{1.57123,1.91045,-0.236674},
{1.56985,1.91081,-0.23644},
{1.56931,1.91094,-0.236338},
{1.56797,1.91127,-0.236027},
{1.56664,1.9116,-0.235716},
{1.5653,1.91192,-0.235404},
{1.56396,1.91225,-0.235093},
{1.56262,1.91258,-0.234782},
{1.56128,1.91291,-0.23447},
{1.55995,1.91323,-0.234159},
{1.55861,1.91356,-0.233848},
{1.55727,1.91389,-0.233536},
{1.55593,1.91421,-0.233225},
{1.55459,1.91454,-0.232914},
{1.55325,1.91487,-0.232602},
{1.55192,1.9152,-0.232291},
{1.55058,1.91552,-0.23198},
{1.54924,1.91585,-0.231668},
{1.5479,1.91618,-0.231357},
{1.54656,1.91651,-0.231046},
{1.54523,1.91683,-0.230734},
{1.54389,1.91716,-0.230423},
{1.54255,1.91749,-0.230112},
{1.54121,1.91781,-0.2298},
{1.53987,1.91814,-0.229489},
{1.53854,1.91847,-0.229178},
{1.5372,1.9188,-0.228866},
{1.53586,1.91912,-0.228555},
{1.53452,1.91945,-0.228244},
{1.53318,1.91978,-0.227932},
{1.53185,1.9201,-0.227621},
{1.53051,1.92043,-0.22731},
{1.52917,1.92076,-0.226998},
{1.52783,1.92109,-0.226687},
{1.52649,1.92141,-0.226376},
{1.52516,1.92174,-0.226064},
{1.52382,1.92207,-0.225753},
{1.52248,1.92239,-0.225442},
{1.52114,1.92272,-0.22513},
{1.5198,1.92305,-0.224819},
{1.51846,1.92338,-0.224508},
{1.51713,1.9237,-0.224196},
{1.51579,1.92403,-0.223885},
{1.51445,1.92436,-0.223574},
{1.51311,1.92468,-0.223262},
{1.51177,1.92501,-0.222951},
{1.51044,1.92534,-0.22264},
{1.5091,1.92567,-0.222328},
{1.50776,1.92599,-0.222017},
{1.50642,1.92632,-0.221706},
{1.50508,1.92665,-0.221394},
{1.50375,1.92698,-0.221083},
{1.50241,1.9273,-0.220772},
{1.50107,1.92763,-0.22046},
{1.49973,1.92796,-0.220149},
{1.49839,1.92828,-0.219838},
{1.49706,1.92861,-0.219526},
{1.49572,1.92894,-0.219215},
{1.49438,1.92927,-0.218904},
{1.49304,1.92959,-0.218592},
{1.4917,1.92992,-0.218281},
{1.49037,1.93025,-0.21797},
{1.4902,1.93027,-0.217871},
{1.48892,1.93056,-0.217478},
{1.48763,1.93085,-0.217084},
{1.48635,1.93114,-0.21669},
{1.48507,1.93143,-0.216296},
{1.48379,1.93172,-0.215902},
{1.48251,1.93201,-0.215509},
{1.48123,1.9323,-0.215115},
{1.47995,1.93259,-0.214721},
{1.47867,1.93288,-0.214327},
{1.47739,1.93317,-0.213934},
{1.4761,1.93345,-0.21354},
{1.47482,1.93374,-0.213146},
{1.47354,1.93403,-0.212752},
{1.47226,1.93432,-0.212358},
{1.47098,1.93461,-0.211965},
{1.4697,1.9349,-0.211571},
{1.46842,1.93519,-0.211177},
{1.46714,1.93548,-0.210783},
{1.46586,1.93577,-0.21039},
{1.46458,1.93606,-0.209996},
{1.46329,1.93635,-0.209602},
{1.46201,1.93664,-0.209208},
{1.46073,1.93693,-0.208814},
{1.45945,1.93721,-0.208421},
{1.45817,1.9375,-0.208027},
{1.45689,1.93779,-0.207633},
{1.45561,1.93808,-0.207239},
{1.45433,1.93837,-0.206846},
{1.45305,1.93866,-0.206452},
{1.45177,1.93895,-0.206058},
{1.45048,1.93924,-0.205664},
{1.4492,1.93953,-0.20527},
{1.44792,1.93982,-0.204877},
{1.44664,1.94011,-0.204483},
{1.44536,1.9404,-0.204089},
{1.44408,1.94069,-0.203695},
{1.4428,1.94097,-0.203302},
{1.44152,1.94126,-0.202908},
{1.44024,1.94155,-0.202514},
{1.43896,1.94184,-0.20212},
{1.43767,1.94213,-0.201726},
{1.43639,1.94242,-0.201333},
{1.43511,1.94271,-0.200939},
{1.43383,1.943,-0.200545},
{1.43255,1.94329,-0.200151},
{1.43127,1.94358,-0.199757},
{1.42999,1.94387,-0.199364},
{1.42871,1.94416,-0.19897},
{1.42743,1.94444,-0.198576},
{1.42615,1.94473,-0.198182},
{1.42486,1.94502,-0.197789},
{1.42358,1.94531,-0.197395},
{1.4223,1.9456,-0.197001},
{1.42102,1.94589,-0.196607},
{1.41974,1.94618,-0.196213},
{1.41846,1.94647,-0.19582},
{1.41718,1.94676,-0.195426},
{1.4159,1.94705,-0.195032},
{1.41607,1.94698,-0.194999},
{1.41486,1.94723,-0.194535},
{1.41365,1.94747,-0.194072},
{1.41243,1.94772,-0.193608},
{1.41122,1.94796,-0.193145},
{1.41001,1.94821,-0.192681},
{1.4088,1.94845,-0.192218},
{1.40758,1.9487,-0.191754},
{1.40637,1.94895,-0.191291},
{1.40516,1.94919,-0.190827},
{1.40395,1.94944,-0.190364},
{1.40274,1.94968,-0.189901},
{1.40152,1.94993,-0.189437},
{1.40031,1.95017,-0.188974},
{1.3991,1.95042,-0.18851},
{1.39789,1.95066,-0.188047},
{1.39667,1.95091,-0.187583},
{1.39546,1.95116,-0.18712},
{1.39425,1.9514,-0.186656},
{1.39304,1.95165,-0.186193},
{1.39183,1.95189,-0.185729},
{1.39061,1.95214,-0.185266},
{1.3894,1.95238,-0.184802},
{1.38819,1.95263,-0.184339},
{1.38698,1.95287,-0.183875},
{1.38576,1.95312,-0.183412},
{1.38455,1.95336,-0.182949},
{1.38334,1.95361,-0.182485},
{1.38213,1.95386,-0.182022},
{1.38092,1.9541,-0.181558},
{1.3797,1.95435,-0.181095},
{1.37849,1.95459,-0.180631},
{1.37728,1.95484,-0.180168},
{1.37607,1.95508,-0.179704},
{1.37485,1.95533,-0.179241},
{1.37364,1.95557,-0.178777},
{1.37243,1.95582,-0.178314},
{1.37122,1.95607,-0.17785},
{1.37001,1.95631,-0.177387},
{1.36879,1.95656,-0.176923},
{1.36758,1.9568,-0.17646},
{1.36637,1.95705,-0.175997},
{1.36516,1.95729,-0.175533},
{1.36394,1.95754,-0.17507},
{1.36273,1.95778,-0.174606},
{1.36152,1.95803,-0.174143},
{1.36031,1.95827,-0.173679},
{1.3591,1.95852,-0.173216},
{1.35788,1.95877,-0.172752},
{1.35667,1.95901,-0.172289},
{1.35546,1.95926,-0.171825},
{1.35425,1.9595,-0.171362},
{1.35303,1.95975,-0.170898},
{1.35182,1.95999,-0.170435},
{1.35061,1.96024,-0.169971},
{1.3494,1.96048,-0.169508},
{1.34819,1.96073,-0.169045},
{1.3486,1.96064,-0.169175},
{1.34746,1.96083,-0.16867},
{1.34633,1.96103,-0.168165},
{1.3452,1.96123,-0.16766},
{1.34407,1.96143,-0.167155},
{1.34294,1.96163,-0.16665},
{1.3418,1.96183,-0.166146},
{1.34067,1.96203,-0.165641},
{1.33954,1.96223,-0.165136},
{1.33841,1.96243,-0.164631},
{1.33728,1.96263,-0.164126},
{1.33614,1.96283,-0.163621},
{1.33501,1.96303,-0.163116},
{1.33388,1.96323,-0.162611},
{1.33275,1.96343,-0.162106},
{1.33161,1.96363,-0.161601},
{1.33048,1.96383,-0.161096},
{1.32935,1.96403,-0.160591},
{1.32822,1.96423,-0.160086},
{1.32709,1.96443,-0.159581},
{1.32595,1.96463,-0.159076},
{1.32482,1.96483,-0.158571},
{1.32369,1.96503,-0.158066},
{1.32256,1.96523,-0.157561},
{1.32143,1.96543,-0.157056},
{1.32029,1.96563,-0.156551},
{1.31916,1.96583,-0.156046},
{1.31803,1.96603,-0.155541},
{1.3169,1.96623,-0.155037},
{1.31576,1.96643,-0.154532},
{1.31463,1.96663,-0.154027},
{1.3135,1.96683,-0.153522},
{1.31237,1.96703,-0.153017},
{1.31124,1.96723,-0.152512},
{1.3101,1.96743,-0.152007},
{1.30897,1.96763,-0.151502},
{1.30784,1.96783,-0.150997},
{1.30671,1.96803,-0.150492},
{1.30558,1.96823,-0.149987},
{1.30444,1.96843,-0.149482},
{1.30331,1.96863,-0.148977},
{1.30218,1.96883,-0.148472},
{1.30105,1.96903,-0.147967},
{1.29991,1.96923,-0.147462},
{1.29878,1.96943,-0.146957},
{1.29765,1.96963,-0.146452},
{1.29652,1.96983,-0.145947},
{1.29539,1.97003,-0.145442},
{1.29425,1.97023,-0.144937},
{1.29312,1.97043,-0.144432},
{1.29199,1.97063,-0.143927},
{1.29086,1.97083,-0.143423},
{1.28972,1.97103,-0.142918},
{1.28859,1.97123,-0.142413},
{1.28746,1.97143,-0.141908},
{1.28633,1.97162,-0.141403},
{1.28695,1.97151,-0.141677},
{1.28591,1.97167,-0.141183},
{1.28487,1.97182,-0.140688},
{1.28383,1.97198,-0.140193},
{1.28279,1.97213,-0.139699},
{1.28174,1.97229,-0.139204},
{1.2807,1.97244,-0.138709},
{1.27966,1.9726,-0.138215},
{1.27862,1.97276,-0.13772},
{1.27758,1.97291,-0.137225},
{1.27654,1.97307,-0.136731},
{1.2755,1.97322,-0.136236},
{1.27446,1.97338,-0.135741},
{1.27341,1.97353,-0.135247},
{1.27237,1.97369,-0.134752},
{1.27133,1.97384,-0.134257},
{1.27029,1.974,-0.133763},
{1.26925,1.97416,-0.133268},
{1.26821,1.97431,-0.132773},
{1.26717,1.97447,-0.132279},
{1.26612,1.97462,-0.131784},
{1.26508,1.97478,-0.131289},
{1.26404,1.97493,-0.130795},
{1.263,1.97509,-0.1303},
{1.26196,1.97524,-0.129805},
{1.26092,1.9754,-0.129311},
{1.25988,1.97555,-0.128816},
{1.25883,1.97571,-0.128321},
{1.25779,1.97587,-0.127827},
{1.25675,1.97602,-0.127332},
{1.25571,1.97618,-0.126837},
{1.25467,1.97633,-0.126343},
{1.25363,1.97649,-0.125848},
{1.25259,1.97664,-0.125353},
{1.25154,1.9768,-0.124859},
{1.2505,1.97695,-0.124364},
{1.24946,1.97711,-0.123869},
{1.24842,1.97726,-0.123375},
{1.24738,1.97742,-0.12288},
{1.24634,1.97758,-0.122385},
{1.2453,1.97773,-0.121891},
{1.24426,1.97789,-0.121396},
{1.24321,1.97804,-0.120901},
{1.24217,1.9782,-0.120407},
{1.24113,1.97835,-0.119912},
{1.24009,1.97851,-0.119417},
{1.23905,1.97866,-0.118922},
{1.23801,1.97882,-0.118428},
{1.23697,1.97898,-0.117933},
{1.23592,1.97913,-0.117438},
{1.23488,1.97929,-0.116944},
{1.23384,1.97944,-0.116449},
{1.2328,1.9796,-0.115954},
{1.23176,1.97975,-0.11546},
{1.23072,1.97991,-0.114965},
{1.23155,1.97977,-0.115366},
{1.23061,1.97989,-0.114934},
{1.22967,1.98001,-0.114503},
{1.22872,1.98013,-0.114071},
{1.22778,1.98024,-0.113639},
{1.22684,1.98036,-0.113207},
{1.2259,1.98048,-0.112776},
{1.22496,1.9806,-0.112344},
{1.22402,1.98071,-0.111912},
{1.22307,1.98083,-0.11148},
{1.22213,1.98095,-0.111049},
{1.22119,1.98107,-0.110617},
{1.22025,1.98118,-0.110185},
{1.21931,1.9813,-0.109753},
{1.21837,1.98142,-0.109321},
{1.21743,1.98154,-0.10889},
{1.21648,1.98165,-0.108458},
{1.21554,1.98177,-0.108026},
{1.2146,1.98189,-0.107594},
{1.21366,1.98201,-0.107163},
{1.21272,1.98212,-0.106731},
{1.21178,1.98224,-0.106299},
{1.21083,1.98236,-0.105867},
{1.20989,1.98248,-0.105436},
{1.20895,1.98259,-0.105004},
{1.20801,1.98271,-0.104572},
{1.20707,1.98283,-0.10414},
{1.20613,1.98295,-0.103709},
{1.20518,1.98306,-0.103277},
{1.20424,1.98318,-0.102845},
{1.2033,1.9833,-0.102413},
{1.20236,1.98342,-0.101981},
{1.20142,1.98353,-0.10155},
{1.20048,1.98365,-0.101118},
{1.19953,1.98377,-0.100686},
{1.19859,1.98389,-0.100254},
{1.19765,1.984,-0.0998227},
{1.19671,1.98412,-0.0993909},
{1.19577,1.98424,-0.0989591},
{1.19483,1.98436,-0.0985274},
{1.19389,1.98447,-0.0980956},
{1.19294,1.98459,-0.0976638},
{1.192,1.98471,-0.0972321},
{1.19106,1.98483,-0.0968003},
{1.19012,1.98494,-0.0963685},
{1.18918,1.98506,-0.0959368},
{1.18824,1.98518,-0.095505},
{1.18729,1.9853,-0.0950732},
{1.18635,1.98541,-0.0946415},
{1.18541,1.98553,-0.0942097},
{1.18447,1.98565,-0.0937779},
{1.18353,1.98577,-0.0933462},
{1.18259,1.98588,-0.0929144},
{1.18355,1.98576,-0.0933623},
{1.18271,1.98585,-0.0929939},
{1.18187,1.98594,-0.0926256},
{1.18103,1.98603,-0.0922573},
{1.1802,1.98612,-0.091889},
{1.17936,1.98621,-0.0915207},
{1.17852,1.98629,-0.0911523},
{1.17768,1.98638,-0.090784},
{1.17684,1.98647,-0.0904157},
{1.176,1.98656,-0.0900474},
{1.17517,1.98665,-0.0896791},
{1.17433,1.98674,-0.0893107},
{1.17349,1.98683,-0.0889424},
{1.17265,1.98692,-0.0885741},
{1.17181,1.98701,-0.0882058},
{1.17098,1.9871,-0.0878374},
{1.17014,1.98719,-0.0874691},
{1.1693,1.98728,-0.0871008},
{1.16846,1.98737,-0.0867325},
{1.16762,1.98746,-0.0863642},
{1.16678,1.98755,-0.0859958},
{1.16595,1.98764,-0.0856275},
{1.16511,1.98772,-0.0852592},
{1.16427,1.98781,-0.0848909},
{1.16343,1.9879,-0.0845225},
{1.16259,1.98799,-0.0841542},
{1.16176,1.98808,-0.0837859},
{1.16092,1.98817,-0.0834176},
{1.16008,1.98826,-0.0830493},
{1.15924,1.98835,-0.0826809},
{1.1584,1.98844,-0.0823126},
{1.15756,1.98853,-0.0819443},
{1.15673,1.98862,-0.081576},
{1.15589,1.98871,-0.0812077},
{1.15505,1.9888,-0.0808393},
{1.15421,1.98889,-0.080471},
{1.15337,1.98898,-0.0801027},
{1.15254,1.98907,-0.0797344},
{1.1517,1.98915,-0.079366},
{1.15086,1.98924,-0.0789977},
{1.15002,1.98933,-0.0786294},
{1.14918,1.98942,-0.0782611},
{1.14834,1.98951,-0.0778928},
{1.14751,1.9896,-0.0775244},
{1.14667,1.98969,-0.0771561},
{1.14583,1.98978,-0.0767878},
{1.14499,1.98987,-0.0764195},
{1.14415,1.98996,-0.0760511},
{1.14332,1.99005,-0.0756828},
{1.14248,1.99014,-0.0753145},
{1.14164,1.99023,-0.0749462},
{1.14267,1.99011,-0.0753981},
{1.14194,1.99018,-0.075069},
{1.1412,1.99025,-0.0747399},
{1.14046,1.99032,-0.0744107},
{1.13973,1.99038,-0.0740816},
{1.13899,1.99045,-0.0737525},
{1.13825,1.99052,-0.0734233},
{1.13752,1.99059,-0.0730942},
{1.13678,1.99066,-0.0727651},
{1.13605,1.99072,-0.0724359},
{1.13531,1.99079,-0.0721068},
{1.13457,1.99086,-0.0717777},
{1.13384,1.99093,-0.0714485},
{1.1331,1.991,-0.0711194},
{1.13236,1.99106,-0.0707903},
{1.13163,1.99113,-0.0704612},
{1.13089,1.9912,-0.070132},
{1.13015,1.99127,-0.0698029},
{1.12942,1.99134,-0.0694738},
{1.12868,1.9914,-0.0691446},
{1.12794,1.99147,-0.0688155},
{1.12721,1.99154,-0.0684864},
{1.12647,1.99161,-0.0681572},
{1.12574,1.99168,-0.0678281},
{1.125,1.99174,-0.067499},
{1.12426,1.99181,-0.0671698},
{1.12353,1.99188,-0.0668407},
{1.12279,1.99195,-0.0665116},
{1.12205,1.99202,-0.0661824},
{1.12132,1.99208,-0.0658533},
{1.12058,1.99215,-0.0655242},
{1.11984,1.99222,-0.0651951},
{1.11911,1.99229,-0.0648659},
{1.11837,1.99235,-0.0645368},
{1.11764,1.99242,-0.0642077},
{1.1169,1.99249,-0.0638785},
{1.11616,1.99256,-0.0635494},
{1.11543,1.99263,-0.0632203},
{1.11469,1.99269,-0.0628911},
{1.11395,1.99276,-0.062562},
{1.11322,1.99283,-0.0622329},
{1.11248,1.9929,-0.0619037},
{1.11174,1.99297,-0.0615746},
{1.11101,1.99303,-0.0612455},
{1.11027,1.9931,-0.0609163},
{1.10954,1.99317,-0.0605872},
{1.1088,1.99324,-0.0602581},
{1.10806,1.99331,-0.059929},
{1.10733,1.99337,-0.0595998},
{1.1084,1.99327,-0.0600675},
{1.10776,1.99332,-0.0597612},
{1.10712,1.99337,-0.0594549},
{1.10649,1.99342,-0.0591487},
{1.10585,1.99347,-0.0588424},
{1.10521,1.99352,-0.0585361},
{1.10457,1.99358,-0.0582298},
{1.10393,1.99363,-0.0579235},
{1.10329,1.99368,-0.0576172},
{1.10265,1.99373,-0.0573109},
{1.10202,1.99378,-0.0570047},
{1.10138,1.99383,-0.0566984},
{1.10074,1.99388,-0.0563921},
{1.1001,1.99393,-0.0560858},
{1.09946,1.99398,-0.0557795},
{1.09882,1.99403,-0.0554732},
{1.09818,1.99409,-0.0551669},
{1.09755,1.99414,-0.0548606},
{1.09691,1.99419,-0.0545544},
{1.09627,1.99424,-0.0542481},
{1.09563,1.99429,-0.0539418},
{1.09499,1.99434,-0.0536355},
{1.09435,1.99439,-0.0533292},
{1.09371,1.99444,-0.0530229},
{1.09308,1.99449,-0.0527166},
{1.09244,1.99454,-0.0524103},
{1.0918,1.9946,-0.0521041},
{1.09116,1.99465,-0.0517978},
{1.09052,1.9947,-0.0514915},
{1.08988,1.99475,-0.0511852},
{1.08924,1.9948,-0.0508789},
{1.08861,1.99485,-0.0505726},
{1.08797,1.9949,-0.0502663},
{1.08733,1.99495,-0.04996},
{1.08669,1.995,-0.0496538},
{1.08605,1.99505,-0.0493475},
{1.08541,1.99511,-0.0490412},
{1.08477,1.99516,-0.0487349},
{1.08414,1.99521,-0.0484286},
{1.0835,1.99526,-0.0481223},
{1.08286,1.99531,-0.047816},
{1.08222,1.99536,-0.0475097},
{1.08158,1.99541,-0.0472035},
{1.08094,1.99546,-0.0468972},
{1.0803,1.99551,-0.0465909},
{1.07967,1.99556,-0.0462846},
{1.08068,1.99548,-0.0467681},
{1.08014,1.99552,-0.0464835},
{1.07959,1.99556,-0.046199},
{1.07904,1.9956,-0.0459144},
{1.0785,1.99563,-0.0456299},
{1.07795,1.99567,-0.0453453},
{1.07741,1.99571,-0.0450608},
{1.07686,1.99575,-0.0447762},
{1.07631,1.99579,-0.0444917},
{1.07577,1.99582,-0.0442071},
{1.07522,1.99586,-0.0439226},
{1.07467,1.9959,-0.043638},
{1.07413,1.99594,-0.0433534},
{1.07358,1.99598,-0.0430689},
{1.07304,1.99601,-0.0427843},
{1.07249,1.99605,-0.0424998},
{1.07194,1.99609,-0.0422152},
{1.0714,1.99613,-0.0419307},
{1.07085,1.99616,-0.0416461},
{1.07031,1.9962,-0.0413616},
{1.06976,1.99624,-0.041077},
{1.06921,1.99628,-0.0407925},
{1.06867,1.99632,-0.0405079},
{1.06812,1.99635,-0.0402233},
{1.06757,1.99639,-0.0399388},
{1.06703,1.99643,-0.0396542},
{1.06648,1.99647,-0.0393697},
{1.06594,1.99651,-0.0390851},
{1.06539,1.99654,-0.0388006},
{1.06484,1.99658,-0.038516},
{1.0643,1.99662,-0.0382315},
{1.06375,1.99666,-0.0379469},
{1.0632,1.9967,-0.0376623},
{1.06266,1.99673,-0.0373778},
{1.06211,1.99677,-0.0370932},
{1.06157,1.99681,-0.0368087},
{1.06102,1.99685,-0.0365241},
{1.06047,1.99689,-0.0362396},
{1.05993,1.99692,-0.035955},
{1.05938,1.99696,-0.0356705},
{1.05883,1.997,-0.0353859},
{1.05829,1.99704,-0.0351014},
{1.05774,1.99708,-0.0348168},
{1.0572,1.99711,-0.0345322},
{1.05818,1.99704,-0.0350365},
{1.05772,1.99707,-0.0347783},
{1.05726,1.9971,-0.0345202},
{1.0568,1.99713,-0.034262},
{1.05634,1.99716,-0.0340038},
{1.05588,1.99718,-0.0337456},
{1.05542,1.99721,-0.0334874},
{1.05496,1.99724,-0.0332292},
{1.05449,1.99727,-0.032971},
{1.05403,1.9973,-0.0327128},
{1.05357,1.99732,-0.0324546},
{1.05311,1.99735,-0.0321964},
{1.05265,1.99738,-0.0319382},
{1.05219,1.99741,-0.03168},
{1.05173,1.99744,-0.0314219},
{1.05127,1.99746,-0.0311637},
{1.05081,1.99749,-0.0309055},
{1.05035,1.99752,-0.0306473},
{1.04989,1.99755,-0.0303891},
{1.04943,1.99758,-0.0301309},
{1.04897,1.9976,-0.0298727},
{1.04851,1.99763,-0.0296145},
{1.04805,1.99766,-0.0293563},
{1.04759,1.99769,-0.0290981},
{1.04713,1.99772,-0.0288399},
{1.04667,1.99774,-0.0285817},
{1.04621,1.99777,-0.0283236},
{1.04575,1.9978,-0.0280654},
{1.04529,1.99783,-0.0278072},
{1.04483,1.99786,-0.027549},
{1.04437,1.99788,-0.0272908},
{1.04391,1.99791,-0.0270326},
{1.04345,1.99794,-0.0267744},
{1.04299,1.99797,-0.0265162},
{1.04253,1.99799,-0.026258},
{1.04207,1.99802,-0.0259998},
{1.04161,1.99805,-0.0257416},
{1.04115,1.99808,-0.0254834},
{1.04069,1.99811,-0.0252253},
{1.04023,1.99813,-0.0249671},
{1.03977,1.99816,-0.0247089},
{1.04067,1.99811,-0.0252076},
{1.04028,1.99813,-0.0249797},
{1.0399,1.99815,-0.0247517},
{1.03952,1.99817,-0.0245238},
{1.03914,1.99819,-0.0242958},
{1.03876,1.99821,-0.0240679},
{1.03838,1.99823,-0.0238399},
{1.038,1.99825,-0.023612},
{1.03762,1.99827,-0.023384},
{1.03724,1.99829,-0.0231561},
{1.03686,1.99831,-0.0229281},
{1.03648,1.99833,-0.0227002},
{1.0361,1.99835,-0.0224722},
{1.03572,1.99837,-0.0222443},
{1.03534,1.9984,-0.0220163},
{1.03496,1.99842,-0.0217884},
{1.03457,1.99844,-0.0215604},
{1.03419,1.99846,-0.0213325},
{1.03381,1.99848,-0.0211045},
{1.03343,1.9985,-0.0208766},
{1.03305,1.99852,-0.0206486},
{1.03267,1.99854,-0.0204207},
{1.03229,1.99856,-0.0201927},
{1.03191,1.99858,-0.0199648},
{1.03153,1.9986,-0.0197368},
{1.03115,1.99862,-0.0195089},
{1.03077,1.99864,-0.0192809},
{1.03039,1.99866,-0.019053},
{1.03001,1.99868,-0.018825},
{1.02963,1.9987,-0.0185971},
{1.02925,1.99872,-0.0183691},
{1.02887,1.99874,-0.0181412},
{1.02848,1.99876,-0.0179132},
{1.0281,1.99878,-0.0176853},
{1.02772,1.99881,-0.0174573},
{1.02734,1.99883,-0.0172294},
{1.02696,1.99885,-0.0170014},
{1.02658,1.99887,-0.0167735},
{1.0262,1.99889,-0.0165455},
{1.02706,1.99884,-0.0170511},
{1.02675,1.99885,-0.0168591},
{1.02644,1.99887,-0.0166671},
{1.02613,1.99888,-0.016475},
{1.02582,1.9989,-0.016283},
{1.02552,1.99891,-0.016091},
{1.02521,1.99893,-0.015899},
{1.0249,1.99894,-0.015707},
{1.02459,1.99896,-0.015515},
{1.02428,1.99897,-0.0153229},
{1.02397,1.99899,-0.0151309},
{1.02367,1.999,-0.0149389},
{1.02336,1.99902,-0.0147469},
{1.02305,1.99903,-0.0145549},
{1.02274,1.99905,-0.0143629},
{1.02243,1.99906,-0.0141708},
{1.02212,1.99908,-0.0139788},
{1.02181,1.99909,-0.0137868},
{1.02151,1.99911,-0.0135948},
{1.0212,1.99912,-0.0134028},
{1.02089,1.99914,-0.0132108},
{1.02058,1.99915,-0.0130187},
{1.02027,1.99917,-0.0128267},
{1.01996,1.99918,-0.0126347},
{1.01966,1.9992,-0.0124427},
{1.01935,1.99921,-0.0122507},
{1.01904,1.99922,-0.0120587},
{1.01873,1.99924,-0.0118666},
{1.01842,1.99925,-0.0116746},
{1.01811,1.99927,-0.0114826},
{1.01781,1.99928,-0.0112906},
{1.0175,1.9993,-0.0110986},
{1.01719,1.99931,-0.0109066},
{1.01688,1.99933,-0.0107145},
{1.01657,1.99934,-0.0105225},
{1.01731,1.99931,-0.0109773},
{1.01706,1.99932,-0.0108231},
{1.01682,1.99933,-0.010669},
{1.01658,1.99934,-0.0105148},
{1.01633,1.99935,-0.0103607},
{1.01609,1.99936,-0.0102065},
{1.01585,1.99937,-0.0100523},
{1.0156,1.99938,-0.00989819},
{1.01536,1.99939,-0.00974404},
{1.01512,1.9994,-0.00958988},
{1.01487,1.99941,-0.00943573},
{1.01463,1.99942,-0.00928157},
{1.01439,1.99943,-0.00912742},
{1.01414,1.99944,-0.00897326},
{1.0139,1.99945,-0.00881911},
{1.01366,1.99947,-0.00866495},
{1.01341,1.99948,-0.0085108},
{1.01317,1.99949,-0.00835665},
{1.01293,1.9995,-0.00820249},
{1.01268,1.99951,-0.00804834},
{1.01244,1.99952,-0.00789418},
{1.0122,1.99953,-0.00774003},
{1.01195,1.99954,-0.00758587},
{1.01171,1.99955,-0.00743172},
{1.01147,1.99956,-0.00727756},
{1.01122,1.99957,-0.00712341},
{1.01098,1.99958,-0.00696926},
{1.01074,1.99959,-0.0068151},
{1.01049,1.9996,-0.00666095},
{1.01025,1.99961,-0.00650679},
{1.01001,1.99962,-0.00635264},
{1.00976,1.99963,-0.00619848},
{1.01038,1.99961,-0.00659003},
{1.0102,1.99961,-0.00647216},
{1.01001,1.99962,-0.00635428},
{1.00983,1.99963,-0.00623641},
{1.00964,1.99964,-0.00611853},
{1.00945,1.99964,-0.00600066},
{1.00927,1.99965,-0.00588278},
{1.00908,1.99966,-0.0057649},
{1.0089,1.99967,-0.00564703},
{1.00871,1.99967,-0.00552915},
{1.00853,1.99968,-0.00541128},
{1.00834,1.99969,-0.0052934},
{1.00815,1.9997,-0.00517553},
{1.00797,1.9997,-0.00505765},
{1.00778,1.99971,-0.00493978},
{1.0076,1.99972,-0.0048219},
{1.00741,1.99973,-0.00470402},
{1.00723,1.99973,-0.00458615},
{1.00704,1.99974,-0.00446827},
{1.00685,1.99975,-0.0043504},
{1.00667,1.99975,-0.00423252},
{1.00648,1.99976,-0.00411465},
{1.0063,1.99977,-0.00399677},
{1.00611,1.99978,-0.0038789},
{1.00593,1.99978,-0.00376102},
{1.00574,1.99979,-0.00364315},
{1.00556,1.9998,-0.00352527},
{1.00537,1.99981,-0.00340739},
{1.00584,1.99979,-0.0037042},
{1.0057,1.99979,-0.00361821},
{1.00557,1.9998,-0.00353222},
{1.00543,1.9998,-0.00344623},
{1.00529,1.99981,-0.00336024},
{1.00516,1.99981,-0.00327425},
{1.00502,1.99982,-0.00318826},
{1.00489,1.99982,-0.00310227},
{1.00475,1.99983,-0.00301628},
{1.00462,1.99983,-0.00293029},
{1.00448,1.99984,-0.0028443},
{1.00435,1.99984,-0.00275831},
{1.00421,1.99985,-0.00267232},
{1.00408,1.99985,-0.00258633},
{1.00394,1.99986,-0.00250034},
{1.0038,1.99986,-0.00241435},
{1.00367,1.99987,-0.00232836},
{1.00353,1.99987,-0.00224237},
{1.0034,1.99988,-0.00215638},
{1.00326,1.99988,-0.00207039},
{1.00313,1.99989,-0.0019844},
{1.00299,1.99989,-0.00189841},
{1.00286,1.9999,-0.00181242},
{1.00272,1.9999,-0.00172643},
{1.00258,1.99991,-0.00164044},
{1.00293,1.9999,-0.00186188},
{1.00284,1.9999,-0.00180284},
{1.00275,1.9999,-0.00174379},
{1.00265,1.99991,-0.00168475},
{1.00256,1.99991,-0.0016257},
{1.00247,1.99991,-0.00156666},
{1.00238,1.99992,-0.00150761},
{1.00228,1.99992,-0.00144856},
{1.00219,1.99992,-0.00138952},
{1.0021,1.99993,-0.00133047},
{1.002,1.99993,-0.00127143},
{1.00191,1.99993,-0.00121238},
{1.00182,1.99994,-0.00115333},
{1.00172,1.99994,-0.00109429},
{1.00163,1.99994,-0.00103524},
{1.00154,1.99995,-0.000976197},
{1.00145,1.99995,-0.000917151},
{1.00135,1.99995,-0.000858106},
{1.00126,1.99996,-0.00079906},
{1.00117,1.99996,-0.000740014},
{1.00107,1.99996,-0.000680968},
{1.00098,1.99997,-0.000621922},
{1.00124,1.99996,-0.000787569},
{1.00118,1.99996,-0.000750498},
{1.00112,1.99996,-0.000713426},
{1.00107,1.99996,-0.000676354},
{1.00101,1.99996,-0.000639283},
{1.00095,1.99997,-0.000602211},
{1.00089,1.99997,-0.000565139},
{1.00083,1.99997,-0.000528067},
{1.00077,1.99997,-0.000490996},
{1.00072,1.99998,-0.000453924},
{1.00066,1.99998,-0.000416852},
{1.0006,1.99998,-0.00037978},
{1.00054,1.99998,-0.000342709},
{1.00048,1.99998,-0.000305637},
{1.00042,1.99999,-0.000268565},
{1.00036,1.99999,-0.000231493},
{1.00031,1.99999,-0.000194422},
{1.00025,1.99999,-0.00015735},
{1.00042,1.99999,-0.000265531},
{1.00039,1.99999,-0.000245337},
{1.00035,1.99999,-0.000225143},
{1.00032,1.99999,-0.000204949},
{1.00029,1.99999,-0.000184755},
{1.00026,1.99999,-0.000164561},
{1.00023,1.99999,-0.000144367},
{1.0002,1.99999,-0.000124173},
{1.00016,1.99999,-0.000103979},
{1.00013,2,-8.37846e-05},
{1.0001,2,-6.35906e-05},
{1.00007,2,-4.33965e-05},
{1.00004,2,-2.32024e-05},
{1,2,-3.00831e-06},
{1.0001,2,-6.08957e-05},
{1.00008,2,-5.24361e-05},
{1.00007,2,-4.39764e-05},
{1.00006,2,-3.55167e-05},
{1.00004,2,-2.70571e-05},
{1.00003,2,-1.85974e-05},
{1.00002,2,-1.01378e-05},
{1,2,-1.67811e-06},
{0.999989,2,6.78155e-06},
{0.999976,2,1.52412e-05},
{0.999963,2,2.37009e-05},
{1.00001,2,-4.29611e-06},
{1,2,-2.35079e-06},
{1,2,-4.05467e-07},
{0.999998,2,1.53985e-06},
{0.999995,2,3.48518e-06},
{0.999991,2,5.4305e-06},
{0.999988,2,7.37582e-06},
{1,2,-2.4063e-29}