{2.712,2.189,-2.76},
{2.71197,2.189,-2.76018},
{2.71196,2.189,-2.76026},
{2.71195,2.18899,-2.76034},
{2.71194,2.18899,-2.76041},
{2.71192,2.18899,-2.76049},
{2.71181,2.18898,-2.76121},
{2.71178,2.18898,-2.7614},
{2.71175,2.18898,-2.76159},
{2.71172,2.18897,-2.76178},
{2.71169,2.18897,-2.76197},
{2.71166,2.18897,-2.76216},
{2.71163,2.18896,-2.76234},
{2.7116,2.18896,-2.76253},
{2.71158,2.18896,-2.76272},
{2.71155,2.18896,-2.76291},
{2.71152,2.18895,-2.7631},
{2.71149,2.18895,-2.76329},
{2.71146,2.18895,-2.76348},
{2.71119,2.18892,-2.76517},
{2.71114,2.18892,-2.76551},
{2.71109,2.18891,-2.76586},
{2.71103,2.18891,-2.7662},
{2.71098,2.1889,-2.76655},
{2.71092,2.18889,-2.7669},
{2.71087,2.18889,-2.76724},
{2.71082,2.18888,-2.76759},
{2.71076,2.18888,-2.76793},
{2.71071,2.18887,-2.76828},
{2.71065,2.18887,-2.76862},
{2.7106,2.18886,-2.76897},
{2.71054,2.18886,-2.76932},
{2.71049,2.18885,-2.76966},
{2.71044,2.18885,-2.77001},
{2.71038,2.18884,-2.77035},
{2.71033,2.18883,-2.7707},
{2.71027,2.18883,-2.77104},
{2.71022,2.18882,-2.77139},
{2.70978,2.18878,-2.77421},
{2.70969,2.18877,-2.77475},
{2.7096,2.18876,-2.7753},
{2.70952,2.18875,-2.77585},
{2.70943,2.18875,-2.77639},
{2.70934,2.18874,-2.77694},
{2.70926,2.18873,-2.77749},
{2.70917,2.18872,-2.77804},
{2.70908,2.18871,-2.77858},
{2.709,2.1887,-2.77913},
{2.70891,2.1887,-2.77968},
{2.70882,2.18869,-2.78023},
{2.70874,2.18868,-2.78077},
{2.70865,2.18867,-2.78132},
{2.70857,2.18866,-2.78187},
{2.70848,2.18865,-2.78241},
{2.70839,2.18865,-2.78296},
{2.70831,2.18864,-2.78351},
{2.70822,2.18863,-2.78406},
{2.70813,2.18862,-2.7846},
{2.70805,2.18861,-2.78515},
{2.70796,2.1886,-2.7857},
{2.70787,2.1886,-2.78625},
{2.70779,2.18859,-2.78679},
{2.7077,2.18858,-2.78734},
{2.70761,2.18857,-2.78789},
{2.70753,2.18856,-2.78844},
{2.70683,2.18849,-2.79283},
{2.7067,2.18848,-2.79357},
{2.70658,2.18847,-2.7943},
{2.70645,2.18846,-2.79503},
{2.70632,2.18845,-2.79577},
{2.7062,2.18844,-2.7965},
{2.70607,2.18843,-2.79724},
{2.70594,2.18842,-2.79797},
{2.70582,2.18841,-2.7987},
{2.70569,2.1884,-2.79944},
{2.70556,2.18839,-2.80017},
{2.70544,2.18837,-2.80091},
{2.70531,2.18836,-2.80164},
{2.70518,2.18835,-2.80238},
{2.70506,2.18834,-2.80311},
{2.70493,2.18833,-2.80384},
{2.7048,2.18832,-2.80458},
{2.70468,2.18831,-2.80531},
{2.70455,2.1883,-2.80605},
{2.70442,2.18829,-2.80678},
{2.70429,2.18828,-2.80751},
{2.70417,2.18827,-2.80825},
{2.70404,2.18825,-2.80898},
{2.70391,2.18824,-2.80972},
{2.70379,2.18823,-2.81045},
{2.70366,2.18822,-2.81118},
{2.70353,2.18821,-2.81192},
{2.70341,2.1882,-2.81265},
{2.70328,2.18819,-2.81339},
{2.70315,2.18818,-2.81412},
{2.70303,2.18817,-2.81485},
{2.7029,2.18816,-2.81559},
{2.70277,2.18815,-2.81632},
{2.70265,2.18813,-2.81706},
{2.70164,2.18805,-2.82283},
{2.70147,2.18804,-2.82362},
{2.7013,2.18803,-2.82442},
{2.70112,2.18801,-2.82521},
{2.70095,2.188,-2.826},
{2.70077,2.18799,-2.82679},
{2.7006,2.18798,-2.82758},
{2.70043,2.18797,-2.82837},
{2.70025,2.18796,-2.82916},
{2.70008,2.18794,-2.82995},
{2.6999,2.18793,-2.83074},
{2.69973,2.18792,-2.83153},
{2.69956,2.18791,-2.83232},
{2.69938,2.1879,-2.83311},
{2.69921,2.18789,-2.8339},
{2.69904,2.18788,-2.83469},
{2.69886,2.18786,-2.83548},
{2.69869,2.18785,-2.83627},
{2.69851,2.18784,-2.83707},
{2.69834,2.18783,-2.83786},
{2.69817,2.18782,-2.83865},
{2.69799,2.18781,-2.83944},
{2.69782,2.18779,-2.84023},
{2.69765,2.18778,-2.84102},
{2.69747,2.18777,-2.84181},
{2.6973,2.18776,-2.8426},
{2.69712,2.18775,-2.84339},
{2.69695,2.18774,-2.84418},
{2.69678,2.18773,-2.84497},
{2.6966,2.18771,-2.84576},
{2.69643,2.1877,-2.84655},
{2.69625,2.18769,-2.84734},
{2.69608,2.18768,-2.84813},
{2.69591,2.18767,-2.84892},
{2.69573,2.18766,-2.84971},
{2.69556,2.18765,-2.85051},
{2.69539,2.18763,-2.8513},
{2.69521,2.18762,-2.85209},
{2.69504,2.18761,-2.85288},
{2.69486,2.1876,-2.85367},
{2.69469,2.18759,-2.85446},
{2.69333,2.1875,-2.86054},
{2.69311,2.18749,-2.86132},
{2.69288,2.18748,-2.8621},
{2.69265,2.18747,-2.86289},
{2.69243,2.18746,-2.86367},
{2.6922,2.18745,-2.86445},
{2.69197,2.18744,-2.86524},
{2.69175,2.18743,-2.86602},
{2.69152,2.18742,-2.8668},
{2.69129,2.18741,-2.86759},
{2.69107,2.1874,-2.86837},
{2.69084,2.18739,-2.86915},
{2.69061,2.18739,-2.86994},
{2.69039,2.18738,-2.87072},
{2.69016,2.18737,-2.8715},
{2.68994,2.18736,-2.87229},
{2.68971,2.18735,-2.87307},
{2.68948,2.18734,-2.87385},
{2.68926,2.18733,-2.87464},
{2.68903,2.18732,-2.87542},
{2.6888,2.18731,-2.8762},
{2.68858,2.1873,-2.87699},
{2.68835,2.18729,-2.87777},
{2.68812,2.18728,-2.87855},
{2.6879,2.18727,-2.87934},
{2.68767,2.18726,-2.88012},
{2.68744,2.18725,-2.8809},
{2.68722,2.18724,-2.88169},
{2.68699,2.18723,-2.88247},
{2.68676,2.18722,-2.88325},
{2.68654,2.18721,-2.88404},
{2.68631,2.1872,-2.88482},
{2.68608,2.1872,-2.8856},
{2.68586,2.18719,-2.88639},
{2.68563,2.18718,-2.88717},
{2.6854,2.18717,-2.88795},
{2.68518,2.18716,-2.88874},
{2.68495,2.18715,-2.88952},
{2.68472,2.18714,-2.8903},
{2.6845,2.18713,-2.89108},
{2.68427,2.18712,-2.89187},
{2.68404,2.18711,-2.89265},
{2.68382,2.1871,-2.89343},
{2.68359,2.18709,-2.89422},
{2.68336,2.18708,-2.895},
{2.68314,2.18707,-2.89578},
{2.68291,2.18706,-2.89657},
{2.68268,2.18705,-2.89735},
{2.68093,2.18699,-2.90323},
{2.68065,2.18698,-2.90402},
{2.68037,2.18698,-2.9048},
{2.68008,2.18697,-2.90559},
{2.6798,2.18697,-2.90638},
{2.67951,2.18697,-2.90716},
{2.67923,2.18696,-2.90795},
{2.67894,2.18696,-2.90874},
{2.67866,2.18695,-2.90952},
{2.67837,2.18695,-2.91031},
{2.67809,2.18695,-2.9111},
{2.6778,2.18694,-2.91188},
{2.67752,2.18694,-2.91267},
{2.67724,2.18693,-2.91346},
{2.67695,2.18693,-2.91424},
{2.67667,2.18693,-2.91503},
{2.67638,2.18692,-2.91582},
{2.6761,2.18692,-2.9166},
{2.67581,2.18691,-2.91739},
{2.67553,2.18691,-2.91818},
{2.67524,2.18691,-2.91896},
{2.67496,2.1869,-2.91975},
{2.67468,2.1869,-2.92054},
{2.67439,2.18689,-2.92132},
{2.67411,2.18689,-2.92211},
{2.67382,2.18689,-2.9229},
{2.67354,2.18688,-2.92368},
{2.67325,2.18688,-2.92447},
{2.67297,2.18687,-2.92526},
{2.67268,2.18687,-2.92604},
{2.6724,2.18687,-2.92683},
{2.67211,2.18686,-2.92762},
{2.67183,2.18686,-2.9284},
{2.67155,2.18685,-2.92919},
{2.67126,2.18685,-2.92998},
{2.67098,2.18685,-2.93076},
{2.67069,2.18684,-2.93155},
{2.67041,2.18684,-2.93234},
{2.67012,2.18683,-2.93312},
{2.66984,2.18683,-2.93391},
{2.66955,2.18683,-2.93469},
{2.66927,2.18682,-2.93548},
{2.66899,2.18682,-2.93627},
{2.6687,2.18681,-2.93705},
{2.66842,2.18681,-2.93784},
{2.66813,2.18681,-2.93863},
{2.66785,2.1868,-2.93941},
{2.66756,2.1868,-2.9402},
{2.66728,2.18679,-2.94099},
{2.66699,2.18679,-2.94177},
{2.66671,2.18679,-2.94256},
{2.66642,2.18678,-2.94335},
{2.66614,2.18678,-2.94413},
{2.66586,2.18677,-2.94492},
{2.66373,2.18675,-2.95065},
{2.66338,2.18676,-2.95143},
{2.66304,2.18677,-2.95222},
{2.66269,2.18677,-2.953},
{2.66235,2.18678,-2.95379},
{2.662,2.18678,-2.95457},
{2.66165,2.18679,-2.95536},
{2.66131,2.1868,-2.95614},
{2.66096,2.1868,-2.95693},
{2.66061,2.18681,-2.95771},
{2.66027,2.18681,-2.95849},
{2.65992,2.18682,-2.95928},
{2.65958,2.18683,-2.96006},
{2.65923,2.18683,-2.96085},
{2.65888,2.18684,-2.96163},
{2.65854,2.18685,-2.96242},
{2.65819,2.18685,-2.9632},
{2.65785,2.18686,-2.96399},
{2.6575,2.18686,-2.96477},
{2.65715,2.18687,-2.96556},
{2.65681,2.18688,-2.96634},
{2.65646,2.18688,-2.96712},
{2.65611,2.18689,-2.96791},
{2.65577,2.18689,-2.96869},
{2.65542,2.1869,-2.96948},
{2.65508,2.18691,-2.97026},
{2.65473,2.18691,-2.97105},
{2.65438,2.18692,-2.97183},
{2.65404,2.18692,-2.97262},
{2.65369,2.18693,-2.9734},
{2.65334,2.18694,-2.97419},
{2.653,2.18694,-2.97497},
{2.65265,2.18695,-2.97575},
{2.65231,2.18695,-2.97654},
{2.65196,2.18696,-2.97732},
{2.65161,2.18697,-2.97811},
{2.65127,2.18697,-2.97889},
{2.65092,2.18698,-2.97968},
{2.65057,2.18698,-2.98046},
{2.65023,2.18699,-2.98125},
{2.64988,2.187,-2.98203},
{2.64954,2.187,-2.98282},
{2.64919,2.18701,-2.9836},
{2.64884,2.18701,-2.98438},
{2.6485,2.18702,-2.98517},
{2.64815,2.18703,-2.98595},
{2.6478,2.18703,-2.98674},
{2.64746,2.18704,-2.98752},
{2.64711,2.18704,-2.98831},
{2.64677,2.18705,-2.98909},
{2.64642,2.18706,-2.98988},
{2.64607,2.18706,-2.99066},
{2.64573,2.18707,-2.99145},
{2.64538,2.18708,-2.99223},
{2.64504,2.18708,-2.99301},
{2.64469,2.18709,-2.9938},
{2.64434,2.18709,-2.99458},
{2.644,2.1871,-2.99537},
{2.64365,2.18711,-2.99615},
{2.6433,2.18711,-2.99694},
{2.64083,2.18716,-3.00246},
{2.64042,2.18718,-3.00325},
{2.64001,2.18721,-3.00403},
{2.6396,2.18723,-3.00482},
{2.63919,2.18725,-3.00561},
{2.63878,2.18727,-3.00639},
{2.63837,2.18729,-3.00718},
{2.63795,2.18731,-3.00797},
{2.63754,2.18733,-3.00875},
{2.63713,2.18736,-3.00954},
{2.63672,2.18738,-3.01032},
{2.63631,2.1874,-3.01111},
{2.6359,2.18742,-3.0119},
{2.63549,2.18744,-3.01268},
{2.63508,2.18746,-3.01347},
{2.63467,2.18748,-3.01425},
{2.63426,2.18751,-3.01504},
{2.63385,2.18753,-3.01583},
{2.63344,2.18755,-3.01661},
{2.63302,2.18757,-3.0174},
{2.63261,2.18759,-3.01818},
{2.6322,2.18761,-3.01897},
{2.63179,2.18763,-3.01976},
{2.63138,2.18766,-3.02054},
{2.63097,2.18768,-3.02133},
{2.63056,2.1877,-3.02211},
{2.63015,2.18772,-3.0229},
{2.62974,2.18774,-3.02369},
{2.62933,2.18776,-3.02447},
{2.62892,2.18778,-3.02526},
{2.62851,2.18781,-3.02604},
{2.6281,2.18783,-3.02683},
{2.62768,2.18785,-3.02762},
{2.62727,2.18787,-3.0284},
{2.62686,2.18789,-3.02919},
{2.62645,2.18791,-3.02997},
{2.62604,2.18793,-3.03076},
{2.62563,2.18795,-3.03155},
{2.62522,2.18798,-3.03233},
{2.62481,2.188,-3.03312},
{2.6244,2.18802,-3.0339},
{2.62399,2.18804,-3.03469},
{2.62358,2.18806,-3.03548},
{2.62317,2.18808,-3.03626},
{2.62275,2.1881,-3.03705},
{2.62234,2.18813,-3.03783},
{2.62193,2.18815,-3.03862},
{2.62152,2.18817,-3.03941},
{2.62111,2.18819,-3.04019},
{2.6207,2.18821,-3.04098},
{2.62029,2.18823,-3.04176},
{2.61988,2.18825,-3.04255},
{2.61947,2.18828,-3.04334},
{2.61906,2.1883,-3.04412},
{2.61865,2.18832,-3.04491},
{2.61824,2.18834,-3.0457},
{2.61783,2.18836,-3.04648},
{2.61741,2.18838,-3.04727},
{2.617,2.1884,-3.04805},
{2.61659,2.18843,-3.04884},
{2.61618,2.18845,-3.04963},
{2.61577,2.18847,-3.05041},
{2.61536,2.18849,-3.0512},
{2.61495,2.18851,-3.05198},
{2.61454,2.18853,-3.05277},
{2.61413,2.18855,-3.05356},
{2.61133,2.1887,-3.05888},
{2.61085,2.18875,-3.05966},
{2.61038,2.18879,-3.06045},
{2.6099,2.18883,-3.06123},
{2.60942,2.18888,-3.06202},
{2.60895,2.18892,-3.0628},
{2.60847,2.18896,-3.06359},
{2.60799,2.189,-3.06437},
{2.60752,2.18905,-3.06516},
{2.60704,2.18909,-3.06594},
{2.60656,2.18913,-3.06673},
{2.60609,2.18918,-3.06751},
{2.60561,2.18922,-3.0683},
{2.60513,2.18926,-3.06908},
{2.60466,2.1893,-3.06987},
{2.60418,2.18935,-3.07065},
{2.6037,2.18939,-3.07144},
{2.60323,2.18943,-3.07222},
{2.60275,2.18948,-3.07301},
{2.60227,2.18952,-3.07379},
{2.6018,2.18956,-3.07458},
{2.60132,2.1896,-3.07536},
{2.60084,2.18965,-3.07615},
{2.60037,2.18969,-3.07693},
{2.59989,2.18973,-3.07772},
{2.59941,2.18978,-3.0785},
{2.59894,2.18982,-3.07929},
{2.59846,2.18986,-3.08007},
{2.59798,2.1899,-3.08086},
{2.59751,2.18995,-3.08164},
{2.59703,2.18999,-3.08243},
{2.59655,2.19003,-3.08321},
{2.59608,2.19008,-3.084},
{2.5956,2.19012,-3.08478},
{2.59512,2.19016,-3.08557},
{2.59465,2.1902,-3.08635},
{2.59417,2.19025,-3.08714},
{2.5937,2.19029,-3.08792},
{2.59322,2.19033,-3.08871},
{2.59274,2.19038,-3.08949},
{2.59227,2.19042,-3.09028},
{2.59179,2.19046,-3.09106},
{2.59131,2.1905,-3.09184},
{2.59084,2.19055,-3.09263},
{2.59036,2.19059,-3.09341},
{2.58988,2.19063,-3.0942},
{2.58941,2.19068,-3.09498},
{2.58893,2.19072,-3.09577},
{2.58845,2.19076,-3.09655},
{2.58798,2.1908,-3.09734},
{2.5875,2.19085,-3.09812},
{2.58702,2.19089,-3.09891},
{2.58655,2.19093,-3.09969},
{2.58607,2.19098,-3.10048},
{2.58559,2.19102,-3.10126},
{2.58512,2.19106,-3.10205},
{2.58464,2.1911,-3.10283},
{2.58416,2.19115,-3.10362},
{2.58369,2.19119,-3.1044},
{2.58321,2.19123,-3.10519},
{2.58273,2.19128,-3.10597},
{2.58226,2.19132,-3.10676},
{2.58178,2.19136,-3.10754},
{2.5813,2.19141,-3.10833},
{2.58083,2.19145,-3.10911},
{2.58035,2.19149,-3.1099},
{2.57987,2.19153,-3.11068},
{2.5794,2.19158,-3.11147},
{2.57892,2.19162,-3.11225},
{2.57844,2.19166,-3.11304},
{2.57797,2.19171,-3.11382},
{2.57749,2.19175,-3.11461},
{2.57439,2.19203,-3.1197},
{2.57385,2.1921,-3.12048},
{2.57331,2.19217,-3.12127},
{2.57276,2.19224,-3.12205},
{2.57222,2.19231,-3.12284},
{2.57168,2.19238,-3.12362},
{2.57114,2.19245,-3.12441},
{2.57059,2.19253,-3.1252},
{2.57005,2.1926,-3.12598},
{2.56951,2.19267,-3.12677},
{2.56897,2.19274,-3.12755},
{2.56843,2.19281,-3.12834},
{2.56788,2.19288,-3.12913},
{2.56734,2.19295,-3.12991},
{2.5668,2.19302,-3.1307},
{2.56626,2.19309,-3.13148},
{2.56571,2.19316,-3.13227},
{2.56517,2.19323,-3.13305},
{2.56463,2.19331,-3.13384},
{2.56409,2.19338,-3.13463},
{2.56354,2.19345,-3.13541},
{2.563,2.19352,-3.1362},
{2.56246,2.19359,-3.13698},
{2.56192,2.19366,-3.13777},
{2.56137,2.19373,-3.13856},
{2.56083,2.1938,-3.13934},
{2.56029,2.19387,-3.14013},
{2.55975,2.19394,-3.14091},
{2.5592,2.19401,3.14149},
{2.55866,2.19409,3.1407},
{2.55812,2.19416,3.13991},
{2.55758,2.19423,3.13913},
{2.55703,2.1943,3.13834},
{2.55649,2.19437,3.13756},
{2.55595,2.19444,3.13677},
{2.55541,2.19451,3.13599},
{2.55487,2.19458,3.1352},
{2.55432,2.19465,3.13441},
{2.55378,2.19472,3.13363},
{2.55324,2.19479,3.13284},
{2.5527,2.19487,3.13206},
{2.55215,2.19494,3.13127},
{2.55161,2.19501,3.13048},
{2.55107,2.19508,3.1297},
{2.55053,2.19515,3.12891},
{2.54998,2.19522,3.12813},
{2.54944,2.19529,3.12734},
{2.5489,2.19536,3.12656},
{2.54836,2.19543,3.12577},
{2.54781,2.1955,3.12498},
{2.54727,2.19557,3.1242},
{2.54673,2.19565,3.12341},
{2.54619,2.19572,3.12263},
{2.54564,2.19579,3.12184},
{2.5451,2.19586,3.12105},
{2.54456,2.19593,3.12027},
{2.54402,2.196,3.11948},
{2.54347,2.19607,3.1187},
{2.54293,2.19614,3.11791},
{2.54239,2.19621,3.11713},
{2.54185,2.19628,3.11634},
{2.54131,2.19635,3.11555},
{2.54076,2.19643,3.11477},
{2.54022,2.1965,3.11398},
{2.53968,2.19657,3.1132},
{2.53914,2.19664,3.11241},
{2.53859,2.19671,3.11162},
{2.53805,2.19678,3.11084},
{2.53751,2.19685,3.11005},
{2.53697,2.19692,3.10927},
{2.53642,2.19699,3.10848},
{2.53588,2.19706,3.1077},
{2.53534,2.19713,3.10691},
{2.5348,2.19721,3.10612},
{2.53425,2.19728,3.10534},
{2.53371,2.19735,3.10455},
{2.53317,2.19742,3.10377},
{2.53263,2.19749,3.10298},
{2.52925,2.19795,3.09813},
{2.52864,2.19805,3.09735},
{2.52803,2.19816,3.09656},
{2.52743,2.19826,3.09578},
{2.52682,2.19837,3.09499},
{2.52621,2.19848,3.09421},
{2.52561,2.19858,3.09342},
{2.525,2.19869,3.09264},
{2.5244,2.19879,3.09185},
{2.52379,2.1989,3.09107},
{2.52318,2.19901,3.09028},
{2.52258,2.19911,3.0895},
{2.52197,2.19922,3.08871},
{2.52136,2.19932,3.08793},
{2.52076,2.19943,3.08714},
{2.52015,2.19953,3.08636},
{2.51954,2.19964,3.08557},
{2.51894,2.19975,3.08479},
{2.51833,2.19985,3.084},
{2.51773,2.19996,3.08322},
{2.51712,2.20006,3.08243},
{2.51651,2.20017,3.08165},
{2.51591,2.20028,3.08086},
{2.5153,2.20038,3.08008},
{2.51469,2.20049,3.07929},
{2.51409,2.20059,3.07851},
{2.51348,2.2007,3.07772},
{2.51288,2.20081,3.07694},
{2.51227,2.20091,3.07615},
{2.51166,2.20102,3.07537},
{2.51106,2.20112,3.07458},
{2.51045,2.20123,3.0738},
{2.50984,2.20134,3.07301},
{2.50924,2.20144,3.07223},
{2.50863,2.20155,3.07144},
{2.50803,2.20165,3.07066},
{2.50742,2.20176,3.06987},
{2.50681,2.20187,3.06909},
{2.50621,2.20197,3.0683},
{2.5056,2.20208,3.06752},
{2.50499,2.20218,3.06673},
{2.50439,2.20229,3.06595},
{2.50378,2.2024,3.06516},
{2.50318,2.2025,3.06438},
{2.50257,2.20261,3.06359},
{2.50196,2.20271,3.06281},
{2.50136,2.20282,3.06202},
{2.50075,2.20292,3.06124},
{2.50014,2.20303,3.06045},
{2.49954,2.20314,3.05967},
{2.49893,2.20324,3.05888},
{2.49833,2.20335,3.0581},
{2.49772,2.20345,3.05731},
{2.49711,2.20356,3.05653},
{2.49651,2.20367,3.05574},
{2.4959,2.20377,3.05496},
{2.49529,2.20388,3.05417},
{2.49469,2.20398,3.05339},
{2.49408,2.20409,3.0526},
{2.49348,2.2042,3.05182},
{2.49287,2.2043,3.05103},
{2.49226,2.20441,3.05025},
{2.49166,2.20451,3.04946},
{2.49105,2.20462,3.04868},
{2.49044,2.20473,3.04789},
{2.48984,2.20483,3.04711},
{2.48923,2.20494,3.04632},
{2.48863,2.20504,3.04554},
{2.48802,2.20515,3.04475},
{2.48741,2.20526,3.04396},
{2.48681,2.20536,3.04318},
{2.4862,2.20547,3.04239},
{2.48559,2.20557,3.04161},
{2.48499,2.20568,3.04082},
{2.48438,2.20579,3.04004},
{2.48378,2.20589,3.03925},
{2.48317,2.206,3.03847},
{2.48256,2.2061,3.03768},
{2.48196,2.20621,3.0369},
{2.48135,2.20631,3.03611},
{2.48074,2.20642,3.03533},
{2.48014,2.20653,3.03454},
{2.47953,2.20663,3.03376},
{2.47595,2.20728,3.02918},
{2.47528,2.20743,3.02839},
{2.47461,2.20758,3.0276},
{2.47394,2.20773,3.02682},
{2.47328,2.20788,3.02603},
{2.47261,2.20802,3.02525},
{2.47194,2.20817,3.02446},
{2.47128,2.20832,3.02368},
{2.47061,2.20847,3.02289},
{2.46994,2.20861,3.0221},
{2.46928,2.20876,3.02132},
{2.46861,2.20891,3.02053},
{2.46794,2.20906,3.01975},
{2.46728,2.20921,3.01896},
{2.46661,2.20935,3.01818},
{2.46594,2.2095,3.01739},
{2.46528,2.20965,3.0166},
{2.46461,2.2098,3.01582},
{2.46394,2.20995,3.01503},
{2.46328,2.21009,3.01425},
{2.46261,2.21024,3.01346},
{2.46194,2.21039,3.01268},
{2.46128,2.21054,3.01189},
{2.46061,2.21069,3.0111},
{2.45994,2.21083,3.01032},
{2.45928,2.21098,3.00953},
{2.45861,2.21113,3.00875},
{2.45794,2.21128,3.00796},
{2.45728,2.21142,3.00718},
{2.45661,2.21157,3.00639},
{2.45594,2.21172,3.0056},
{2.45528,2.21187,3.00482},
{2.45461,2.21202,3.00403},
{2.45394,2.21216,3.00325},
{2.45327,2.21231,3.00246},
{2.45261,2.21246,3.00168},
{2.45194,2.21261,3.00089},
{2.45127,2.21276,3.0001},
{2.45061,2.2129,2.99932},
{2.44994,2.21305,2.99853},
{2.44927,2.2132,2.99775},
{2.44861,2.21335,2.99696},
{2.44794,2.21349,2.99618},
{2.44727,2.21364,2.99539},
{2.44661,2.21379,2.9946},
{2.44594,2.21394,2.99382},
{2.44527,2.21409,2.99303},
{2.44461,2.21423,2.99225},
{2.44394,2.21438,2.99146},
{2.44327,2.21453,2.99067},
{2.44261,2.21468,2.98989},
{2.44194,2.21483,2.9891},
{2.44127,2.21497,2.98832},
{2.44061,2.21512,2.98753},
{2.43994,2.21527,2.98675},
{2.43927,2.21542,2.98596},
{2.43861,2.21557,2.98517},
{2.43794,2.21571,2.98439},
{2.43727,2.21586,2.9836},
{2.43661,2.21601,2.98282},
{2.43594,2.21616,2.98203},
{2.43527,2.2163,2.98125},
{2.43461,2.21645,2.98046},
{2.43394,2.2166,2.97967},
{2.43327,2.21675,2.97889},
{2.4326,2.2169,2.9781},
{2.43194,2.21704,2.97732},
{2.43127,2.21719,2.97653},
{2.4306,2.21734,2.97575},
{2.42994,2.21749,2.97496},
{2.42927,2.21764,2.97417},
{2.4286,2.21778,2.97339},
{2.42794,2.21793,2.9726},
{2.42727,2.21808,2.97182},
{2.4266,2.21823,2.97103},
{2.42594,2.21837,2.97025},
{2.42527,2.21852,2.96946},
{2.4246,2.21867,2.96867},
{2.42394,2.21882,2.96789},
{2.42327,2.21897,2.9671},
{2.4226,2.21911,2.96632},
{2.42194,2.21926,2.96553},
{2.42127,2.21941,2.96475},
{2.4206,2.21956,2.96396},
{2.41994,2.21971,2.96317},
{2.41927,2.21985,2.96239},
{2.4186,2.22,2.9616},
{2.41494,2.22082,2.95729},
{2.41421,2.22102,2.95651},
{2.41349,2.22121,2.95572},
{2.41277,2.22141,2.95494},
{2.41205,2.22161,2.95415},
{2.41133,2.2218,2.95337},
{2.4106,2.222,2.95258},
{2.40988,2.2222,2.9518},
{2.40916,2.22239,2.95101},
{2.40844,2.22259,2.95023},
{2.40772,2.22279,2.94944},
{2.40699,2.22298,2.94866},
{2.40627,2.22318,2.94787},
{2.40555,2.22338,2.94709},
{2.40483,2.22357,2.9463},
{2.40411,2.22377,2.94552},
{2.40338,2.22397,2.94473},
{2.40266,2.22416,2.94395},
{2.40194,2.22436,2.94316},
{2.40122,2.22456,2.94238},
{2.4005,2.22475,2.94159},
{2.39977,2.22495,2.94081},
{2.39905,2.22515,2.94002},
{2.39833,2.22534,2.93924},
{2.39761,2.22554,2.93845},
{2.39689,2.22573,2.93767},
{2.39617,2.22593,2.93688},
{2.39544,2.22613,2.9361},
{2.39472,2.22632,2.93531},
{2.394,2.22652,2.93453},
{2.39328,2.22672,2.93374},
{2.39256,2.22691,2.93295},
{2.39183,2.22711,2.93217},
{2.39111,2.22731,2.93138},
{2.39039,2.2275,2.9306},
{2.38967,2.2277,2.92981},
{2.38895,2.2279,2.92903},
{2.38822,2.22809,2.92824},
{2.3875,2.22829,2.92746},
{2.38678,2.22849,2.92667},
{2.38606,2.22868,2.92589},
{2.38534,2.22888,2.9251},
{2.38461,2.22908,2.92432},
{2.38389,2.22927,2.92353},
{2.38317,2.22947,2.92275},
{2.38245,2.22967,2.92196},
{2.38173,2.22986,2.92118},
{2.381,2.23006,2.92039},
{2.38028,2.23025,2.91961},
{2.37956,2.23045,2.91882},
{2.37884,2.23065,2.91804},
{2.37812,2.23084,2.91725},
{2.3774,2.23104,2.91647},
{2.37667,2.23124,2.91568},
{2.37595,2.23143,2.9149},
{2.37523,2.23163,2.91411},
{2.37451,2.23183,2.91333},
{2.37379,2.23202,2.91254},
{2.37306,2.23222,2.91176},
{2.37234,2.23242,2.91097},
{2.37162,2.23261,2.91019},
{2.3709,2.23281,2.9094},
{2.37018,2.23301,2.90862},
{2.36945,2.2332,2.90783},
{2.36873,2.2334,2.90705},
{2.36801,2.2336,2.90626},
{2.36729,2.23379,2.90548},
{2.36657,2.23399,2.90469},
{2.36584,2.23419,2.90391},
{2.36512,2.23438,2.90312},
{2.3644,2.23458,2.90234},
{2.36368,2.23477,2.90155},
{2.36296,2.23497,2.90077},
{2.36223,2.23517,2.89998},
{2.36151,2.23536,2.8992},
{2.36079,2.23556,2.89841},
{2.36007,2.23576,2.89763},
{2.35935,2.23595,2.89684},
{2.35863,2.23615,2.89606},
{2.3579,2.23635,2.89527},
{2.35718,2.23654,2.89449},
{2.35646,2.23674,2.8937},
{2.35574,2.23694,2.89292},
{2.35502,2.23713,2.89213},
{2.35429,2.23733,2.89135},
{2.35357,2.23753,2.89056},
{2.35285,2.23772,2.88978},
{2.35213,2.23792,2.88899},
{2.35141,2.23812,2.88821},
{2.35068,2.23831,2.88742},
{2.34996,2.23851,2.88663},
{2.34924,2.23871,2.88585},
{2.34554,2.23972,2.88183},
{2.34477,2.23997,2.88105},
{2.344,2.24022,2.88026},
{2.34323,2.24047,2.87948},
{2.34246,2.24072,2.87869},
{2.34169,2.24097,2.87791},
{2.34092,2.24122,2.87712},
{2.34015,2.24147,2.87633},
{2.33938,2.24173,2.87555},
{2.33861,2.24198,2.87476},
{2.33784,2.24223,2.87398},
{2.33707,2.24248,2.87319},
{2.3363,2.24273,2.87241},
{2.33553,2.24298,2.87162},
{2.33476,2.24323,2.87083},
{2.33399,2.24348,2.87005},
{2.33322,2.24373,2.86926},
{2.33245,2.24399,2.86848},
{2.33168,2.24424,2.86769},
{2.33091,2.24449,2.86691},
{2.33014,2.24474,2.86612},
{2.32937,2.24499,2.86533},
{2.3286,2.24524,2.86455},
{2.32782,2.24549,2.86376},
{2.32705,2.24574,2.86298},
{2.32628,2.246,2.86219},
{2.32551,2.24625,2.86141},
{2.32474,2.2465,2.86062},
{2.32397,2.24675,2.85983},
{2.3232,2.247,2.85905},
{2.32243,2.24725,2.85826},
{2.32166,2.2475,2.85748},
{2.32089,2.24775,2.85669},
{2.32012,2.248,2.85591},
{2.31935,2.24826,2.85512},
{2.31858,2.24851,2.85434},
{2.31781,2.24876,2.85355},
{2.31704,2.24901,2.85276},
{2.31627,2.24926,2.85198},
{2.3155,2.24951,2.85119},
{2.31473,2.24976,2.85041},
{2.31396,2.25001,2.84962},
{2.31319,2.25027,2.84884},
{2.31242,2.25052,2.84805},
{2.31165,2.25077,2.84726},
{2.31088,2.25102,2.84648},
{2.31011,2.25127,2.84569},
{2.30934,2.25152,2.84491},
{2.30857,2.25177,2.84412},
{2.3078,2.25202,2.84334},
{2.30703,2.25227,2.84255},
{2.30626,2.25253,2.84176},
{2.30548,2.25278,2.84098},
{2.30471,2.25303,2.84019},
{2.30394,2.25328,2.83941},
{2.30317,2.25353,2.83862},
{2.3024,2.25378,2.83784},
{2.30163,2.25403,2.83705},
{2.30086,2.25428,2.83626},
{2.30009,2.25453,2.83548},
{2.29932,2.25479,2.83469},
{2.29855,2.25504,2.83391},
{2.29778,2.25529,2.83312},
{2.29701,2.25554,2.83234},
{2.29624,2.25579,2.83155},
{2.29547,2.25604,2.83076},
{2.2947,2.25629,2.82998},
{2.29393,2.25654,2.82919},
{2.29316,2.2568,2.82841},
{2.29239,2.25705,2.82762},
{2.29162,2.2573,2.82684},
{2.29085,2.25755,2.82605},
{2.29008,2.2578,2.82526},
{2.28931,2.25805,2.82448},
{2.28854,2.2583,2.82369},
{2.28777,2.25855,2.82291},
{2.287,2.2588,2.82212},
{2.28623,2.25906,2.82134},
{2.28546,2.25931,2.82055},
{2.28469,2.25956,2.81976},
{2.28392,2.25981,2.81898},
{2.28314,2.26006,2.81819},
{2.28237,2.26031,2.81741},
{2.2816,2.26056,2.81662},
{2.28083,2.26081,2.81584},
{2.28006,2.26107,2.81505},
{2.27929,2.26132,2.81426},
{2.27852,2.26157,2.81348},
{2.27775,2.26182,2.81269},
{2.27698,2.26207,2.81191},
{2.27621,2.26232,2.81112},
{2.27544,2.26257,2.81034},
{2.27467,2.26282,2.80955},
{2.2739,2.26307,2.80877},
{2.27313,2.26333,2.80798},
{2.27236,2.26358,2.80719},
{2.27159,2.26383,2.80641},
{2.26791,2.26507,2.80269},
{2.2671,2.26538,2.80191},
{2.26629,2.26569,2.80112},
{2.26548,2.266,2.80034},
{2.26467,2.26631,2.79955},
{2.26386,2.26662,2.79877},
{2.26305,2.26693,2.79798},
{2.26224,2.26725,2.7972},
{2.26143,2.26756,2.79641},
{2.26062,2.26787,2.79563},
{2.25981,2.26818,2.79484},
{2.259,2.26849,2.79406},
{2.25819,2.2688,2.79327},
{2.25738,2.26911,2.79249},
{2.25657,2.26942,2.7917},
{2.25576,2.26973,2.79092},
{2.25495,2.27004,2.79013},
{2.25414,2.27036,2.78935},
{2.25333,2.27067,2.78856},
{2.25252,2.27098,2.78778},
{2.25171,2.27129,2.78699},
{2.2509,2.2716,2.78621},
{2.25009,2.27191,2.78542},
{2.24928,2.27222,2.78464},
{2.24847,2.27253,2.78385},
{2.24766,2.27284,2.78307},
{2.24685,2.27315,2.78228},
{2.24604,2.27346,2.7815},
{2.24523,2.27378,2.78071},
{2.24442,2.27409,2.77993},
{2.2436,2.2744,2.77914},
{2.24279,2.27471,2.77836},
{2.24198,2.27502,2.77757},
{2.24117,2.27533,2.77679},
{2.24036,2.27564,2.776},
{2.23955,2.27595,2.77522},
{2.23874,2.27626,2.77443},
{2.23793,2.27657,2.77364},
{2.23712,2.27689,2.77286},
{2.23631,2.2772,2.77207},
{2.2355,2.27751,2.77129},
{2.23469,2.27782,2.7705},
{2.23388,2.27813,2.76972},
{2.23307,2.27844,2.76893},
{2.23226,2.27875,2.76815},
{2.23145,2.27906,2.76736},
{2.23064,2.27937,2.76658},
{2.22983,2.27968,2.76579},
{2.22902,2.27999,2.76501},
{2.22821,2.28031,2.76422},
{2.2274,2.28062,2.76344},
{2.22659,2.28093,2.76265},
{2.22578,2.28124,2.76187},
{2.22497,2.28155,2.76108},
{2.22416,2.28186,2.7603},
{2.22335,2.28217,2.75951},
{2.22254,2.28248,2.75873},
{2.22173,2.28279,2.75794},
{2.22092,2.2831,2.75716},
{2.22011,2.28342,2.75637},
{2.2193,2.28373,2.75559},
{2.21849,2.28404,2.7548},
{2.21768,2.28435,2.75402},
{2.21687,2.28466,2.75323},
{2.21606,2.28497,2.75245},
{2.21525,2.28528,2.75166},
{2.21444,2.28559,2.75088},
{2.21363,2.2859,2.75009},
{2.21282,2.28621,2.74931},
{2.21201,2.28652,2.74852},
{2.2112,2.28684,2.74774},
{2.21039,2.28715,2.74695},
{2.20958,2.28746,2.74617},
{2.20876,2.28777,2.74538},
{2.20795,2.28808,2.7446},
{2.20714,2.28839,2.74381},
{2.20633,2.2887,2.74303},
{2.20552,2.28901,2.74224},
{2.20471,2.28932,2.74146},
{2.2039,2.28963,2.74067},
{2.20309,2.28995,2.73988},
{2.20228,2.29026,2.7391},
{2.20147,2.29057,2.73831},
{2.20066,2.29088,2.73753},
{2.19985,2.29119,2.73674},
{2.19904,2.2915,2.73596},
{2.19823,2.29181,2.73517},
{2.19742,2.29212,2.73439},
{2.19661,2.29243,2.7336},
{2.1958,2.29274,2.73282},
{2.19499,2.29305,2.73203},
{2.19418,2.29337,2.73125},
{2.19337,2.29368,2.73046},
{2.19256,2.29399,2.72968},
{2.19175,2.2943,2.72889},
{2.19094,2.29461,2.72811},
{2.19013,2.29492,2.72732},
{2.18932,2.29523,2.72654},
{2.18851,2.29554,2.72575},
{2.1877,2.29585,2.72497},
{2.18417,2.29726,2.72157},
{2.18332,2.29763,2.72079},
{2.18248,2.29801,2.72},
{2.18164,2.29838,2.71921},
{2.1808,2.29876,2.71843},
{2.17996,2.29913,2.71764},
{2.17912,2.29951,2.71686},
{2.17828,2.29988,2.71607},
{2.17744,2.30026,2.71529},
{2.1766,2.30063,2.7145},
{2.17576,2.30101,2.71371},
{2.17492,2.30138,2.71293},
{2.17408,2.30175,2.71214},
{2.17324,2.30213,2.71136},
{2.1724,2.3025,2.71057},
{2.17156,2.30288,2.70979},
{2.17072,2.30325,2.709},
{2.16988,2.30363,2.70822},
{2.16904,2.304,2.70743},
{2.1682,2.30438,2.70664},
{2.16735,2.30475,2.70586},
{2.16651,2.30513,2.70507},
{2.16567,2.3055,2.70429},
{2.16483,2.30587,2.7035},
{2.16399,2.30625,2.70272},
{2.16315,2.30662,2.70193},
{2.16231,2.307,2.70114},
{2.16147,2.30737,2.70036},
{2.16063,2.30775,2.69957},
{2.15979,2.30812,2.69879},
{2.15895,2.3085,2.698},
{2.15811,2.30887,2.69722},
{2.15727,2.30925,2.69643},
{2.15643,2.30962,2.69564},
{2.15559,2.30999,2.69486},
{2.15475,2.31037,2.69407},
{2.15391,2.31074,2.69329},
{2.15307,2.31112,2.6925},
{2.15223,2.31149,2.69172},
{2.15138,2.31187,2.69093},
{2.15054,2.31224,2.69014},
{2.1497,2.31262,2.68936},
{2.14886,2.31299,2.68857},
{2.14802,2.31337,2.68779},
{2.14718,2.31374,2.687},
{2.14634,2.31411,2.68622},
{2.1455,2.31449,2.68543},
{2.14466,2.31486,2.68465},
{2.14382,2.31524,2.68386},
{2.14298,2.31561,2.68307},
{2.14214,2.31599,2.68229},
{2.1413,2.31636,2.6815},
{2.14046,2.31674,2.68072},
{2.13962,2.31711,2.67993},
{2.13878,2.31748,2.67915},
{2.13794,2.31786,2.67836},
{2.1371,2.31823,2.67757},
{2.13626,2.31861,2.67679},
{2.13541,2.31898,2.676},
{2.13457,2.31936,2.67522},
{2.13373,2.31973,2.67443},
{2.13289,2.32011,2.67365},
{2.13205,2.32048,2.67286},
{2.13121,2.32086,2.67207},
{2.13037,2.32123,2.67129},
{2.12953,2.3216,2.6705},
{2.12869,2.32198,2.66972},
{2.12785,2.32235,2.66893},
{2.12701,2.32273,2.66815},
{2.12617,2.3231,2.66736},
{2.12533,2.32348,2.66657},
{2.12449,2.32385,2.66579},
{2.12365,2.32423,2.665},
{2.12281,2.3246,2.66422},
{2.12197,2.32498,2.66343},
{2.12113,2.32535,2.66265},
{2.12029,2.32572,2.66186},
{2.11944,2.3261,2.66107},
{2.1186,2.32647,2.66029},
{2.11776,2.32685,2.6595},
{2.11692,2.32722,2.65872},
{2.11608,2.3276,2.65793},
{2.11524,2.32797,2.65715},
{2.1144,2.32835,2.65636},
{2.11356,2.32872,2.65558},
{2.11272,2.3291,2.65479},
{2.11188,2.32947,2.654},
{2.11104,2.32984,2.65322},
{2.1102,2.33022,2.65243},
{2.10936,2.33059,2.65165},
{2.10852,2.33097,2.65086},
{2.10768,2.33134,2.65008},
{2.10684,2.33172,2.64929},
{2.106,2.33209,2.6485},
{2.10516,2.33247,2.64772},
{2.10432,2.33284,2.64693},
{2.10348,2.33322,2.64615},
{2.10263,2.33359,2.64536},
{2.10179,2.33396,2.64458},
{2.10095,2.33434,2.64379},
{2.10011,2.33471,2.643},
{2.09927,2.33509,2.64222},
{2.09843,2.33546,2.64143},
{2.09513,2.33697,2.63836},
{2.09427,2.33741,2.63758},
{2.09341,2.33786,2.63679},
{2.09255,2.3383,2.63601},
{2.09169,2.33874,2.63522},
{2.09083,2.33918,2.63444},
{2.08997,2.33962,2.63365},
{2.08911,2.34006,2.63287},
{2.08825,2.3405,2.63208},
{2.08739,2.34094,2.6313},
{2.08653,2.34138,2.63051},
{2.08567,2.34182,2.62973},
{2.08481,2.34226,2.62894},
{2.08395,2.3427,2.62816},
{2.08309,2.34314,2.62737},
{2.08223,2.34358,2.62659},
{2.08137,2.34402,2.6258},
{2.08051,2.34446,2.62502},
{2.07965,2.3449,2.62423},
{2.07879,2.34534,2.62344},
{2.07794,2.34578,2.62266},
{2.07708,2.34622,2.62187},
{2.07622,2.34666,2.62109},
{2.07536,2.3471,2.6203},
{2.0745,2.34755,2.61952},
{2.07364,2.34799,2.61873},
{2.07278,2.34843,2.61795},
{2.07192,2.34887,2.61716},
{2.07106,2.34931,2.61638},
{2.0702,2.34975,2.61559},
{2.06934,2.35019,2.61481},
{2.06848,2.35063,2.61402},
{2.06762,2.35107,2.61324},
{2.06676,2.35151,2.61245},
{2.0659,2.35195,2.61167},
{2.06504,2.35239,2.61088},
{2.06418,2.35283,2.6101},
{2.06332,2.35327,2.60931},
{2.06246,2.35371,2.60853},
{2.0616,2.35415,2.60774},
{2.06074,2.35459,2.60696},
{2.05988,2.35503,2.60617},
{2.05902,2.35547,2.60539},
{2.05816,2.35591,2.6046},
{2.0573,2.35635,2.60382},
{2.05644,2.35679,2.60303},
{2.05558,2.35724,2.60225},
{2.05472,2.35768,2.60146},
{2.05386,2.35812,2.60068},
{2.053,2.35856,2.59989},
{2.05214,2.359,2.59911},
{2.05128,2.35944,2.59832},
{2.05042,2.35988,2.59754},
{2.04956,2.36032,2.59675},
{2.0487,2.36076,2.59597},
{2.04784,2.3612,2.59518},
{2.04698,2.36164,2.5944},
{2.04612,2.36208,2.59361},
{2.04526,2.36252,2.59283},
{2.0444,2.36296,2.59204},
{2.04354,2.3634,2.59125},
{2.04268,2.36384,2.59047},
{2.04182,2.36428,2.58968},
{2.04096,2.36472,2.5889},
{2.0401,2.36516,2.58811},
{2.03924,2.3656,2.58733},
{2.03838,2.36604,2.58654},
{2.03752,2.36648,2.58576},
{2.03666,2.36693,2.58497},
{2.0358,2.36737,2.58419},
{2.03494,2.36781,2.5834},
{2.03408,2.36825,2.58262},
{2.03322,2.36869,2.58183},
{2.03236,2.36913,2.58105},
{2.0315,2.36957,2.58026},
{2.03064,2.37001,2.57948},
{2.02978,2.37045,2.57869},
{2.02892,2.37089,2.57791},
{2.02806,2.37133,2.57712},
{2.0272,2.37177,2.57634},
{2.02634,2.37221,2.57555},
{2.02548,2.37265,2.57477},
{2.02462,2.37309,2.57398},
{2.02376,2.37353,2.5732},
{2.0229,2.37397,2.57241},
{2.02204,2.37441,2.57163},
{2.02118,2.37485,2.57084},
{2.02032,2.37529,2.57006},
{2.01946,2.37573,2.56927},
{2.01861,2.37617,2.56849},
{2.01775,2.37662,2.5677},
{2.01689,2.37706,2.56692},
{2.01603,2.3775,2.56613},
{2.01517,2.37794,2.56535},
{2.01431,2.37838,2.56456},
{2.01345,2.37882,2.56378},
{2.01259,2.37926,2.56299},
{2.01173,2.3797,2.56221},
{2.01087,2.38014,2.56142},
{2.01001,2.38058,2.56064},
{2.00915,2.38102,2.55985},
{2.00829,2.38146,2.55906},
{2.00743,2.3819,2.55828},
{2.00657,2.38234,2.55749},
{2.00571,2.38278,2.55671},
{2.00485,2.38322,2.55592},
{2.00185,2.38479,2.55319},
{2.00098,2.3853,2.5524},
{2.00011,2.38581,2.55162},
{1.99925,2.38631,2.55083},
{1.99838,2.38682,2.55005},
{1.99751,2.38733,2.54926},
{1.99664,2.38783,2.54848},
{1.99577,2.38834,2.54769},
{1.99491,2.38885,2.54691},
{1.99404,2.38935,2.54612},
{1.99317,2.38986,2.54533},
{1.9923,2.39037,2.54455},
{1.99144,2.39088,2.54376},
{1.99057,2.39138,2.54298},
{1.9897,2.39189,2.54219},
{1.98883,2.3924,2.54141},
{1.98796,2.3929,2.54062},
{1.9871,2.39341,2.53983},
{1.98623,2.39392,2.53905},
{1.98536,2.39442,2.53826},
{1.98449,2.39493,2.53748},
{1.98363,2.39544,2.53669},
{1.98276,2.39594,2.53591},
{1.98189,2.39645,2.53512},
{1.98102,2.39696,2.53433},
{1.98015,2.39746,2.53355},
{1.97929,2.39797,2.53276},
{1.97842,2.39848,2.53198},
{1.97755,2.39898,2.53119},
{1.97668,2.39949,2.53041},
{1.97582,2.4,2.52962},
{1.97495,2.4005,2.52883},
{1.97408,2.40101,2.52805},
{1.97321,2.40152,2.52726},
{1.97234,2.40203,2.52648},
{1.97148,2.40253,2.52569},
{1.97061,2.40304,2.52491},
{1.96974,2.40355,2.52412},
{1.96887,2.40405,2.52333},
{1.96801,2.40456,2.52255},
{1.96714,2.40507,2.52176},
{1.96627,2.40557,2.52098},
{1.9654,2.40608,2.52019},
{1.96453,2.40659,2.51941},
{1.96367,2.40709,2.51862},
{1.9628,2.4076,2.51783},
{1.96193,2.40811,2.51705},
{1.96106,2.40861,2.51626},
{1.96019,2.40912,2.51548},
{1.95933,2.40963,2.51469},
{1.95846,2.41013,2.51391},
{1.95759,2.41064,2.51312},
{1.95672,2.41115,2.51234},
{1.95586,2.41165,2.51155},
{1.95499,2.41216,2.51076},
{1.95412,2.41267,2.50998},
{1.95325,2.41318,2.50919},
{1.95238,2.41368,2.50841},
{1.95152,2.41419,2.50762},
{1.95065,2.4147,2.50684},
{1.94978,2.4152,2.50605},
{1.94891,2.41571,2.50526},
{1.94805,2.41622,2.50448},
{1.94718,2.41672,2.50369},
{1.94631,2.41723,2.50291},
{1.94544,2.41774,2.50212},
{1.94457,2.41824,2.50134},
{1.94371,2.41875,2.50055},
{1.94284,2.41926,2.49976},
{1.94197,2.41976,2.49898},
{1.9411,2.42027,2.49819},
{1.94024,2.42078,2.49741},
{1.93937,2.42128,2.49662},
{1.9385,2.42179,2.49584},
{1.93763,2.4223,2.49505},
{1.93676,2.4228,2.49426},
{1.9359,2.42331,2.49348},
{1.93503,2.42382,2.49269},
{1.93416,2.42433,2.49191},
{1.93329,2.42483,2.49112},
{1.93243,2.42534,2.49034},
{1.93156,2.42585,2.48955},
{1.93069,2.42635,2.48876},
{1.92982,2.42686,2.48798},
{1.92895,2.42737,2.48719},
{1.92809,2.42787,2.48641},
{1.92722,2.42838,2.48562},
{1.92635,2.42889,2.48484},
{1.92548,2.42939,2.48405},
{1.92462,2.4299,2.48326},
{1.92375,2.43041,2.48248},
{1.92288,2.43091,2.48169},
{1.92201,2.43142,2.48091},
{1.92114,2.43193,2.48012},
{1.92028,2.43243,2.47934},
{1.91941,2.43294,2.47855},
{1.91854,2.43345,2.47777},
{1.91767,2.43395,2.47698},
{1.9168,2.43446,2.47619},
{1.91594,2.43497,2.47541},
{1.91507,2.43548,2.47462},
{1.9142,2.43598,2.47384},
{1.91333,2.43649,2.47305},
{1.91247,2.437,2.47227},
{1.9116,2.4375,2.47148},
{1.91073,2.43801,2.47069},
{1.90986,2.43852,2.46991},
{1.90899,2.43902,2.46912},
{1.90813,2.43953,2.46834},
{1.90549,2.44113,2.46595},
{1.90463,2.4417,2.46516},
{1.90376,2.44228,2.46438},
{1.9029,2.44285,2.46359},
{1.90203,2.44342,2.46281},
{1.90117,2.44399,2.46202},
{1.90031,2.44456,2.46124},
{1.89944,2.44514,2.46045},
{1.89858,2.44571,2.45966},
{1.89772,2.44628,2.45888},
{1.89685,2.44685,2.45809},
{1.89599,2.44742,2.45731},
{1.89512,2.448,2.45652},
{1.89426,2.44857,2.45574},
{1.8934,2.44914,2.45495},
{1.89253,2.44971,2.45417},
{1.89167,2.45028,2.45338},
{1.89081,2.45085,2.4526},
{1.88994,2.45143,2.45181},
{1.88908,2.452,2.45103},
{1.88821,2.45257,2.45024},
{1.88735,2.45314,2.44946},
{1.88649,2.45371,2.44867},
{1.88562,2.45429,2.44789},
{1.88476,2.45486,2.4471},
{1.8839,2.45543,2.44632},
{1.88303,2.456,2.44553},
{1.88217,2.45657,2.44475},
{1.8813,2.45714,2.44396},
{1.88044,2.45772,2.44318},
{1.87958,2.45829,2.44239},
{1.87871,2.45886,2.44161},
{1.87785,2.45943,2.44082},
{1.87699,2.46,2.44004},
{1.87612,2.46058,2.43925},
{1.87526,2.46115,2.43847},
{1.87439,2.46172,2.43768},
{1.87353,2.46229,2.4369},
{1.87267,2.46286,2.43611},
{1.8718,2.46344,2.43533},
{1.87094,2.46401,2.43454},
{1.87008,2.46458,2.43376},
{1.86921,2.46515,2.43297},
{1.86835,2.46572,2.43219},
{1.86748,2.46629,2.4314},
{1.86662,2.46687,2.43062},
{1.86576,2.46744,2.42983},
{1.86489,2.46801,2.42905},
{1.86403,2.46858,2.42826},
{1.86317,2.46915,2.42748},
{1.8623,2.46973,2.42669},
{1.86144,2.4703,2.42591},
{1.86057,2.47087,2.42512},
{1.85971,2.47144,2.42434},
{1.85885,2.47201,2.42355},
{1.85798,2.47259,2.42277},
{1.85712,2.47316,2.42198},
{1.85626,2.47373,2.4212},
{1.85539,2.4743,2.42041},
{1.85453,2.47487,2.41963},
{1.85366,2.47544,2.41884},
{1.8528,2.47602,2.41806},
{1.85194,2.47659,2.41727},
{1.85107,2.47716,2.41649},
{1.85021,2.47773,2.4157},
{1.84935,2.4783,2.41492},
{1.84848,2.47888,2.41413},
{1.84762,2.47945,2.41335},
{1.84675,2.48002,2.41256},
{1.84589,2.48059,2.41178},
{1.84503,2.48116,2.41099},
{1.84416,2.48173,2.41021},
{1.8433,2.48231,2.40942},
{1.84244,2.48288,2.40864},
{1.84157,2.48345,2.40785},
{1.84071,2.48402,2.40706},
{1.83984,2.48459,2.40628},
{1.83898,2.48517,2.40549},
{1.83812,2.48574,2.40471},
{1.83725,2.48631,2.40392},
{1.83639,2.48688,2.40314},
{1.83553,2.48745,2.40235},
{1.83466,2.48803,2.40157},
{1.8338,2.4886,2.40078},
{1.83293,2.48917,2.4},
{1.83207,2.48974,2.39921},
{1.83121,2.49031,2.39843},
{1.83034,2.49088,2.39764},
{1.82948,2.49146,2.39686},
{1.82862,2.49203,2.39607},
{1.82775,2.4926,2.39529},
{1.82689,2.49317,2.3945},
{1.82602,2.49374,2.39372},
{1.82516,2.49432,2.39293},
{1.8243,2.49489,2.39215},
{1.82343,2.49546,2.39136},
{1.82257,2.49603,2.39058},
{1.82171,2.4966,2.38979},
{1.82084,2.49717,2.38901},
{1.81998,2.49775,2.38822},
{1.81911,2.49832,2.38744},
{1.81825,2.49889,2.38665},
{1.81739,2.49946,2.38587},
{1.81652,2.50003,2.38508},
{1.81566,2.50061,2.3843},
{1.8148,2.50118,2.38351},
{1.81393,2.50175,2.38273},
{1.81307,2.50232,2.38194},
{1.8122,2.50289,2.38116},
{1.81134,2.50347,2.38037},
{1.8091,2.50497,2.37833},
{1.80825,2.5056,2.37755},
{1.8074,2.50623,2.37676},
{1.80656,2.50687,2.37597},
{1.80571,2.5075,2.37519},
{1.80486,2.50813,2.3744},
{1.80401,2.50877,2.37362},
{1.80316,2.5094,2.37283},
{1.80232,2.51003,2.37205},
{1.80147,2.51067,2.37126},
{1.80062,2.5113,2.37047},
{1.79977,2.51193,2.36969},
{1.79892,2.51257,2.3689},
{1.79808,2.5132,2.36812},
{1.79723,2.51383,2.36733},
{1.79638,2.51447,2.36655},
{1.79553,2.5151,2.36576},
{1.79468,2.51574,2.36497},
{1.79384,2.51637,2.36419},
{1.79299,2.517,2.3634},
{1.79214,2.51764,2.36262},
{1.79129,2.51827,2.36183},
{1.79044,2.5189,2.36104},
{1.7896,2.51954,2.36026},
{1.78875,2.52017,2.35947},
{1.7879,2.5208,2.35869},
{1.78705,2.52144,2.3579},
{1.7862,2.52207,2.35712},
{1.78536,2.5227,2.35633},
{1.78451,2.52334,2.35554},
{1.78366,2.52397,2.35476},
{1.78281,2.5246,2.35397},
{1.78196,2.52524,2.35319},
{1.78112,2.52587,2.3524},
{1.78027,2.5265,2.35162},
{1.77942,2.52714,2.35083},
{1.77857,2.52777,2.35004},
{1.77772,2.5284,2.34926},
{1.77688,2.52904,2.34847},
{1.77603,2.52967,2.34769},
{1.77518,2.53031,2.3469},
{1.77433,2.53094,2.34612},
{1.77348,2.53157,2.34533},
{1.77264,2.53221,2.34454},
{1.77179,2.53284,2.34376},
{1.77094,2.53347,2.34297},
{1.77009,2.53411,2.34219},
{1.76924,2.53474,2.3414},
{1.7684,2.53537,2.34061},
{1.76755,2.53601,2.33983},
{1.7667,2.53664,2.33904},
{1.76585,2.53727,2.33826},
{1.765,2.53791,2.33747},
{1.76416,2.53854,2.33669},
{1.76331,2.53917,2.3359},
{1.76246,2.53981,2.33511},
{1.76161,2.54044,2.33433},
{1.76076,2.54107,2.33354},
{1.75992,2.54171,2.33276},
{1.75907,2.54234,2.33197},
{1.75822,2.54297,2.33119},
{1.75737,2.54361,2.3304},
{1.75652,2.54424,2.32961},
{1.75568,2.54488,2.32883},
{1.75483,2.54551,2.32804},
{1.75398,2.54614,2.32726},
{1.75313,2.54678,2.32647},
{1.75228,2.54741,2.32568},
{1.75144,2.54804,2.3249},
{1.75059,2.54868,2.32411},
{1.74974,2.54931,2.32333},
{1.74889,2.54994,2.32254},
{1.74804,2.55058,2.32176},
{1.7472,2.55121,2.32097},
{1.74635,2.55184,2.32018},
{1.7455,2.55248,2.3194},
{1.74465,2.55311,2.31861},
{1.7438,2.55374,2.31783},
{1.74296,2.55438,2.31704},
{1.74211,2.55501,2.31626},
{1.74126,2.55564,2.31547},
{1.74041,2.55628,2.31468},
{1.73956,2.55691,2.3139},
{1.73872,2.55754,2.31311},
{1.73787,2.55818,2.31233},
{1.73702,2.55881,2.31154},
{1.73617,2.55945,2.31075},
{1.73532,2.56008,2.30997},
{1.73448,2.56071,2.30918},
{1.73363,2.56135,2.3084},
{1.73278,2.56198,2.30761},
{1.73193,2.56261,2.30683},
{1.73108,2.56325,2.30604},
{1.73024,2.56388,2.30525},
{1.72939,2.56451,2.30447},
{1.72854,2.56515,2.30368},
{1.72769,2.56578,2.3029},
{1.72684,2.56641,2.30211},
{1.726,2.56705,2.30133},
{1.72515,2.56768,2.30054},
{1.7243,2.56831,2.29975},
{1.72345,2.56895,2.29897},
{1.7226,2.56958,2.29818},
{1.72176,2.57021,2.2974},
{1.72091,2.57085,2.29661},
{1.72006,2.57148,2.29582},
{1.71921,2.57212,2.29504},
{1.71836,2.57275,2.29425},
{1.71752,2.57338,2.29347},
{1.71667,2.57402,2.29268},
{1.71582,2.57465,2.2919},
{1.71497,2.57528,2.29111},
{1.71412,2.57592,2.29032},
{1.71233,2.57733,2.28864},
{1.71151,2.57802,2.28785},
{1.71069,2.57871,2.28707},
{1.70987,2.5794,2.28629},
{1.70905,2.58009,2.2855},
{1.70823,2.58078,2.28472},
{1.70741,2.58147,2.28393},
{1.70659,2.58216,2.28315},
{1.70576,2.58285,2.28236},
{1.70494,2.58354,2.28158},
{1.70412,2.58423,2.2808},
{1.7033,2.58492,2.28001},
{1.70248,2.58561,2.27923},
{1.70166,2.5863,2.27844},
{1.70084,2.58699,2.27766},
{1.70002,2.58768,2.27687},
{1.6992,2.58837,2.27609},
{1.69838,2.58906,2.27531},
{1.69756,2.58975,2.27452},
{1.69674,2.59044,2.27374},
{1.69592,2.59113,2.27295},
{1.69509,2.59182,2.27217},
{1.69427,2.59251,2.27138},
{1.69345,2.5932,2.2706},
{1.69263,2.59389,2.26982},
{1.69181,2.59458,2.26903},
{1.69099,2.59527,2.26825},
{1.69017,2.59596,2.26746},
{1.68935,2.59665,2.26668},
{1.68853,2.59733,2.26589},
{1.68771,2.59802,2.26511},
{1.68689,2.59871,2.26433},
{1.68607,2.5994,2.26354},
{1.68525,2.60009,2.26276},
{1.68442,2.60078,2.26197},
{1.6836,2.60147,2.26119},
{1.68278,2.60216,2.2604},
{1.68196,2.60285,2.25962},
{1.68114,2.60354,2.25884},
{1.68032,2.60423,2.25805},
{1.6795,2.60492,2.25727},
{1.67868,2.60561,2.25648},
{1.67786,2.6063,2.2557},
{1.67704,2.60699,2.25491},
{1.67622,2.60768,2.25413},
{1.6754,2.60837,2.25335},
{1.67458,2.60906,2.25256},
{1.67375,2.60975,2.25178},
{1.67293,2.61044,2.25099},
{1.67211,2.61113,2.25021},
{1.67129,2.61182,2.24942},
{1.67047,2.61251,2.24864},
{1.66965,2.6132,2.24785},
{1.66883,2.61389,2.24707},
{1.66801,2.61458,2.24629},
{1.66719,2.61527,2.2455},
{1.66637,2.61596,2.24472},
{1.66555,2.61665,2.24393},
{1.66473,2.61734,2.24315},
{1.66391,2.61803,2.24236},
{1.66308,2.61872,2.24158},
{1.66226,2.61941,2.2408},
{1.66144,2.6201,2.24001},
{1.66062,2.62079,2.23923},
{1.6598,2.62148,2.23844},
{1.65898,2.62217,2.23766},
{1.65816,2.62286,2.23687},
{1.65734,2.62355,2.23609},
{1.65652,2.62424,2.23531},
{1.6557,2.62493,2.23452},
{1.65488,2.62562,2.23374},
{1.65406,2.62631,2.23295},
{1.65324,2.627,2.23217},
{1.65241,2.62769,2.23138},
{1.65159,2.62838,2.2306},
{1.65077,2.62907,2.22982},
{1.64995,2.62976,2.22903},
{1.64913,2.63045,2.22825},
{1.64831,2.63114,2.22746},
{1.64749,2.63183,2.22668},
{1.64667,2.63252,2.22589},
{1.64585,2.63321,2.22511},
{1.64503,2.6339,2.22433},
{1.64421,2.63459,2.22354},
{1.64339,2.63528,2.22276},
{1.64256,2.63597,2.22197},
{1.64174,2.63666,2.22119},
{1.64092,2.63735,2.2204},
{1.6401,2.63804,2.21962},
{1.63928,2.63873,2.21884},
{1.63846,2.63942,2.21805},
{1.63764,2.6401,2.21727},
{1.63682,2.64079,2.21648},
{1.636,2.64148,2.2157},
{1.63518,2.64217,2.21491},
{1.63436,2.64286,2.21413},
{1.63354,2.64355,2.21335},
{1.63272,2.64424,2.21256},
{1.63189,2.64493,2.21178},
{1.63107,2.64562,2.21099},
{1.63025,2.64631,2.21021},
{1.62943,2.647,2.20942},
{1.62861,2.64769,2.20864},
{1.62779,2.64838,2.20786},
{1.62697,2.64907,2.20707},
{1.62615,2.64976,2.20629},
{1.62533,2.65045,2.2055},
{1.62451,2.65114,2.20472},
{1.62369,2.65183,2.20393},
{1.62287,2.65252,2.20315},
{1.62205,2.65321,2.20237},
{1.62122,2.6539,2.20158},
{1.6204,2.65459,2.2008},
{1.61904,2.65578,2.19947},
{1.61825,2.65652,2.19869},
{1.61747,2.65726,2.1979},
{1.61669,2.658,2.19712},
{1.6159,2.65874,2.19633},
{1.61512,2.65948,2.19555},
{1.61434,2.66022,2.19476},
{1.61355,2.66096,2.19398},
{1.61277,2.66169,2.19319},
{1.61199,2.66243,2.19241},
{1.6112,2.66317,2.19162},
{1.61042,2.66391,2.19084},
{1.60964,2.66465,2.19005},
{1.60885,2.66539,2.18927},
{1.60807,2.66613,2.18849},
{1.60729,2.66687,2.1877},
{1.6065,2.66761,2.18692},
{1.60572,2.66834,2.18613},
{1.60494,2.66908,2.18535},
{1.60415,2.66982,2.18456},
{1.60337,2.67056,2.18378},
{1.60259,2.6713,2.18299},
{1.6018,2.67204,2.18221},
{1.60102,2.67278,2.18142},
{1.60024,2.67352,2.18064},
{1.59945,2.67426,2.17985},
{1.59867,2.675,2.17907},
{1.59789,2.67573,2.17828},
{1.5971,2.67647,2.1775},
{1.59632,2.67721,2.17672},
{1.59554,2.67795,2.17593},
{1.59475,2.67869,2.17515},
{1.59397,2.67943,2.17436},
{1.59319,2.68017,2.17358},
{1.5924,2.68091,2.17279},
{1.59162,2.68165,2.17201},
{1.59084,2.68238,2.17122},
{1.59005,2.68312,2.17044},
{1.58927,2.68386,2.16965},
{1.58849,2.6846,2.16887},
{1.5877,2.68534,2.16808},
{1.58692,2.68608,2.1673},
{1.58614,2.68682,2.16651},
{1.58536,2.68756,2.16573},
{1.58457,2.6883,2.16495},
{1.58379,2.68903,2.16416},
{1.58301,2.68977,2.16338},
{1.58222,2.69051,2.16259},
{1.58144,2.69125,2.16181},
{1.58066,2.69199,2.16102},
{1.57987,2.69273,2.16024},
{1.57909,2.69347,2.15945},
{1.57831,2.69421,2.15867},
{1.57752,2.69495,2.15788},
{1.57674,2.69568,2.1571},
{1.57596,2.69642,2.15631},
{1.57517,2.69716,2.15553},
{1.57439,2.6979,2.15474},
{1.57361,2.69864,2.15396},
{1.57282,2.69938,2.15318},
{1.57204,2.70012,2.15239},
{1.57126,2.70086,2.15161},
{1.57047,2.7016,2.15082},
{1.56969,2.70234,2.15004},
{1.56891,2.70307,2.14925},
{1.56812,2.70381,2.14847},
{1.56734,2.70455,2.14768},
{1.56656,2.70529,2.1469},
{1.56577,2.70603,2.14611},
{1.56499,2.70677,2.14533},
{1.56421,2.70751,2.14454},
{1.56342,2.70825,2.14376},
{1.56264,2.70899,2.14297},
{1.56186,2.70972,2.14219},
{1.56107,2.71046,2.14141},
{1.56029,2.7112,2.14062},
{1.55951,2.71194,2.13984},
{1.55872,2.71268,2.13905},
{1.55794,2.71342,2.13827},
{1.55716,2.71416,2.13748},
{1.55637,2.7149,2.1367},
{1.55559,2.71564,2.13591},
{1.55481,2.71637,2.13513},
{1.55402,2.71711,2.13434},
{1.55324,2.71785,2.13356},
{1.55246,2.71859,2.13277},
{1.55167,2.71933,2.13199},
{1.55089,2.72007,2.1312},
{1.55011,2.72081,2.13042},
{1.54932,2.72155,2.12963},
{1.54854,2.72229,2.12885},
{1.54776,2.72303,2.12807},
{1.54697,2.72376,2.12728},
{1.54619,2.7245,2.1265},
{1.54541,2.72524,2.12571},
{1.54462,2.72598,2.12493},
{1.54384,2.72672,2.12414},
{1.54306,2.72746,2.12336},
{1.54227,2.7282,2.12257},
{1.54149,2.72894,2.12179},
{1.54071,2.72968,2.121},
{1.53992,2.73041,2.12022},
{1.53914,2.73115,2.11943},
{1.53836,2.73189,2.11865},
{1.53757,2.73263,2.11786},
{1.53679,2.73337,2.11708},
{1.53601,2.73411,2.1163},
{1.53522,2.73485,2.11551},
{1.53444,2.73559,2.11473},
{1.53366,2.73633,2.11394},
{1.53287,2.73706,2.11316},
{1.53209,2.7378,2.11237},
{1.53131,2.73854,2.11159},
{1.53052,2.73928,2.1108},
{1.52958,2.74021,2.10984},
{1.52884,2.74099,2.10905},
{1.52811,2.74177,2.10827},
{1.52737,2.74255,2.10748},
{1.52663,2.74332,2.1067},
{1.5259,2.7441,2.10591},
{1.52516,2.74488,2.10512},
{1.52442,2.74566,2.10434},
{1.52369,2.74644,2.10355},
{1.52295,2.74722,2.10277},
{1.52222,2.748,2.10198},
{1.52148,2.74878,2.1012},
{1.52074,2.74956,2.10041},
{1.52001,2.75034,2.09963},
{1.51927,2.75112,2.09884},
{1.51853,2.7519,2.09806},
{1.5178,2.75268,2.09727},
{1.51706,2.75346,2.09649},
{1.51632,2.75424,2.0957},
{1.51559,2.75502,2.09491},
{1.51485,2.7558,2.09413},
{1.51412,2.75658,2.09334},
{1.51338,2.75736,2.09256},
{1.51264,2.75813,2.09177},
{1.51191,2.75891,2.09099},
{1.51117,2.75969,2.0902},
{1.51043,2.76047,2.08942},
{1.5097,2.76125,2.08863},
{1.50896,2.76203,2.08785},
{1.50822,2.76281,2.08706},
{1.50749,2.76359,2.08628},
{1.50675,2.76437,2.08549},
{1.50601,2.76515,2.0847},
{1.50528,2.76593,2.08392},
{1.50454,2.76671,2.08313},
{1.50381,2.76749,2.08235},
{1.50307,2.76827,2.08156},
{1.50233,2.76905,2.08078},
{1.5016,2.76983,2.07999},
{1.50086,2.77061,2.07921},
{1.50012,2.77139,2.07842},
{1.49939,2.77216,2.07764},
{1.49865,2.77294,2.07685},
{1.49791,2.77372,2.07607},
{1.49718,2.7745,2.07528},
{1.49644,2.77528,2.07449},
{1.49571,2.77606,2.07371},
{1.49497,2.77684,2.07292},
{1.49423,2.77762,2.07214},
{1.4935,2.7784,2.07135},
{1.49276,2.77918,2.07057},
{1.49202,2.77996,2.06978},
{1.49129,2.78074,2.069},
{1.49055,2.78152,2.06821},
{1.48981,2.7823,2.06743},
{1.48908,2.78308,2.06664},
{1.48834,2.78386,2.06586},
{1.48761,2.78464,2.06507},
{1.48687,2.78542,2.06428},
{1.48613,2.78619,2.0635},
{1.4854,2.78697,2.06271},
{1.48466,2.78775,2.06193},
{1.48392,2.78853,2.06114},
{1.48319,2.78931,2.06036},
{1.48245,2.79009,2.05957},
{1.48171,2.79087,2.05879},
{1.48098,2.79165,2.058},
{1.48024,2.79243,2.05722},
{1.4795,2.79321,2.05643},
{1.47877,2.79399,2.05565},
{1.47803,2.79477,2.05486},
{1.4773,2.79555,2.05407},
{1.47656,2.79633,2.05329},
{1.47582,2.79711,2.0525},
{1.47509,2.79789,2.05172},
{1.47435,2.79867,2.05093},
{1.47361,2.79945,2.05015},
{1.47288,2.80023,2.04936},
{1.47214,2.801,2.04858},
{1.4714,2.80178,2.04779},
{1.47067,2.80256,2.04701},
{1.46993,2.80334,2.04622},
{1.4692,2.80412,2.04544},
{1.46846,2.8049,2.04465},
{1.46772,2.80568,2.04386},
{1.46699,2.80646,2.04308},
{1.46625,2.80724,2.04229},
{1.46551,2.80802,2.04151},
{1.46478,2.8088,2.04072},
{1.46404,2.80958,2.03994},
{1.4633,2.81036,2.03915},
{1.46257,2.81114,2.03837},
{1.46183,2.81192,2.03758},
{1.46109,2.8127,2.0368},
{1.46036,2.81348,2.03601},
{1.45962,2.81426,2.03523},
{1.45889,2.81503,2.03444},
{1.45815,2.81581,2.03365},
{1.45741,2.81659,2.03287},
{1.45668,2.81737,2.03208},
{1.45594,2.81815,2.0313},
{1.4552,2.81893,2.03051},
{1.45447,2.81971,2.02973},
{1.45373,2.82049,2.02894},
{1.45299,2.82127,2.02816},
{1.45226,2.82205,2.02737},
{1.45152,2.82283,2.02659},
{1.45079,2.82361,2.0258},
{1.45005,2.82439,2.02502},
{1.44931,2.82517,2.02423},
{1.44858,2.82595,2.02344},
{1.44784,2.82673,2.02266},
{1.4471,2.82751,2.02187},
{1.44637,2.82829,2.02109},
{1.4458,2.82889,2.02048},
{1.44512,2.8297,2.0197},
{1.44444,2.83051,2.01891},
{1.44376,2.83132,2.01813},
{1.44308,2.83213,2.01734},
{1.44239,2.83294,2.01656},
{1.44171,2.83375,2.01577},
{1.44103,2.83456,2.01499},
{1.44035,2.83537,2.0142},
{1.43967,2.83618,2.01342},
{1.43898,2.83699,2.01263},
{1.4383,2.8378,2.01184},
{1.43762,2.83861,2.01106},
{1.43694,2.83942,2.01027},
{1.43626,2.84023,2.00949},
{1.43558,2.84104,2.0087},
{1.43489,2.84185,2.00792},
{1.43421,2.84266,2.00713},
{1.43353,2.84347,2.00635},
{1.43285,2.84427,2.00556},
{1.43217,2.84508,2.00478},
{1.43148,2.84589,2.00399},
{1.4308,2.8467,2.00321},
{1.43012,2.84751,2.00242},
{1.42944,2.84832,2.00163},
{1.42876,2.84913,2.00085},
{1.42808,2.84994,2.00006},
{1.42739,2.85075,1.99928},
{1.42671,2.85156,1.99849},
{1.42603,2.85237,1.99771},
{1.42535,2.85318,1.99692},
{1.42467,2.85399,1.99614},
{1.42398,2.8548,1.99535},
{1.4233,2.85561,1.99457},
{1.42262,2.85642,1.99378},
{1.42194,2.85723,1.993},
{1.42126,2.85804,1.99221},
{1.42057,2.85885,1.99142},
{1.41989,2.85966,1.99064},
{1.41921,2.86047,1.98985},
{1.41853,2.86128,1.98907},
{1.41785,2.86209,1.98828},
{1.41717,2.8629,1.9875},
{1.41648,2.86371,1.98671},
{1.4158,2.86452,1.98593},
{1.41512,2.86533,1.98514},
{1.41444,2.86614,1.98436},
{1.41376,2.86695,1.98357},
{1.41307,2.86776,1.98279},
{1.41239,2.86857,1.982},
{1.41171,2.86938,1.98121},
{1.41103,2.87019,1.98043},
{1.41035,2.871,1.97964},
{1.40967,2.87181,1.97886},
{1.40898,2.87262,1.97807},
{1.4083,2.87343,1.97729},
{1.40762,2.87424,1.9765},
{1.40694,2.87505,1.97572},
{1.40626,2.87586,1.97493},
{1.40557,2.87667,1.97415},
{1.40489,2.87748,1.97336},
{1.40421,2.87829,1.97258},
{1.40353,2.8791,1.97179},
{1.40285,2.87991,1.971},
{1.40216,2.88072,1.97022},
{1.40148,2.88153,1.96943},
{1.4008,2.88234,1.96865},
{1.40012,2.88315,1.96786},
{1.39944,2.88396,1.96708},
{1.39876,2.88477,1.96629},
{1.39807,2.88558,1.96551},
{1.39739,2.88639,1.96472},
{1.39671,2.8872,1.96394},
{1.39603,2.88801,1.96315},
{1.39535,2.88882,1.96236},
{1.39466,2.88963,1.96158},
{1.39398,2.89044,1.96079},
{1.3933,2.89125,1.96001},
{1.39262,2.89206,1.95922},
{1.39194,2.89287,1.95844},
{1.39126,2.89368,1.95765},
{1.39057,2.89449,1.95687},
{1.38989,2.8953,1.95608},
{1.38921,2.89611,1.9553},
{1.38853,2.89692,1.95451},
{1.38785,2.89773,1.95373},
{1.38716,2.89854,1.95294},
{1.38648,2.89935,1.95215},
{1.3858,2.90016,1.95137},
{1.38512,2.90097,1.95058},
{1.38444,2.90178,1.9498},
{1.38375,2.90259,1.94901},
{1.38307,2.9034,1.94823},
{1.38239,2.90421,1.94744},
{1.38171,2.90502,1.94666},
{1.38103,2.90583,1.94587},
{1.38035,2.90664,1.94509},
{1.37966,2.90745,1.9443},
{1.37898,2.90826,1.94352},
{1.3783,2.90907,1.94273},
{1.37762,2.90988,1.94194},
{1.37694,2.91069,1.94116},
{1.37625,2.9115,1.94037},
{1.37557,2.91231,1.93959},
{1.37489,2.91312,1.9388},
{1.37421,2.91393,1.93802},
{1.37353,2.91474,1.93723},
{1.37285,2.91555,1.93645},
{1.37216,2.91635,1.93566},
{1.37148,2.91716,1.93488},
{1.3708,2.91797,1.93409},
{1.37012,2.91878,1.93331},
{1.36944,2.91959,1.93252},
{1.36875,2.9204,1.93173},
{1.36807,2.92121,1.93095},
{1.36792,2.92148,1.93071},
{1.3673,2.92231,1.92992},
{1.36667,2.92314,1.92913},
{1.36605,2.92397,1.92835},
{1.36543,2.9248,1.92756},
{1.36481,2.92563,1.92678},
{1.36419,2.92646,1.92599},
{1.36357,2.92729,1.92521},
{1.36295,2.92812,1.92442},
{1.36233,2.92895,1.92364},
{1.36171,2.92978,1.92285},
{1.36108,2.93061,1.92207},
{1.36046,2.93144,1.92128},
{1.35984,2.93227,1.9205},
{1.35922,2.93309,1.91971},
{1.3586,2.93392,1.91893},
{1.35798,2.93475,1.91814},
{1.35736,2.93558,1.91736},
{1.35674,2.93641,1.91657},
{1.35611,2.93724,1.91578},
{1.35549,2.93807,1.915},
{1.35487,2.9389,1.91421},
{1.35425,2.93973,1.91343},
{1.35363,2.94056,1.91264},
{1.35301,2.94139,1.91186},
{1.35239,2.94222,1.91107},
{1.35177,2.94305,1.91029},
{1.35114,2.94388,1.9095},
{1.35052,2.94471,1.90872},
{1.3499,2.94554,1.90793},
{1.34928,2.94636,1.90715},
{1.34866,2.94719,1.90636},
{1.34804,2.94802,1.90558},
{1.34742,2.94885,1.90479},
{1.3468,2.94968,1.904},
{1.34617,2.95051,1.90322},
{1.34555,2.95134,1.90243},
{1.34493,2.95217,1.90165},
{1.34431,2.953,1.90086},
{1.34369,2.95383,1.90008},
{1.34307,2.95466,1.89929},
{1.34245,2.95549,1.89851},
{1.34183,2.95632,1.89772},
{1.3412,2.95715,1.89694},
{1.34058,2.95798,1.89615},
{1.33996,2.9588,1.89537},
{1.33934,2.95963,1.89458},
{1.33872,2.96046,1.8938},
{1.3381,2.96129,1.89301},
{1.33748,2.96212,1.89222},
{1.33686,2.96295,1.89144},
{1.33623,2.96378,1.89065},
{1.33561,2.96461,1.88987},
{1.33499,2.96544,1.88908},
{1.33437,2.96627,1.8883},
{1.33375,2.9671,1.88751},
{1.33313,2.96793,1.88673},
{1.33251,2.96876,1.88594},
{1.33189,2.96959,1.88516},
{1.33126,2.97042,1.88437},
{1.33064,2.97125,1.88359},
{1.33002,2.97207,1.8828},
{1.3294,2.9729,1.88202},
{1.32878,2.97373,1.88123},
{1.32816,2.97456,1.88045},
{1.32754,2.97539,1.87966},
{1.32692,2.97622,1.87887},
{1.32629,2.97705,1.87809},
{1.32567,2.97788,1.8773},
{1.32505,2.97871,1.87652},
{1.32443,2.97954,1.87573},
{1.32381,2.98037,1.87495},
{1.32319,2.9812,1.87416},
{1.32257,2.98203,1.87338},
{1.32195,2.98286,1.87259},
{1.32133,2.98369,1.87181},
{1.3207,2.98452,1.87102},
{1.32008,2.98534,1.87024},
{1.31946,2.98617,1.86945},
{1.31884,2.987,1.86867},
{1.31822,2.98783,1.86788},
{1.3176,2.98866,1.86709},
{1.31698,2.98949,1.86631},
{1.31636,2.99032,1.86552},
{1.31573,2.99115,1.86474},
{1.31511,2.99198,1.86395},
{1.31449,2.99281,1.86317},
{1.31387,2.99364,1.86238},
{1.31325,2.99447,1.8616},
{1.31263,2.9953,1.86081},
{1.31201,2.99613,1.86003},
{1.31139,2.99696,1.85924},
{1.31076,2.99778,1.85846},
{1.31014,2.99861,1.85767},
{1.30952,2.99944,1.85689},
{1.3089,3.00027,1.8561},
{1.30828,3.0011,1.85531},
{1.30766,3.00193,1.85453},
{1.30704,3.00276,1.85374},
{1.30642,3.00359,1.85296},
{1.30579,3.00442,1.85217},
{1.30517,3.00525,1.85139},
{1.30455,3.00608,1.8506},
{1.30393,3.00691,1.84982},
{1.30331,3.00774,1.84903},
{1.30269,3.00857,1.84825},
{1.30207,3.0094,1.84746},
{1.30145,3.01023,1.84668},
{1.30082,3.01105,1.84589},
{1.3002,3.01188,1.84511},
{1.29958,3.01271,1.84432},
{1.29896,3.01354,1.84354},
{1.29834,3.01437,1.84275},
{1.29846,3.01425,1.84286},
{1.29791,3.01509,1.84208},
{1.29735,3.01593,1.84129},
{1.29679,3.01677,1.84051},
{1.29624,3.0176,1.83972},
{1.29568,3.01844,1.83894},
{1.29512,3.01928,1.83815},
{1.29457,3.02011,1.83737},
{1.29401,3.02095,1.83658},
{1.29345,3.02179,1.8358},
{1.2929,3.02263,1.83501},
{1.29234,3.02346,1.83422},
{1.29178,3.0243,1.83344},
{1.29123,3.02514,1.83265},
{1.29067,3.02598,1.83187},
{1.29011,3.02681,1.83108},
{1.28956,3.02765,1.8303},
{1.289,3.02849,1.82951},
{1.28844,3.02932,1.82873},
{1.28789,3.03016,1.82794},
{1.28733,3.031,1.82715},
{1.28677,3.03184,1.82637},
{1.28622,3.03267,1.82558},
{1.28566,3.03351,1.8248},
{1.2851,3.03435,1.82401},
{1.28455,3.03518,1.82323},
{1.28399,3.03602,1.82244},
{1.28343,3.03686,1.82166},
{1.28288,3.0377,1.82087},
{1.28232,3.03853,1.82009},
{1.28176,3.03937,1.8193},
{1.28121,3.04021,1.81851},
{1.28065,3.04104,1.81773},
{1.28009,3.04188,1.81694},
{1.27954,3.04272,1.81616},
{1.27898,3.04356,1.81537},
{1.27842,3.04439,1.81459},
{1.27787,3.04523,1.8138},
{1.27731,3.04607,1.81302},
{1.27675,3.0469,1.81223},
{1.2762,3.04774,1.81145},
{1.27564,3.04858,1.81066},
{1.27508,3.04942,1.80987},
{1.27453,3.05025,1.80909},
{1.27397,3.05109,1.8083},
{1.27341,3.05193,1.80752},
{1.27286,3.05276,1.80673},
{1.2723,3.0536,1.80595},
{1.27174,3.05444,1.80516},
{1.27119,3.05528,1.80438},
{1.27063,3.05611,1.80359},
{1.27007,3.05695,1.8028},
{1.26952,3.05779,1.80202},
{1.26896,3.05863,1.80123},
{1.2684,3.05946,1.80045},
{1.26785,3.0603,1.79966},
{1.26729,3.06114,1.79888},
{1.26673,3.06197,1.79809},
{1.26618,3.06281,1.79731},
{1.26562,3.06365,1.79652},
{1.26506,3.06449,1.79574},
{1.26451,3.06532,1.79495},
{1.26395,3.06616,1.79416},
{1.26339,3.067,1.79338},
{1.26284,3.06783,1.79259},
{1.26228,3.06867,1.79181},
{1.26172,3.06951,1.79102},
{1.26117,3.07035,1.79024},
{1.26061,3.07118,1.78945},
{1.26005,3.07202,1.78867},
{1.2595,3.07286,1.78788},
{1.25894,3.07369,1.78709},
{1.25838,3.07453,1.78631},
{1.25783,3.07537,1.78552},
{1.25727,3.07621,1.78474},
{1.25671,3.07704,1.78395},
{1.25616,3.07788,1.78317},
{1.2556,3.07872,1.78238},
{1.25504,3.07955,1.7816},
{1.25449,3.08039,1.78081},
{1.25393,3.08123,1.78003},
{1.25337,3.08207,1.77924},
{1.25282,3.0829,1.77845},
{1.25226,3.08374,1.77767},
{1.2517,3.08458,1.77688},
{1.25115,3.08542,1.7761},
{1.25059,3.08625,1.77531},
{1.25003,3.08709,1.77453},
{1.24948,3.08793,1.77374},
{1.24892,3.08876,1.77296},
{1.24836,3.0896,1.77217},
{1.24781,3.09044,1.77138},
{1.24725,3.09128,1.7706},
{1.24669,3.09211,1.76981},
{1.24614,3.09295,1.76903},
{1.24558,3.09379,1.76824},
{1.24502,3.09462,1.76746},
{1.24447,3.09546,1.76667},
{1.24391,3.0963,1.76589},
{1.24335,3.09714,1.7651},
{1.2428,3.09797,1.76432},
{1.24224,3.09881,1.76353},
{1.24168,3.09965,1.76274},
{1.24113,3.10048,1.76196},
{1.24057,3.10132,1.76117},
{1.24001,3.10216,1.76039},
{1.23946,3.103,1.7596},
{1.2389,3.10383,1.75882},
{1.23834,3.10467,1.75803},
{1.23779,3.10551,1.75725},
{1.23723,3.10634,1.75646},
{1.23667,3.10718,1.75567},
{1.23702,3.10668,1.75615},
{1.23653,3.10751,1.75536},
{1.23604,3.10835,1.75457},
{1.23555,3.10918,1.75379},
{1.23506,3.11001,1.753},
{1.23457,3.11085,1.75222},
{1.23408,3.11168,1.75143},
{1.23359,3.11251,1.75065},
{1.2331,3.11335,1.74986},
{1.23261,3.11418,1.74908},
{1.23212,3.11501,1.74829},
{1.23163,3.11585,1.74751},
{1.23114,3.11668,1.74672},
{1.23065,3.11751,1.74594},
{1.23016,3.11835,1.74515},
{1.22967,3.11918,1.74437},
{1.22918,3.12001,1.74358},
{1.22869,3.12085,1.7428},
{1.2282,3.12168,1.74201},
{1.22771,3.12251,1.74123},
{1.22722,3.12335,1.74044},
{1.22673,3.12418,1.73965},
{1.22624,3.12501,1.73887},
{1.22575,3.12585,1.73808},
{1.22526,3.12668,1.7373},
{1.22477,3.12751,1.73651},
{1.22428,3.12835,1.73573},
{1.22379,3.12918,1.73494},
{1.2233,3.13001,1.73416},
{1.22281,3.13085,1.73337},
{1.22232,3.13168,1.73259},
{1.22183,3.13251,1.7318},
{1.22134,3.13335,1.73102},
{1.22085,3.13418,1.73023},
{1.22036,3.13501,1.72945},
{1.21987,3.13585,1.72866},
{1.21938,3.13668,1.72788},
{1.21889,3.13751,1.72709},
{1.2184,3.13835,1.7263},
{1.21791,3.13918,1.72552},
{1.21742,3.14001,1.72473},
{1.21693,3.14085,1.72395},
{1.21644,3.14168,1.72316},
{1.21595,3.14251,1.72238},
{1.21546,3.14335,1.72159},
{1.21497,3.14418,1.72081},
{1.21448,3.14501,1.72002},
{1.21399,3.14585,1.71924},
{1.2135,3.14668,1.71845},
{1.21301,3.14751,1.71767},
{1.21252,3.14835,1.71688},
{1.21203,3.14918,1.7161},
{1.21154,3.15001,1.71531},
{1.21105,3.15085,1.71453},
{1.21056,3.15168,1.71374},
{1.21007,3.15251,1.71296},
{1.20958,3.15334,1.71217},
{1.20909,3.15418,1.71138},
{1.2086,3.15501,1.7106},
{1.20811,3.15584,1.70981},
{1.20762,3.15668,1.70903},
{1.20713,3.15751,1.70824},
{1.20664,3.15834,1.70746},
{1.20615,3.15918,1.70667},
{1.20566,3.16001,1.70589},
{1.20517,3.16084,1.7051},
{1.20468,3.16168,1.70432},
{1.20419,3.16251,1.70353},
{1.2037,3.16334,1.70275},
{1.20321,3.16418,1.70196},
{1.20272,3.16501,1.70118},
{1.20223,3.16584,1.70039},
{1.20174,3.16668,1.69961},
{1.20125,3.16751,1.69882},
{1.20076,3.16834,1.69803},
{1.20027,3.16918,1.69725},
{1.19978,3.17001,1.69646},
{1.19929,3.17084,1.69568},
{1.1988,3.17168,1.69489},
{1.19831,3.17251,1.69411},
{1.19782,3.17334,1.69332},
{1.19733,3.17418,1.69254},
{1.19684,3.17501,1.69175},
{1.19635,3.17584,1.69097},
{1.19586,3.17668,1.69018},
{1.19537,3.17751,1.6894},
{1.19488,3.17834,1.68861},
{1.19439,3.17918,1.68783},
{1.1939,3.18001,1.68704},
{1.19341,3.18084,1.68626},
{1.19292,3.18168,1.68547},
{1.19243,3.18251,1.68469},
{1.19194,3.18334,1.6839},
{1.19145,3.18418,1.68311},
{1.19096,3.18501,1.68233},
{1.19047,3.18584,1.68154},
{1.18998,3.18668,1.68076},
{1.1895,3.18751,1.67997},
{1.18901,3.18834,1.67919},
{1.18852,3.18918,1.6784},
{1.18803,3.19001,1.67762},
{1.18754,3.19084,1.67683},
{1.18705,3.19168,1.67605},
{1.18656,3.19251,1.67526},
{1.18607,3.19334,1.67448},
{1.18558,3.19418,1.67369},
{1.18509,3.19501,1.67291},
{1.1846,3.19584,1.67212},
{1.18411,3.19668,1.67134},
{1.18362,3.19751,1.67055},
{1.18313,3.19834,1.66976},
{1.18367,3.19747,1.67058},
{1.18325,3.19828,1.6698},
{1.18283,3.1991,1.66901},
{1.1824,3.19992,1.66823},
{1.18198,3.20074,1.66744},
{1.18156,3.20155,1.66666},
{1.18113,3.20237,1.66587},
{1.18071,3.20319,1.66509},
{1.18029,3.20401,1.6643},
{1.17986,3.20483,1.66352},
{1.17944,3.20564,1.66273},
{1.17902,3.20646,1.66194},
{1.1786,3.20728,1.66116},
{1.17817,3.2081,1.66037},
{1.17775,3.20891,1.65959},
{1.17733,3.20973,1.6588},
{1.1769,3.21055,1.65802},
{1.17648,3.21137,1.65723},
{1.17606,3.21219,1.65645},
{1.17563,3.213,1.65566},
{1.17521,3.21382,1.65487},
{1.17479,3.21464,1.65409},
{1.17436,3.21546,1.6533},
{1.17394,3.21628,1.65252},
{1.17352,3.21709,1.65173},
{1.17309,3.21791,1.65095},
{1.17267,3.21873,1.65016},
{1.17225,3.21955,1.64938},
{1.17183,3.22036,1.64859},
{1.1714,3.22118,1.6478},
{1.17098,3.222,1.64702},
{1.17056,3.22282,1.64623},
{1.17013,3.22364,1.64545},
{1.16971,3.22445,1.64466},
{1.16929,3.22527,1.64388},
{1.16886,3.22609,1.64309},
{1.16844,3.22691,1.64231},
{1.16802,3.22773,1.64152},
{1.16759,3.22854,1.64073},
{1.16717,3.22936,1.63995},
{1.16675,3.23018,1.63916},
{1.16632,3.231,1.63838},
{1.1659,3.23181,1.63759},
{1.16548,3.23263,1.63681},
{1.16506,3.23345,1.63602},
{1.16463,3.23427,1.63524},
{1.16421,3.23509,1.63445},
{1.16379,3.2359,1.63366},
{1.16336,3.23672,1.63288},
{1.16294,3.23754,1.63209},
{1.16252,3.23836,1.63131},
{1.16209,3.23918,1.63052},
{1.16167,3.23999,1.62974},
{1.16125,3.24081,1.62895},
{1.16082,3.24163,1.62817},
{1.1604,3.24245,1.62738},
{1.15998,3.24326,1.62659},
{1.15955,3.24408,1.62581},
{1.15913,3.2449,1.62502},
{1.15871,3.24572,1.62424},
{1.15829,3.24654,1.62345},
{1.15786,3.24735,1.62267},
{1.15744,3.24817,1.62188},
{1.15702,3.24899,1.6211},
{1.15659,3.24981,1.62031},
{1.15617,3.25062,1.61953},
{1.15575,3.25144,1.61874},
{1.15532,3.25226,1.61795},
{1.1549,3.25308,1.61717},
{1.15448,3.2539,1.61638},
{1.15405,3.25471,1.6156},
{1.15363,3.25553,1.61481},
{1.15321,3.25635,1.61403},
{1.15278,3.25717,1.61324},
{1.15236,3.25799,1.61246},
{1.15194,3.2588,1.61167},
{1.15152,3.25962,1.61088},
{1.15109,3.26044,1.6101},
{1.15067,3.26126,1.60931},
{1.15025,3.26207,1.60853},
{1.14982,3.26289,1.60774},
{1.1494,3.26371,1.60696},
{1.14898,3.26453,1.60617},
{1.14855,3.26535,1.60539},
{1.14813,3.26616,1.6046},
{1.14771,3.26698,1.60381},
{1.14728,3.2678,1.60303},
{1.14686,3.26862,1.60224},
{1.14644,3.26944,1.60146},
{1.14601,3.27025,1.60067},
{1.14559,3.27107,1.59989},
{1.14517,3.27189,1.5991},
{1.14475,3.27271,1.59832},
{1.14432,3.27352,1.59753},
{1.1439,3.27434,1.59674},
{1.14348,3.27516,1.59596},
{1.14305,3.27598,1.59517},
{1.14263,3.2768,1.59439},
{1.14221,3.27761,1.5936},
{1.14178,3.27843,1.59282},
{1.14136,3.27925,1.59203},
{1.14094,3.28007,1.59125},
{1.14051,3.28089,1.59046},
{1.14009,3.2817,1.58967},
{1.13967,3.28252,1.58889},
{1.13924,3.28334,1.5881},
{1.13882,3.28416,1.58732},
{1.1384,3.28497,1.58653},
{1.13798,3.28579,1.58575},
{1.13866,3.28456,1.58691},
{1.1383,3.28535,1.58613},
{1.13794,3.28614,1.58534},
{1.13759,3.28693,1.58456},
{1.13723,3.28772,1.58377},
{1.13687,3.28851,1.58299},
{1.13651,3.28931,1.5822},
{1.13616,3.2901,1.58141},
{1.1358,3.29089,1.58063},
{1.13544,3.29168,1.57984},
{1.13508,3.29247,1.57906},
{1.13472,3.29326,1.57827},
{1.13437,3.29406,1.57749},
{1.13401,3.29485,1.5767},
{1.13365,3.29564,1.57592},
{1.13329,3.29643,1.57513},
{1.13293,3.29722,1.57435},
{1.13258,3.29801,1.57356},
{1.13222,3.2988,1.57278},
{1.13186,3.2996,1.57199},
{1.1315,3.30039,1.57121},
{1.13114,3.30118,1.57042},
{1.13079,3.30197,1.56964},
{1.13043,3.30276,1.56885},
{1.13007,3.30355,1.56807},
{1.12971,3.30434,1.56728},
{1.12936,3.30514,1.5665},
{1.129,3.30593,1.56571},
{1.12864,3.30672,1.56492},
{1.12828,3.30751,1.56414},
{1.12792,3.3083,1.56335},
{1.12757,3.30909,1.56257},
{1.12721,3.30989,1.56178},
{1.12685,3.31068,1.561},
{1.12649,3.31147,1.56021},
{1.12613,3.31226,1.55943},
{1.12578,3.31305,1.55864},
{1.12542,3.31384,1.55786},
{1.12506,3.31463,1.55707},
{1.1247,3.31543,1.55629},
{1.12434,3.31622,1.5555},
{1.12399,3.31701,1.55472},
{1.12363,3.3178,1.55393},
{1.12327,3.31859,1.55315},
{1.12291,3.31938,1.55236},
{1.12255,3.32018,1.55158},
{1.1222,3.32097,1.55079},
{1.12184,3.32176,1.55},
{1.12148,3.32255,1.54922},
{1.12112,3.32334,1.54843},
{1.12077,3.32413,1.54765},
{1.12041,3.32492,1.54686},
{1.12005,3.32572,1.54608},
{1.11969,3.32651,1.54529},
{1.11933,3.3273,1.54451},
{1.11898,3.32809,1.54372},
{1.11862,3.32888,1.54294},
{1.11826,3.32967,1.54215},
{1.1179,3.33047,1.54137},
{1.11754,3.33126,1.54058},
{1.11719,3.33205,1.5398},
{1.11683,3.33284,1.53901},
{1.11647,3.33363,1.53823},
{1.11611,3.33442,1.53744},
{1.11575,3.33521,1.53666},
{1.1154,3.33601,1.53587},
{1.11504,3.3368,1.53509},
{1.11468,3.33759,1.5343},
{1.11432,3.33838,1.53351},
{1.11397,3.33917,1.53273},
{1.11361,3.33996,1.53194},
{1.11325,3.34076,1.53116},
{1.11289,3.34155,1.53037},
{1.11253,3.34234,1.52959},
{1.11218,3.34313,1.5288},
{1.11182,3.34392,1.52802},
{1.11146,3.34471,1.52723},
{1.1111,3.3455,1.52645},
{1.11074,3.3463,1.52566},
{1.11039,3.34709,1.52488},
{1.11003,3.34788,1.52409},
{1.10967,3.34867,1.52331},
{1.10931,3.34946,1.52252},
{1.10895,3.35025,1.52174},
{1.1086,3.35104,1.52095},
{1.10824,3.35184,1.52017},
{1.10788,3.35263,1.51938},
{1.10752,3.35342,1.5186},
{1.10717,3.35421,1.51781},
{1.10681,3.355,1.51702},
{1.10645,3.35579,1.51624},
{1.10609,3.35659,1.51545},
{1.10573,3.35738,1.51467},
{1.10538,3.35817,1.51388},
{1.10502,3.35896,1.5131},
{1.10466,3.35975,1.51231},
{1.1043,3.36054,1.51153},
{1.10394,3.36133,1.51074},
{1.10359,3.36213,1.50996},
{1.10323,3.36292,1.50917},
{1.10287,3.36371,1.50839},
{1.10251,3.3645,1.5076},
{1.10215,3.36529,1.50682},
{1.1018,3.36608,1.50603},
{1.10144,3.36688,1.50525},
{1.10108,3.36767,1.50446},
{1.10181,3.36613,1.50596},
{1.10151,3.36688,1.50517},
{1.10122,3.36764,1.50439},
{1.10092,3.36839,1.5036},
{1.10063,3.36915,1.50282},
{1.10033,3.36991,1.50203},
{1.10003,3.37066,1.50125},
{1.09974,3.37142,1.50046},
{1.09944,3.37217,1.49968},
{1.09915,3.37293,1.49889},
{1.09885,3.37368,1.4981},
{1.09855,3.37444,1.49732},
{1.09826,3.37519,1.49653},
{1.09796,3.37595,1.49575},
{1.09767,3.3767,1.49496},
{1.09737,3.37746,1.49418},
{1.09707,3.37821,1.49339},
{1.09678,3.37897,1.49261},
{1.09648,3.37972,1.49182},
{1.09619,3.38048,1.49103},
{1.09589,3.38123,1.49025},
{1.09559,3.38199,1.48946},
{1.0953,3.38274,1.48868},
{1.095,3.3835,1.48789},
{1.09471,3.38425,1.48711},
{1.09441,3.38501,1.48632},
{1.09411,3.38576,1.48554},
{1.09382,3.38652,1.48475},
{1.09352,3.38727,1.48396},
{1.09323,3.38803,1.48318},
{1.09293,3.38879,1.48239},
{1.09263,3.38954,1.48161},
{1.09234,3.3903,1.48082},
{1.09204,3.39105,1.48004},
{1.09175,3.39181,1.47925},
{1.09145,3.39256,1.47846},
{1.09115,3.39332,1.47768},
{1.09086,3.39407,1.47689},
{1.09056,3.39483,1.47611},
{1.09026,3.39558,1.47532},
{1.08997,3.39634,1.47454},
{1.08967,3.39709,1.47375},
{1.08938,3.39785,1.47297},
{1.08908,3.3986,1.47218},
{1.08878,3.39936,1.47139},
{1.08849,3.40011,1.47061},
{1.08819,3.40087,1.46982},
{1.0879,3.40162,1.46904},
{1.0876,3.40238,1.46825},
{1.0873,3.40313,1.46747},
{1.08701,3.40389,1.46668},
{1.08671,3.40464,1.4659},
{1.08642,3.4054,1.46511},
{1.08612,3.40616,1.46432},
{1.08582,3.40691,1.46354},
{1.08553,3.40767,1.46275},
{1.08523,3.40842,1.46197},
{1.08494,3.40918,1.46118},
{1.08464,3.40993,1.4604},
{1.08434,3.41069,1.45961},
{1.08405,3.41144,1.45883},
{1.08375,3.4122,1.45804},
{1.08346,3.41295,1.45725},
{1.08316,3.41371,1.45647},
{1.08286,3.41446,1.45568},
{1.08257,3.41522,1.4549},
{1.08227,3.41597,1.45411},
{1.08198,3.41673,1.45333},
{1.08168,3.41748,1.45254},
{1.08138,3.41824,1.45176},
{1.08109,3.41899,1.45097},
{1.08079,3.41975,1.45018},
{1.0805,3.4205,1.4494},
{1.0802,3.42126,1.44861},
{1.0799,3.42201,1.44783},
{1.07961,3.42277,1.44704},
{1.07931,3.42352,1.44626},
{1.07902,3.42428,1.44547},
{1.07872,3.42504,1.44469},
{1.07842,3.42579,1.4439},
{1.07813,3.42655,1.44311},
{1.07783,3.4273,1.44233},
{1.07754,3.42806,1.44154},
{1.07724,3.42881,1.44076},
{1.07694,3.42957,1.43997},
{1.07665,3.43032,1.43919},
{1.07635,3.43108,1.4384},
{1.07606,3.43183,1.43762},
{1.07576,3.43259,1.43683},
{1.07546,3.43334,1.43604},
{1.07517,3.4341,1.43526},
{1.07487,3.43485,1.43447},
{1.07458,3.43561,1.43369},
{1.07428,3.43636,1.4329},
{1.07398,3.43712,1.43212},
{1.07369,3.43787,1.43133},
{1.07339,3.43863,1.43055},
{1.0731,3.43938,1.42976},
{1.0728,3.44014,1.42897},
{1.0725,3.44089,1.42819},
{1.07221,3.44165,1.4274},
{1.07191,3.44241,1.42662},
{1.07162,3.44316,1.42583},
{1.07233,3.44138,1.42766},
{1.07209,3.44209,1.42687},
{1.07185,3.4428,1.42609},
{1.07162,3.44351,1.4253},
{1.07138,3.44422,1.42452},
{1.07114,3.44493,1.42373},
{1.0709,3.44564,1.42295},
{1.07066,3.44635,1.42216},
{1.07042,3.44706,1.42138},
{1.07018,3.44778,1.42059},
{1.06995,3.44849,1.41981},
{1.06971,3.4492,1.41902},
{1.06947,3.44991,1.41824},
{1.06923,3.45062,1.41745},
{1.06899,3.45133,1.41667},
{1.06875,3.45204,1.41588},
{1.06851,3.45275,1.4151},
{1.06828,3.45346,1.41431},
{1.06804,3.45417,1.41352},
{1.0678,3.45488,1.41274},
{1.06756,3.45559,1.41195},
{1.06732,3.4563,1.41117},
{1.06708,3.45701,1.41038},
{1.06684,3.45772,1.4096},
{1.0666,3.45843,1.40881},
{1.06637,3.45914,1.40803},
{1.06613,3.45985,1.40724},
{1.06589,3.46056,1.40646},
{1.06565,3.46127,1.40567},
{1.06541,3.46198,1.40489},
{1.06517,3.46269,1.4041},
{1.06493,3.4634,1.40332},
{1.0647,3.46411,1.40253},
{1.06446,3.46482,1.40175},
{1.06422,3.46553,1.40096},
{1.06398,3.46624,1.40018},
{1.06374,3.46695,1.39939},
{1.0635,3.46766,1.39861},
{1.06326,3.46837,1.39782},
{1.06303,3.46908,1.39704},
{1.06279,3.46979,1.39625},
{1.06255,3.4705,1.39547},
{1.06231,3.47121,1.39468},
{1.06207,3.47192,1.39389},
{1.06183,3.47263,1.39311},
{1.06159,3.47334,1.39232},
{1.06135,3.47405,1.39154},
{1.06112,3.47476,1.39075},
{1.06088,3.47547,1.38997},
{1.06064,3.47619,1.38918},
{1.0604,3.4769,1.3884},
{1.06016,3.47761,1.38761},
{1.05992,3.47832,1.38683},
{1.05968,3.47903,1.38604},
{1.05945,3.47974,1.38526},
{1.05921,3.48045,1.38447},
{1.05897,3.48116,1.38369},
{1.05873,3.48187,1.3829},
{1.05849,3.48258,1.38212},
{1.05825,3.48329,1.38133},
{1.05801,3.484,1.38055},
{1.05777,3.48471,1.37976},
{1.05754,3.48542,1.37898},
{1.0573,3.48613,1.37819},
{1.05706,3.48684,1.37741},
{1.05682,3.48755,1.37662},
{1.05658,3.48826,1.37584},
{1.05634,3.48897,1.37505},
{1.0561,3.48968,1.37426},
{1.05587,3.49039,1.37348},
{1.05563,3.4911,1.37269},
{1.05539,3.49181,1.37191},
{1.05515,3.49252,1.37112},
{1.05491,3.49323,1.37034},
{1.05467,3.49394,1.36955},
{1.05443,3.49465,1.36877},
{1.0542,3.49536,1.36798},
{1.05396,3.49607,1.3672},
{1.05372,3.49678,1.36641},
{1.05348,3.49749,1.36563},
{1.05324,3.4982,1.36484},
{1.053,3.49891,1.36406},
{1.05276,3.49962,1.36327},
{1.05252,3.50033,1.36249},
{1.05229,3.50104,1.3617},
{1.05205,3.50175,1.36092},
{1.05181,3.50246,1.36013},
{1.05157,3.50317,1.35935},
{1.05133,3.50388,1.35856},
{1.05109,3.5046,1.35778},
{1.05085,3.50531,1.35699},
{1.05062,3.50602,1.35621},
{1.05038,3.50673,1.35542},
{1.05014,3.50744,1.35463},
{1.0499,3.50815,1.35385},
{1.04966,3.50886,1.35306},
{1.04942,3.50957,1.35228},
{1.04918,3.51028,1.35149},
{1.04894,3.51099,1.35071},
{1.04871,3.5117,1.34992},
{1.04939,3.50973,1.35206},
{1.0492,3.51039,1.35128},
{1.04901,3.51105,1.35049},
{1.04883,3.51171,1.34971},
{1.04864,3.51236,1.34892},
{1.04845,3.51302,1.34814},
{1.04826,3.51368,1.34735},
{1.04808,3.51434,1.34657},
{1.04789,3.515,1.34578},
{1.0477,3.51565,1.34499},
{1.04752,3.51631,1.34421},
{1.04733,3.51697,1.34342},
{1.04714,3.51763,1.34264},
{1.04696,3.51829,1.34185},
{1.04677,3.51894,1.34107},
{1.04658,3.5196,1.34028},
{1.04639,3.52026,1.33949},
{1.04621,3.52092,1.33871},
{1.04602,3.52158,1.33792},
{1.04583,3.52223,1.33714},
{1.04565,3.52289,1.33635},
{1.04546,3.52355,1.33557},
{1.04527,3.52421,1.33478},
{1.04509,3.52487,1.334},
{1.0449,3.52552,1.33321},
{1.04471,3.52618,1.33242},
{1.04453,3.52684,1.33164},
{1.04434,3.5275,1.33085},
{1.04415,3.52816,1.33007},
{1.04396,3.52881,1.32928},
{1.04378,3.52947,1.3285},
{1.04359,3.53013,1.32771},
{1.0434,3.53079,1.32692},
{1.04322,3.53145,1.32614},
{1.04303,3.5321,1.32535},
{1.04284,3.53276,1.32457},
{1.04266,3.53342,1.32378},
{1.04247,3.53408,1.323},
{1.04228,3.53474,1.32221},
{1.04209,3.53539,1.32143},
{1.04191,3.53605,1.32064},
{1.04172,3.53671,1.31985},
{1.04153,3.53737,1.31907},
{1.04135,3.53803,1.31828},
{1.04116,3.53868,1.3175},
{1.04097,3.53934,1.31671},
{1.04079,3.54,1.31593},
{1.0406,3.54066,1.31514},
{1.04041,3.54132,1.31435},
{1.04023,3.54198,1.31357},
{1.04004,3.54263,1.31278},
{1.03985,3.54329,1.312},
{1.03966,3.54395,1.31121},
{1.03948,3.54461,1.31043},
{1.03929,3.54527,1.30964},
{1.0391,3.54592,1.30886},
{1.03892,3.54658,1.30807},
{1.03873,3.54724,1.30728},
{1.03854,3.5479,1.3065},
{1.03836,3.54856,1.30571},
{1.03817,3.54921,1.30493},
{1.03798,3.54987,1.30414},
{1.03779,3.55053,1.30336},
{1.03761,3.55119,1.30257},
{1.03742,3.55185,1.30178},
{1.03723,3.5525,1.301},
{1.03705,3.55316,1.30021},
{1.03686,3.55382,1.29943},
{1.03667,3.55448,1.29864},
{1.03649,3.55514,1.29786},
{1.0363,3.55579,1.29707},
{1.03611,3.55645,1.29629},
{1.03593,3.55711,1.2955},
{1.03574,3.55777,1.29471},
{1.03555,3.55843,1.29393},
{1.03536,3.55908,1.29314},
{1.03518,3.55974,1.29236},
{1.03499,3.5604,1.29157},
{1.0348,3.56106,1.29079},
{1.03462,3.56172,1.29},
{1.03443,3.56237,1.28921},
{1.03424,3.56303,1.28843},
{1.03406,3.56369,1.28764},
{1.03387,3.56435,1.28686},
{1.03368,3.56501,1.28607},
{1.03349,3.56566,1.28529},
{1.03331,3.56632,1.2845},
{1.03312,3.56698,1.28372},
{1.03293,3.56764,1.28293},
{1.03275,3.5683,1.28214},
{1.03256,3.56895,1.28136},
{1.03237,3.56961,1.28057},
{1.03219,3.57027,1.27979},
{1.032,3.57093,1.279},
{1.03181,3.57159,1.27822},
{1.03163,3.57224,1.27743},
{1.03222,3.57017,1.27988},
{1.03208,3.57077,1.27909},
{1.03194,3.57137,1.27831},
{1.0318,3.57198,1.27752},
{1.03166,3.57258,1.27674},
{1.03152,3.57318,1.27595},
{1.03137,3.57378,1.27517},
{1.03123,3.57438,1.27438},
{1.03109,3.57498,1.2736},
{1.03095,3.57558,1.27281},
{1.03081,3.57618,1.27203},
{1.03067,3.57678,1.27124},
{1.03053,3.57738,1.27046},
{1.03038,3.57798,1.26967},
{1.03024,3.57858,1.26889},
{1.0301,3.57918,1.2681},
{1.02996,3.57978,1.26732},
{1.02982,3.58038,1.26653},
{1.02968,3.58098,1.26575},
{1.02953,3.58158,1.26496},
{1.02939,3.58218,1.26417},
{1.02925,3.58278,1.26339},
{1.02911,3.58338,1.2626},
{1.02897,3.58398,1.26182},
{1.02883,3.58458,1.26103},
{1.02868,3.58518,1.26025},
{1.02854,3.58578,1.25946},
{1.0284,3.58638,1.25868},
{1.02826,3.58698,1.25789},
{1.02812,3.58758,1.25711},
{1.02798,3.58818,1.25632},
{1.02784,3.58878,1.25554},
{1.02769,3.58938,1.25475},
{1.02755,3.58998,1.25397},
{1.02741,3.59058,1.25318},
{1.02727,3.59118,1.2524},
{1.02713,3.59178,1.25161},
{1.02699,3.59238,1.25083},
{1.02684,3.59298,1.25004},
{1.0267,3.59358,1.24926},
{1.02656,3.59419,1.24847},
{1.02642,3.59479,1.24769},
{1.02628,3.59539,1.2469},
{1.02614,3.59599,1.24612},
{1.026,3.59659,1.24533},
{1.02585,3.59719,1.24455},
{1.02571,3.59779,1.24376},
{1.02557,3.59839,1.24298},
{1.02543,3.59899,1.24219},
{1.02529,3.59959,1.24141},
{1.02515,3.60019,1.24062},
{1.025,3.60079,1.23984},
{1.02486,3.60139,1.23905},
{1.02472,3.60199,1.23827},
{1.02458,3.60259,1.23748},
{1.02444,3.60319,1.2367},
{1.0243,3.60379,1.23591},
{1.02415,3.60439,1.23512},
{1.02401,3.60499,1.23434},
{1.02387,3.60559,1.23355},
{1.02373,3.60619,1.23277},
{1.02359,3.60679,1.23198},
{1.02345,3.60739,1.2312},
{1.02331,3.60799,1.23041},
{1.02316,3.60859,1.22963},
{1.02302,3.60919,1.22884},
{1.02288,3.60979,1.22806},
{1.02274,3.61039,1.22727},
{1.0226,3.61099,1.22649},
{1.02246,3.61159,1.2257},
{1.02231,3.61219,1.22492},
{1.02217,3.61279,1.22413},
{1.02203,3.61339,1.22335},
{1.02189,3.61399,1.22256},
{1.02175,3.61459,1.22178},
{1.02161,3.61519,1.22099},
{1.02146,3.61579,1.22021},
{1.02132,3.6164,1.21942},
{1.02118,3.617,1.21864},
{1.02104,3.6176,1.21785},
{1.0209,3.6182,1.21707},
{1.02076,3.6188,1.21628},
{1.02062,3.6194,1.2155},
{1.02047,3.62,1.21471},
{1.02033,3.6206,1.21393},
{1.02019,3.6212,1.21314},
{1.02005,3.6218,1.21236},
{1.01991,3.6224,1.21157},
{1.01977,3.623,1.21079},
{1.01962,3.6236,1.21},
{1.01948,3.6242,1.20922},
{1.01934,3.6248,1.20843},
{1.01985,3.62269,1.21117},
{1.01974,3.62323,1.21038},
{1.01964,3.62377,1.2096},
{1.01954,3.62431,1.20881},
{1.01943,3.62484,1.20802},
{1.01933,3.62538,1.20724},
{1.01923,3.62592,1.20645},
{1.01912,3.62646,1.20567},
{1.01902,3.627,1.20488},
{1.01892,3.62754,1.2041},
{1.01882,3.62808,1.20331},
{1.01871,3.62861,1.20252},
{1.01861,3.62915,1.20174},
{1.01851,3.62969,1.20095},
{1.0184,3.63023,1.20017},
{1.0183,3.63077,1.19938},
{1.0182,3.63131,1.1986},
{1.0181,3.63185,1.19781},
{1.01799,3.63238,1.19702},
{1.01789,3.63292,1.19624},
{1.01779,3.63346,1.19545},
{1.01768,3.634,1.19467},
{1.01758,3.63454,1.19388},
{1.01748,3.63508,1.1931},
{1.01737,3.63562,1.19231},
{1.01727,3.63615,1.19152},
{1.01717,3.63669,1.19074},
{1.01707,3.63723,1.18995},
{1.01696,3.63777,1.18917},
{1.01686,3.63831,1.18838},
{1.01676,3.63885,1.1876},
{1.01665,3.63938,1.18681},
{1.01655,3.63992,1.18602},
{1.01645,3.64046,1.18524},
{1.01634,3.641,1.18445},
{1.01624,3.64154,1.18367},
{1.01614,3.64208,1.18288},
{1.01604,3.64262,1.1821},
{1.01593,3.64315,1.18131},
{1.01583,3.64369,1.18052},
{1.01573,3.64423,1.17974},
{1.01562,3.64477,1.17895},
{1.01552,3.64531,1.17817},
{1.01542,3.64585,1.17738},
{1.01532,3.64639,1.1766},
{1.01521,3.64692,1.17581},
{1.01511,3.64746,1.17502},
{1.01501,3.648,1.17424},
{1.0149,3.64854,1.17345},
{1.0148,3.64908,1.17267},
{1.0147,3.64962,1.17188},
{1.01459,3.65016,1.1711},
{1.01449,3.65069,1.17031},
{1.01439,3.65123,1.16952},
{1.01429,3.65177,1.16874},
{1.01418,3.65231,1.16795},
{1.01408,3.65285,1.16717},
{1.01398,3.65339,1.16638},
{1.01387,3.65393,1.1656},
{1.01377,3.65446,1.16481},
{1.01367,3.655,1.16402},
{1.01357,3.65554,1.16324},
{1.01346,3.65608,1.16245},
{1.01336,3.65662,1.16167},
{1.01326,3.65716,1.16088},
{1.01315,3.6577,1.1601},
{1.01305,3.65823,1.15931},
{1.01295,3.65877,1.15852},
{1.01284,3.65931,1.15774},
{1.01274,3.65985,1.15695},
{1.01264,3.66039,1.15617},
{1.01254,3.66093,1.15538},
{1.01243,3.66147,1.1546},
{1.01233,3.662,1.15381},
{1.01223,3.66254,1.15302},
{1.01212,3.66308,1.15224},
{1.01202,3.66362,1.15145},
{1.01192,3.66416,1.15067},
{1.01181,3.6647,1.14988},
{1.01171,3.66524,1.1491},
{1.01161,3.66577,1.14831},
{1.01151,3.66631,1.14752},
{1.0114,3.66685,1.14674},
{1.0113,3.66739,1.14595},
{1.0112,3.66793,1.14517},
{1.01109,3.66847,1.14438},
{1.01099,3.66901,1.1436},
{1.01089,3.66954,1.14281},
{1.01131,3.66743,1.14583},
{1.01123,3.66791,1.14504},
{1.01116,3.66838,1.14426},
{1.01109,3.66886,1.14347},
{1.01102,3.66933,1.14269},
{1.01095,3.66981,1.1419},
{1.01088,3.67028,1.14112},
{1.01081,3.67076,1.14033},
{1.01074,3.67123,1.13955},
{1.01066,3.67171,1.13876},
{1.01059,3.67218,1.13798},
{1.01052,3.67266,1.13719},
{1.01045,3.67313,1.13641},
{1.01038,3.6736,1.13562},
{1.01031,3.67408,1.13484},
{1.01024,3.67455,1.13405},
{1.01017,3.67503,1.13327},
{1.0101,3.6755,1.13248},
{1.01002,3.67598,1.1317},
{1.00995,3.67645,1.13091},
{1.00988,3.67693,1.13013},
{1.00981,3.6774,1.12934},
{1.00974,3.67788,1.12856},
{1.00967,3.67835,1.12777},
{1.0096,3.67883,1.12699},
{1.00953,3.6793,1.1262},
{1.00946,3.67978,1.12542},
{1.00938,3.68025,1.12463},
{1.00931,3.68073,1.12385},
{1.00924,3.6812,1.12306},
{1.00917,3.68167,1.12228},
{1.0091,3.68215,1.12149},
{1.00903,3.68262,1.12071},
{1.00896,3.6831,1.11992},
{1.00889,3.68357,1.11914},
{1.00882,3.68405,1.11835},
{1.00874,3.68452,1.11757},
{1.00867,3.685,1.11678},
{1.0086,3.68547,1.116},
{1.00853,3.68595,1.11521},
{1.00846,3.68642,1.11443},
{1.00839,3.6869,1.11364},
{1.00832,3.68737,1.11286},
{1.00825,3.68785,1.11207},
{1.00817,3.68832,1.11129},
{1.0081,3.68879,1.1105},
{1.00803,3.68927,1.10972},
{1.00796,3.68974,1.10893},
{1.00789,3.69022,1.10815},
{1.00782,3.69069,1.10736},
{1.00775,3.69117,1.10658},
{1.00768,3.69164,1.10579},
{1.00761,3.69212,1.10501},
{1.00753,3.69259,1.10422},
{1.00746,3.69307,1.10344},
{1.00739,3.69354,1.10265},
{1.00732,3.69402,1.10187},
{1.00725,3.69449,1.10108},
{1.00718,3.69497,1.1003},
{1.00711,3.69544,1.09951},
{1.00704,3.69592,1.09873},
{1.00697,3.69639,1.09794},
{1.00689,3.69686,1.09716},
{1.00682,3.69734,1.09637},
{1.00675,3.69781,1.09559},
{1.00668,3.69829,1.0948},
{1.00661,3.69876,1.09401},
{1.00654,3.69924,1.09323},
{1.00647,3.69971,1.09244},
{1.0064,3.70019,1.09166},
{1.00633,3.70066,1.09087},
{1.00625,3.70114,1.09009},
{1.00618,3.70161,1.0893},
{1.00611,3.70209,1.08852},
{1.00604,3.70256,1.08773},
{1.00597,3.70304,1.08695},
{1.0059,3.70351,1.08616},
{1.00583,3.70399,1.08538},
{1.00576,3.70446,1.08459},
{1.00568,3.70493,1.08381},
{1.00561,3.70541,1.08302},
{1.00554,3.70588,1.08224},
{1.00547,3.70636,1.08145},
{1.00579,3.70432,1.08473},
{1.00575,3.70473,1.08394},
{1.0057,3.70514,1.08316},
{1.00565,3.70555,1.08237},
{1.00561,3.70596,1.08159},
{1.00556,3.70637,1.0808},
{1.00552,3.70678,1.08001},
{1.00547,3.70719,1.07923},
{1.00542,3.7076,1.07844},
{1.00538,3.70801,1.07766},
{1.00533,3.70842,1.07687},
{1.00529,3.70883,1.07608},
{1.00524,3.70924,1.0753},
{1.00519,3.70965,1.07451},
{1.00515,3.71006,1.07373},
{1.0051,3.71047,1.07294},
{1.00506,3.71088,1.07215},
{1.00501,3.71129,1.07137},
{1.00496,3.7117,1.07058},
{1.00492,3.71211,1.0698},
{1.00487,3.71252,1.06901},
{1.00483,3.71293,1.06823},
{1.00478,3.71334,1.06744},
{1.00473,3.71375,1.06665},
{1.00469,3.71416,1.06587},
{1.00464,3.71458,1.06508},
{1.0046,3.71499,1.0643},
{1.00455,3.7154,1.06351},
{1.0045,3.71581,1.06272},
{1.00446,3.71622,1.06194},
{1.00441,3.71663,1.06115},
{1.00437,3.71704,1.06037},
{1.00432,3.71745,1.05958},
{1.00428,3.71786,1.05879},
{1.00423,3.71827,1.05801},
{1.00418,3.71868,1.05722},
{1.00414,3.71909,1.05644},
{1.00409,3.7195,1.05565},
{1.00405,3.71991,1.05487},
{1.004,3.72032,1.05408},
{1.00395,3.72073,1.05329},
{1.00391,3.72114,1.05251},
{1.00386,3.72155,1.05172},
{1.00382,3.72196,1.05094},
{1.00377,3.72237,1.05015},
{1.00372,3.72278,1.04936},
{1.00368,3.72319,1.04858},
{1.00363,3.7236,1.04779},
{1.00359,3.72401,1.04701},
{1.00354,3.72442,1.04622},
{1.00349,3.72483,1.04543},
{1.00345,3.72524,1.04465},
{1.0034,3.72565,1.04386},
{1.00336,3.72606,1.04308},
{1.00331,3.72647,1.04229},
{1.00326,3.72688,1.04151},
{1.00322,3.72729,1.04072},
{1.00317,3.7277,1.03993},
{1.00313,3.72811,1.03915},
{1.00308,3.72852,1.03836},
{1.00303,3.72893,1.03758},
{1.00299,3.72934,1.03679},
{1.00294,3.72975,1.036},
{1.0029,3.73016,1.03522},
{1.00285,3.73057,1.03443},
{1.00281,3.73098,1.03365},
{1.00276,3.7314,1.03286},
{1.00271,3.73181,1.03207},
{1.00267,3.73222,1.03129},
{1.00262,3.73263,1.0305},
{1.00258,3.73304,1.02972},
{1.00253,3.73345,1.02893},
{1.00248,3.73386,1.02815},
{1.00244,3.73427,1.02736},
{1.00239,3.73468,1.02657},
{1.00235,3.73509,1.02579},
{1.0023,3.7355,1.025},
{1.00251,3.73364,1.02853},
{1.00249,3.73398,1.02774},
{1.00246,3.73433,1.02696},
{1.00243,3.73468,1.02617},
{1.0024,3.73502,1.02539},
{1.00238,3.73537,1.0246},
{1.00235,3.73572,1.02382},
{1.00232,3.73606,1.02303},
{1.0023,3.73641,1.02225},
{1.00227,3.73676,1.02146},
{1.00224,3.73711,1.02068},
{1.00222,3.73745,1.01989},
{1.00219,3.7378,1.01911},
{1.00216,3.73815,1.01832},
{1.00214,3.73849,1.01754},
{1.00211,3.73884,1.01675},
{1.00208,3.73919,1.01597},
{1.00206,3.73953,1.01519},
{1.00203,3.73988,1.0144},
{1.002,3.74023,1.01362},
{1.00197,3.74057,1.01283},
{1.00195,3.74092,1.01205},
{1.00192,3.74127,1.01126},
{1.00189,3.74161,1.01048},
{1.00187,3.74196,1.00969},
{1.00184,3.74231,1.00891},
{1.00181,3.74265,1.00812},
{1.00179,3.743,1.00734},
{1.00176,3.74335,1.00655},
{1.00173,3.74369,1.00577},
{1.00171,3.74404,1.00498},
{1.00168,3.74439,1.0042},
{1.00165,3.74474,1.00341},
{1.00163,3.74508,1.00263},
{1.0016,3.74543,1.00184},
{1.00157,3.74578,1.00106},
{1.00155,3.74612,1.00028},
{1.00152,3.74647,0.99949},
{1.00149,3.74682,0.998706},
{1.00146,3.74716,0.997921},
{1.00144,3.74751,0.997136},
{1.00141,3.74786,0.996351},
{1.00138,3.7482,0.995567},
{1.00136,3.74855,0.994782},
{1.00133,3.7489,0.993997},
{1.0013,3.74924,0.993212},
{1.00128,3.74959,0.992428},
{1.00125,3.74994,0.991643},
{1.00122,3.75028,0.990858},
{1.0012,3.75063,0.990073},
{1.00117,3.75098,0.989289},
{1.00114,3.75133,0.988504},
{1.00112,3.75167,0.987719},
{1.00109,3.75202,0.986934},
{1.00106,3.75237,0.98615},
{1.00103,3.75271,0.985365},
{1.00101,3.75306,0.98458},
{1.00098,3.75341,0.983795},
{1.00095,3.75375,0.983011},
{1.00093,3.7541,0.982226},
{1.0009,3.75445,0.981441},
{1.00087,3.75479,0.980656},
{1.00085,3.75514,0.979872},
{1.00082,3.75549,0.979087},
{1.00079,3.75583,0.978302},
{1.00077,3.75618,0.977517},
{1.00074,3.75653,0.976733},
{1.00071,3.75687,0.975948},
{1.00069,3.75722,0.975163},
{1.00066,3.75757,0.974378},
{1.00063,3.75792,0.973594},
{1.00061,3.75826,0.972809},
{1.00074,3.75659,0.976555},
{1.00072,3.75688,0.975769},
{1.00071,3.75716,0.974982},
{1.0007,3.75745,0.974196},
{1.00068,3.75774,0.97341},
{1.00067,3.75802,0.972623},
{1.00066,3.75831,0.971837},
{1.00064,3.75859,0.97105},
{1.00063,3.75888,0.970264},
{1.00062,3.75916,0.969478},
{1.0006,3.75945,0.968691},
{1.00059,3.75974,0.967905},
{1.00058,3.76002,0.967119},
{1.00056,3.76031,0.966332},
{1.00055,3.76059,0.965546},
{1.00054,3.76088,0.96476},
{1.00052,3.76116,0.963973},
{1.00051,3.76145,0.963187},
{1.0005,3.76174,0.9624},
{1.00048,3.76202,0.961614},
{1.00047,3.76231,0.960828},
{1.00046,3.76259,0.960041},
{1.00044,3.76288,0.959255},
{1.00043,3.76317,0.958469},
{1.00042,3.76345,0.957682},
{1.0004,3.76374,0.956896},
{1.00039,3.76402,0.95611},
{1.00038,3.76431,0.955323},
{1.00036,3.76459,0.954537},
{1.00035,3.76488,0.95375},
{1.00034,3.76517,0.952964},
{1.00032,3.76545,0.952178},
{1.00031,3.76574,0.951391},
{1.0003,3.76602,0.950605},
{1.00029,3.76631,0.949819},
{1.00027,3.7666,0.949032},
{1.00026,3.76688,0.948246},
{1.00025,3.76717,0.94746},
{1.00023,3.76745,0.946673},
{1.00022,3.76774,0.945887},
{1.00021,3.76802,0.9451},
{1.00019,3.76831,0.944314},
{1.00018,3.7686,0.943528},
{1.00017,3.76888,0.942741},
{1.00015,3.76917,0.941955},
{1.00014,3.76945,0.941169},
{1.00013,3.76974,0.940382},
{1.00011,3.77002,0.939596},
{1.0001,3.77031,0.93881},
{1.00009,3.7706,0.938023},
{1.00007,3.77088,0.937237},
{1.00006,3.77117,0.93645},
{1.00005,3.77145,0.935664},
{1.00003,3.77174,0.934878},
{1.00002,3.77203,0.934091},
{1.00001,3.77231,0.933305},
{0.999993,3.7726,0.932519},
{0.99998,3.77288,0.931732},
{0.999966,3.77317,0.930946},
{0.999953,3.77345,0.93016},
{0.99994,3.77374,0.929373},
{0.999927,3.77403,0.928587},
{0.999913,3.77431,0.9278},
{0.9999,3.7746,0.927014},
{0.999887,3.77488,0.926228},
{0.999874,3.77517,0.925441},
{0.99986,3.77545,0.924655},
{0.999935,3.77396,0.928622},
{0.999931,3.77419,0.927838},
{0.999926,3.77442,0.927054},
{0.999922,3.77465,0.926271},
{0.999918,3.77488,0.925487},
{0.999913,3.7751,0.924703},
{0.999909,3.77533,0.92392},
{0.999904,3.77556,0.923136},
{0.9999,3.77579,0.922352},
{0.999896,3.77602,0.921569},
{0.999891,3.77625,0.920785},
{0.999887,3.77648,0.920001},
{0.999883,3.7767,0.919218},
{0.999878,3.77693,0.918434},
{0.999874,3.77716,0.91765},
{0.999869,3.77739,0.916867},
{0.999865,3.77762,0.916083},
{0.999861,3.77785,0.915299},
{0.999856,3.77808,0.914515},
{0.999852,3.7783,0.913732},
{0.999847,3.77853,0.912948},
{0.999843,3.77876,0.912164},
{0.999839,3.77899,0.911381},
{0.999834,3.77922,0.910597},
{0.99983,3.77945,0.909813},
{0.999825,3.77967,0.90903},
{0.999821,3.7799,0.908246},
{0.999817,3.78013,0.907462},
{0.999812,3.78036,0.906679},
{0.999808,3.78059,0.905895},
{0.999803,3.78082,0.905111},
{0.999799,3.78105,0.904328},
{0.999795,3.78127,0.903544},
{0.99979,3.7815,0.90276},
{0.999786,3.78173,0.901977},
{0.999782,3.78196,0.901193},
{0.999777,3.78219,0.900409},
{0.999773,3.78242,0.899626},
{0.999768,3.78265,0.898842},
{0.999764,3.78287,0.898058},
{0.99976,3.7831,0.897274},
{0.999755,3.78333,0.896491},
{0.999751,3.78356,0.895707},
{0.999746,3.78379,0.894923},
{0.999742,3.78402,0.89414},
{0.999738,3.78424,0.893356},
{0.999733,3.78447,0.892572},
{0.999729,3.7847,0.891789},
{0.999724,3.78493,0.891005},
{0.99972,3.78516,0.890221},
{0.999716,3.78539,0.889438},
{0.999711,3.78562,0.888654},
{0.999707,3.78584,0.88787},
{0.999703,3.78607,0.887087},
{0.999698,3.7863,0.886303},
{0.999694,3.78653,0.885519},
{0.999689,3.78676,0.884736},
{0.999685,3.78699,0.883952},
{0.999681,3.78722,0.883168},
{0.999676,3.78744,0.882384},
{0.999702,3.7862,0.886522},
{0.999703,3.78638,0.885732},
{0.999704,3.78656,0.884942},
{0.999705,3.78673,0.884153},
{0.999705,3.78691,0.883363},
{0.999706,3.78708,0.882573},
{0.999707,3.78726,0.881783},
{0.999707,3.78744,0.880994},
{0.999708,3.78761,0.880204},
{0.999709,3.78779,0.879414},
{0.999709,3.78796,0.878625},
{0.99971,3.78814,0.877835},
{0.999711,3.78832,0.877045},
{0.999711,3.78849,0.876255},
{0.999712,3.78867,0.875466},
{0.999713,3.78884,0.874676},
{0.999714,3.78902,0.873886},
{0.999714,3.78919,0.873097},
{0.999715,3.78937,0.872307},
{0.999716,3.78955,0.871517},
{0.999716,3.78972,0.870727},
{0.999717,3.7899,0.869938},
{0.999718,3.79007,0.869148},
{0.999718,3.79025,0.868358},
{0.999719,3.79043,0.867569},
{0.99972,3.7906,0.866779},
{0.99972,3.79078,0.865989},
{0.999721,3.79095,0.865199},
{0.999722,3.79113,0.86441},
{0.999722,3.79131,0.86362},
{0.999723,3.79148,0.86283},
{0.999724,3.79166,0.86204},
{0.999725,3.79183,0.861251},
{0.999725,3.79201,0.860461},
{0.999726,3.79219,0.859671},
{0.999727,3.79236,0.858882},
{0.999727,3.79254,0.858092},
{0.999728,3.79271,0.857302},
{0.999729,3.79289,0.856512},
{0.999729,3.79307,0.855723},
{0.99973,3.79324,0.854933},
{0.999731,3.79342,0.854143},
{0.999731,3.79359,0.853354},
{0.999732,3.79377,0.852564},
{0.999733,3.79394,0.851774},
{0.999733,3.79412,0.850984},
{0.999734,3.7943,0.850195},
{0.999735,3.79447,0.849405},
{0.999736,3.79465,0.848615},
{0.999736,3.79482,0.847826},
{0.999737,3.795,0.847036},
{0.999738,3.79518,0.846246},
{0.999738,3.79535,0.845456},
{0.999739,3.79553,0.844667},
{0.999737,3.79453,0.849041},
{0.999739,3.79466,0.848301},
{0.999742,3.79479,0.847561},
{0.999745,3.79492,0.846821},
{0.999748,3.79505,0.84608},
{0.999751,3.79518,0.84534},
{0.999753,3.79531,0.8446},
{0.999756,3.79543,0.843859},
{0.999759,3.79556,0.843119},
{0.999762,3.79569,0.842379},
{0.999765,3.79582,0.841639},
{0.999768,3.79595,0.840898},
{0.99977,3.79608,0.840158},
{0.999773,3.79621,0.839418},
{0.999776,3.79634,0.838678},
{0.999779,3.79647,0.837937},
{0.999782,3.7966,0.837197},
{0.999784,3.79673,0.836457},
{0.999787,3.79685,0.835716},
{0.99979,3.79698,0.834976},
{0.999793,3.79711,0.834236},
{0.999796,3.79724,0.833496},
{0.999799,3.79737,0.832755},
{0.999801,3.7975,0.832015},
{0.999804,3.79763,0.831275},
{0.999807,3.79776,0.830534},
{0.99981,3.79789,0.829794},
{0.999813,3.79802,0.829054},
{0.999815,3.79814,0.828314},
{0.999818,3.79827,0.827573},
{0.999821,3.7984,0.826833},
{0.999824,3.79853,0.826093},
{0.999827,3.79866,0.825353},
{0.99983,3.79879,0.824612},
{0.999832,3.79892,0.823872},
{0.999835,3.79905,0.823132},
{0.999838,3.79918,0.822391},
{0.999841,3.79931,0.821651},
{0.999844,3.79944,0.820911},
{0.999846,3.79956,0.820171},
{0.999849,3.79969,0.81943},
{0.999852,3.79982,0.81869},
{0.999855,3.79995,0.81795},
{0.999858,3.80008,0.817209},
{0.999861,3.80021,0.816469},
{0.999863,3.80034,0.815729},
{0.999866,3.80047,0.814989},
{0.99985,3.79973,0.819221},
{0.999853,3.79982,0.818657},
{0.999855,3.79991,0.818092},
{0.999858,3.79999,0.817527},
{0.999861,3.80008,0.816962},
{0.999863,3.80017,0.816397},
{0.999866,3.80026,0.815833},
{0.999869,3.80035,0.815268},
{0.999871,3.80044,0.814703},
{0.999874,3.80053,0.814138},
{0.999876,3.80061,0.813573},
{0.999879,3.8007,0.813009},
{0.999882,3.80079,0.812444},
{0.999884,3.80088,0.811879},
{0.999887,3.80097,0.811314},
{0.99989,3.80106,0.810749},
{0.999892,3.80115,0.810184},
{0.999895,3.80123,0.80962},
{0.999898,3.80132,0.809055},
{0.9999,3.80141,0.80849},
{0.999903,3.8015,0.807925},
{0.999906,3.80159,0.80736},
{0.999908,3.80168,0.806796},
{0.999911,3.80177,0.806231},
{0.999913,3.80185,0.805666},
{0.999916,3.80194,0.805101},
{0.999919,3.80203,0.804536},
{0.999921,3.80212,0.803972},
{0.999924,3.80221,0.803407},
{0.999927,3.8023,0.802842},
{0.999929,3.80239,0.802277},
{0.999932,3.80248,0.801712},
{0.999935,3.80256,0.801147},
{0.999937,3.80265,0.800583},
{0.99994,3.80274,0.800018},
{0.999942,3.80283,0.799453},
{0.999945,3.80292,0.798888},
{0.999948,3.80301,0.798323},
{0.99995,3.8031,0.797759},
{0.999953,3.80318,0.797194},
{0.999956,3.80327,0.796629},
{0.99994,3.80274,0.799998},
{0.999941,3.8028,0.799639},
{0.999943,3.80285,0.79928},
{0.999944,3.80291,0.798921},
{0.999946,3.80297,0.798562},
{0.999947,3.80302,0.798203},
{0.999949,3.80308,0.797844},
{0.999951,3.80313,0.797484},
{0.999952,3.80319,0.797125},
{0.999954,3.80324,0.796766},
{0.999955,3.8033,0.796407},
{0.999957,3.80335,0.796048},
{0.999958,3.80341,0.795689},
{0.99996,3.80347,0.79533},
{0.999961,3.80352,0.794971},
{0.999963,3.80358,0.794612},
{0.999964,3.80363,0.794253},
{0.999966,3.80369,0.793894},
{0.999967,3.80374,0.793535},
{0.999969,3.8038,0.793175},
{0.99997,3.80385,0.792816},
{0.999972,3.80391,0.792457},
{0.999974,3.80396,0.792098},
{0.999975,3.80402,0.791739},
{0.999977,3.80408,0.79138},
{0.999978,3.80413,0.791021},
{0.99998,3.80419,0.790662},
{0.999981,3.80424,0.790303},
{0.999983,3.8043,0.789944},
{0.999984,3.80435,0.789585},
{0.999986,3.80441,0.789226},
{0.999987,3.80446,0.788867},
{0.999989,3.80452,0.788507},
{0.99999,3.80458,0.788148},
{0.999981,3.80423,0.790357},
{0.999982,3.80426,0.790161},
{0.999983,3.80429,0.789966},
{0.999983,3.80432,0.78977},
{0.999984,3.80435,0.789574},
{0.999985,3.80439,0.789379},
{0.999986,3.80442,0.789183},
{0.999986,3.80445,0.788988},
{0.999987,3.80448,0.788792},
{0.999988,3.80451,0.788596},
{0.999989,3.80454,0.788401},
{0.99999,3.80457,0.788205},
{0.99999,3.8046,0.78801},
{0.999991,3.80463,0.787814},
{0.999992,3.80466,0.787618},
{0.999993,3.80469,0.787423},
{0.999994,3.80472,0.787227},
{0.999994,3.80475,0.787032},
{0.999995,3.80478,0.786836},
{0.999996,3.80481,0.78664},
{0.999997,3.80484,0.786445},
{0.999998,3.80487,0.786249},
{0.999998,3.8049,0.786054},
{0.999999,3.80493,0.785858},
{1,3.80496,0.785662},
{1,3.80499,0.785467},
{1,3.80502,0.785271},
{0.999996,3.80483,0.786509},
{0.999997,3.80484,0.786426},
{0.999997,3.80485,0.786344},
{0.999997,3.80487,0.786262},
{0.999997,3.80488,0.78618},
{0.999998,3.80489,0.786098},
{0.999998,3.8049,0.786016},
{0.999998,3.80492,0.785934},
{0.999998,3.80493,0.785852},
{0.999999,3.80494,0.78577},
{0.999999,3.80496,0.785688},
{0.999999,3.80497,0.785606},
{0.999999,3.80498,0.785523},
{1,3.80499,0.785441},
{1,3.80501,0.785359},
{1,3.80502,0.785277},
{1,3.80503,0.785195},
{1,3.80504,0.785113},
{1,3.80506,0.785031},
{1,3.80507,0.784949},
{1,3.80499,0.78549},
{1,3.80499,0.785471},
{1,3.80499,0.785452},
{1,3.80499,0.785433},
{1,3.805,0.785415},
{1,3.805,0.785396},
{1,3.805,0.785377},
{1,3.80501,0.785358},
{1,3.80501,0.785339},
{1,3.80501,0.78532},
{1,3.80502,0.785301},
{1,3.80502,0.785283},
{1,3.80502,0.785264},
{1,3.805,0.785398}