{1,2.156,-2.74},
{1.00002,2.156,-2.74},
{1.00004,2.156,-2.74},
{1.00005,2.156,-2.74},
{1.00013,2.156,-2.74},
{1.00016,2.156,-2.74},
{1.0002,2.156,-2.74},
{1.00023,2.156,-2.74001},
{1.00026,2.156,-2.74001},
{1.00029,2.156,-2.74001},
{1.00032,2.156,-2.74001},
{1.00035,2.156,-2.74001},
{1.00038,2.156,-2.74001},
{1.00057,2.156,-2.74002},
{1.00063,2.156,-2.74002},
{1.00069,2.156,-2.74002},
{1.00074,2.156,-2.74002},
{1.0008,2.156,-2.74002},
{1.00086,2.156,-2.74002},
{1.00091,2.156,-2.74003},
{1.00097,2.156,-2.74003},
{1.00102,2.156,-2.74003},
{1.00108,2.156,-2.74003},
{1.00114,2.156,-2.74003},
{1.00119,2.156,-2.74003},
{1.00125,2.156,-2.74004},
{1.00131,2.156,-2.74004},
{1.00165,2.15601,-2.74005},
{1.00174,2.15601,-2.74005},
{1.00183,2.15601,-2.74005},
{1.00192,2.15601,-2.74006},
{1.00201,2.15601,-2.74006},
{1.00209,2.15601,-2.74006},
{1.00218,2.15601,-2.74006},
{1.00227,2.15601,-2.74007},
{1.00236,2.15601,-2.74007},
{1.00245,2.15601,-2.74007},
{1.00254,2.15601,-2.74007},
{1.00263,2.15601,-2.74008},
{1.00272,2.15601,-2.74008},
{1.00281,2.15601,-2.74008},
{1.00289,2.15601,-2.74008},
{1.00298,2.15601,-2.74009},
{1.00307,2.15601,-2.74009},
{1.00316,2.15601,-2.74009},
{1.00325,2.15601,-2.7401},
{1.00378,2.15601,-2.74011},
{1.00391,2.15601,-2.74012},
{1.00404,2.15601,-2.74012},
{1.00417,2.15601,-2.74012},
{1.00429,2.15601,-2.74013},
{1.00442,2.15601,-2.74013},
{1.00455,2.15601,-2.74013},
{1.00468,2.15602,-2.74014},
{1.00481,2.15602,-2.74014},
{1.00493,2.15602,-2.74014},
{1.00506,2.15602,-2.74015},
{1.00519,2.15602,-2.74015},
{1.00532,2.15602,-2.74016},
{1.00545,2.15602,-2.74016},
{1.00558,2.15602,-2.74016},
{1.0057,2.15602,-2.74017},
{1.00583,2.15602,-2.74017},
{1.00596,2.15602,-2.74017},
{1.00609,2.15602,-2.74018},
{1.00622,2.15602,-2.74018},
{1.00634,2.15602,-2.74019},
{1.00647,2.15602,-2.74019},
{1.0066,2.15602,-2.74019},
{1.00673,2.15602,-2.7402},
{1.00686,2.15602,-2.7402},
{1.00765,2.15602,-2.74022},
{1.00782,2.15602,-2.74023},
{1.008,2.15603,-2.74023},
{1.00817,2.15603,-2.74024},
{1.00834,2.15603,-2.74024},
{1.00852,2.15603,-2.74025},
{1.00869,2.15603,-2.74025},
{1.00886,2.15603,-2.74026},
{1.00904,2.15603,-2.74026},
{1.00921,2.15603,-2.74027},
{1.00938,2.15603,-2.74027},
{1.00956,2.15603,-2.74028},
{1.00973,2.15603,-2.74028},
{1.00991,2.15603,-2.74029},
{1.01008,2.15603,-2.74029},
{1.01025,2.15603,-2.74029},
{1.01043,2.15603,-2.7403},
{1.0106,2.15603,-2.7403},
{1.01077,2.15603,-2.74031},
{1.01095,2.15603,-2.74031},
{1.01112,2.15603,-2.74032},
{1.01129,2.15603,-2.74032},
{1.01147,2.15604,-2.74033},
{1.01164,2.15604,-2.74033},
{1.01181,2.15604,-2.74034},
{1.01199,2.15604,-2.74034},
{1.01216,2.15604,-2.74035},
{1.01233,2.15604,-2.74035},
{1.01333,2.15604,-2.74038},
{1.01355,2.15604,-2.74039},
{1.01378,2.15604,-2.74039},
{1.014,2.15604,-2.7404},
{1.01423,2.15604,-2.7404},
{1.01445,2.15604,-2.74041},
{1.01467,2.15604,-2.74041},
{1.0149,2.15604,-2.74042},
{1.01512,2.15605,-2.74043},
{1.01535,2.15605,-2.74043},
{1.01557,2.15605,-2.74044},
{1.01579,2.15605,-2.74044},
{1.01602,2.15605,-2.74045},
{1.01624,2.15605,-2.74046},
{1.01647,2.15605,-2.74046},
{1.01669,2.15605,-2.74047},
{1.01691,2.15605,-2.74047},
{1.01714,2.15605,-2.74048},
{1.01736,2.15605,-2.74048},
{1.01759,2.15605,-2.74049},
{1.01781,2.15605,-2.7405},
{1.01803,2.15605,-2.7405},
{1.01826,2.15605,-2.74051},
{1.01848,2.15605,-2.74051},
{1.01871,2.15605,-2.74052},
{1.01893,2.15606,-2.74052},
{1.01915,2.15606,-2.74053},
{1.01938,2.15606,-2.74054},
{1.0196,2.15606,-2.74054},
{1.01983,2.15606,-2.74055},
{1.02005,2.15606,-2.74055},
{1.02027,2.15606,-2.74056},
{1.0205,2.15606,-2.74057},
{1.02072,2.15606,-2.74057},
{1.022,2.15606,-2.7406},
{1.02227,2.15606,-2.74061},
{1.02255,2.15606,-2.74062},
{1.02283,2.15607,-2.74062},
{1.02311,2.15607,-2.74063},
{1.02339,2.15607,-2.74064},
{1.02367,2.15607,-2.74064},
{1.02395,2.15607,-2.74065},
{1.02423,2.15607,-2.74066},
{1.02451,2.15607,-2.74066},
{1.02479,2.15607,-2.74067},
{1.02506,2.15607,-2.74068},
{1.02534,2.15607,-2.74068},
{1.02562,2.15607,-2.74069},
{1.0259,2.15607,-2.7407},
{1.02618,2.15607,-2.7407},
{1.02646,2.15607,-2.74071},
{1.02674,2.15607,-2.74072},
{1.02702,2.15608,-2.74072},
{1.0273,2.15608,-2.74073},
{1.02757,2.15608,-2.74074},
{1.02785,2.15608,-2.74074},
{1.02813,2.15608,-2.74075},
{1.02841,2.15608,-2.74076},
{1.02869,2.15608,-2.74076},
{1.02897,2.15608,-2.74077},
{1.02925,2.15608,-2.74078},
{1.02953,2.15608,-2.74078},
{1.02981,2.15608,-2.74079},
{1.03009,2.15608,-2.7408},
{1.03036,2.15608,-2.7408},
{1.03064,2.15608,-2.74081},
{1.03092,2.15609,-2.74082},
{1.0312,2.15609,-2.74082},
{1.03148,2.15609,-2.74083},
{1.03176,2.15609,-2.74084},
{1.03204,2.15609,-2.74084},
{1.03232,2.15609,-2.74085},
{1.03384,2.15609,-2.74089},
{1.03418,2.15609,-2.74089},
{1.03452,2.15609,-2.7409},
{1.03485,2.15609,-2.74091},
{1.03519,2.1561,-2.74092},
{1.03553,2.1561,-2.74092},
{1.03587,2.1561,-2.74093},
{1.0362,2.1561,-2.74094},
{1.03654,2.1561,-2.74094},
{1.03688,2.1561,-2.74095},
{1.03722,2.1561,-2.74096},
{1.03755,2.1561,-2.74097},
{1.03789,2.1561,-2.74097},
{1.03823,2.1561,-2.74098},
{1.03857,2.1561,-2.74099},
{1.0389,2.1561,-2.741},
{1.03924,2.1561,-2.741},
{1.03958,2.1561,-2.74101},
{1.03992,2.15611,-2.74102},
{1.04025,2.15611,-2.74102},
{1.04059,2.15611,-2.74103},
{1.04093,2.15611,-2.74104},
{1.04127,2.15611,-2.74105},
{1.0416,2.15611,-2.74105},
{1.04194,2.15611,-2.74106},
{1.04228,2.15611,-2.74107},
{1.04262,2.15611,-2.74108},
{1.04295,2.15611,-2.74108},
{1.04329,2.15611,-2.74109},
{1.04363,2.15611,-2.7411},
{1.04397,2.15611,-2.7411},
{1.0443,2.15612,-2.74111},
{1.04464,2.15612,-2.74112},
{1.04498,2.15612,-2.74113},
{1.04532,2.15612,-2.74113},
{1.04565,2.15612,-2.74114},
{1.04599,2.15612,-2.74115},
{1.04633,2.15612,-2.74115},
{1.04667,2.15612,-2.74116},
{1.047,2.15612,-2.74117},
{1.04734,2.15612,-2.74118},
{1.04768,2.15612,-2.74118},
{1.04802,2.15612,-2.74119},
{1.04982,2.15613,-2.74123},
{1.05022,2.15613,-2.74124},
{1.05062,2.15613,-2.74124},
{1.05101,2.15613,-2.74125},
{1.05141,2.15613,-2.74126},
{1.05181,2.15613,-2.74127},
{1.05221,2.15613,-2.74127},
{1.05261,2.15613,-2.74128},
{1.05301,2.15613,-2.74129},
{1.05341,2.15613,-2.7413},
{1.0538,2.15614,-2.7413},
{1.0542,2.15614,-2.74131},
{1.0546,2.15614,-2.74132},
{1.055,2.15614,-2.74133},
{1.0554,2.15614,-2.74134},
{1.0558,2.15614,-2.74134},
{1.0562,2.15614,-2.74135},
{1.0566,2.15614,-2.74136},
{1.05699,2.15614,-2.74137},
{1.05739,2.15614,-2.74137},
{1.05779,2.15614,-2.74138},
{1.05819,2.15614,-2.74139},
{1.05859,2.15614,-2.7414},
{1.05899,2.15615,-2.7414},
{1.05939,2.15615,-2.74141},
{1.05978,2.15615,-2.74142},
{1.06018,2.15615,-2.74143},
{1.06058,2.15615,-2.74143},
{1.06098,2.15615,-2.74144},
{1.06138,2.15615,-2.74145},
{1.06178,2.15615,-2.74146},
{1.06218,2.15615,-2.74146},
{1.06257,2.15615,-2.74147},
{1.06297,2.15615,-2.74148},
{1.06337,2.15615,-2.74149},
{1.06377,2.15616,-2.74149},
{1.06417,2.15616,-2.7415},
{1.06457,2.15616,-2.74151},
{1.06497,2.15616,-2.74152},
{1.06537,2.15616,-2.74152},
{1.06576,2.15616,-2.74153},
{1.06616,2.15616,-2.74154},
{1.06656,2.15616,-2.74155},
{1.06696,2.15616,-2.74156},
{1.06736,2.15616,-2.74156},
{1.06776,2.15616,-2.74157},
{1.06816,2.15616,-2.74158},
{1.07021,2.15617,-2.74162},
{1.07067,2.15617,-2.74162},
{1.07113,2.15617,-2.74163},
{1.07159,2.15617,-2.74164},
{1.07205,2.15617,-2.74165},
{1.07251,2.15617,-2.74165},
{1.07297,2.15617,-2.74166},
{1.07344,2.15617,-2.74167},
{1.0739,2.15617,-2.74168},
{1.07436,2.15617,-2.74168},
{1.07482,2.15617,-2.74169},
{1.07528,2.15618,-2.7417},
{1.07574,2.15618,-2.74171},
{1.0762,2.15618,-2.74171},
{1.07667,2.15618,-2.74172},
{1.07713,2.15618,-2.74173},
{1.07759,2.15618,-2.74174},
{1.07805,2.15618,-2.74174},
{1.07851,2.15618,-2.74175},
{1.07897,2.15618,-2.74176},
{1.07943,2.15618,-2.74177},
{1.0799,2.15618,-2.74177},
{1.08036,2.15618,-2.74178},
{1.08082,2.15618,-2.74179},
{1.08128,2.15618,-2.7418},
{1.08174,2.15619,-2.7418},
{1.0822,2.15619,-2.74181},
{1.08266,2.15619,-2.74182},
{1.08313,2.15619,-2.74183},
{1.08359,2.15619,-2.74183},
{1.08405,2.15619,-2.74184},
{1.08451,2.15619,-2.74185},
{1.08497,2.15619,-2.74186},
{1.08543,2.15619,-2.74186},
{1.08589,2.15619,-2.74187},
{1.08636,2.15619,-2.74188},
{1.08682,2.15619,-2.74189},
{1.08728,2.15619,-2.74189},
{1.08774,2.15619,-2.7419},
{1.0882,2.1562,-2.74191},
{1.08866,2.1562,-2.74192},
{1.08912,2.1562,-2.74192},
{1.08959,2.1562,-2.74193},
{1.09005,2.1562,-2.74194},
{1.09051,2.1562,-2.74195},
{1.09097,2.1562,-2.74195},
{1.09143,2.1562,-2.74196},
{1.09189,2.1562,-2.74197},
{1.09235,2.1562,-2.74198},
{1.09282,2.1562,-2.74198},
{1.09328,2.1562,-2.74199},
{1.09554,2.15621,-2.74203},
{1.09607,2.15621,-2.74204},
{1.09659,2.15621,-2.74204},
{1.09712,2.15621,-2.74205},
{1.09764,2.15621,-2.74206},
{1.09817,2.15621,-2.74207},
{1.09869,2.15621,-2.74207},
{1.09922,2.15621,-2.74208},
{1.09974,2.15621,-2.74209},
{1.10027,2.15621,-2.74209},
{1.10079,2.15621,-2.7421},
{1.10132,2.15621,-2.74211},
{1.10184,2.15621,-2.74212},
{1.10237,2.15621,-2.74212},
{1.10289,2.15622,-2.74213},
{1.10342,2.15622,-2.74214},
{1.10394,2.15622,-2.74214},
{1.10447,2.15622,-2.74215},
{1.10499,2.15622,-2.74216},
{1.10552,2.15622,-2.74217},
{1.10604,2.15622,-2.74217},
{1.10657,2.15622,-2.74218},
{1.10709,2.15622,-2.74219},
{1.10762,2.15622,-2.74219},
{1.10814,2.15622,-2.7422},
{1.10867,2.15622,-2.74221},
{1.10919,2.15622,-2.74222},
{1.10972,2.15622,-2.74222},
{1.11024,2.15622,-2.74223},
{1.11077,2.15622,-2.74224},
{1.11129,2.15622,-2.74224},
{1.11182,2.15623,-2.74225},
{1.11234,2.15623,-2.74226},
{1.11287,2.15623,-2.74227},
{1.11339,2.15623,-2.74227},
{1.11392,2.15623,-2.74228},
{1.11444,2.15623,-2.74229},
{1.11496,2.15623,-2.74229},
{1.11549,2.15623,-2.7423},
{1.11601,2.15623,-2.74231},
{1.11654,2.15623,-2.74232},
{1.11706,2.15623,-2.74232},
{1.11759,2.15623,-2.74233},
{1.11811,2.15623,-2.74234},
{1.11864,2.15623,-2.74234},
{1.11916,2.15623,-2.74235},
{1.11969,2.15623,-2.74236},
{1.12021,2.15624,-2.74237},
{1.12074,2.15624,-2.74237},
{1.12126,2.15624,-2.74238},
{1.12179,2.15624,-2.74239},
{1.12231,2.15624,-2.74239},
{1.12284,2.15624,-2.7424},
{1.12336,2.15624,-2.74241},
{1.12389,2.15624,-2.74242},
{1.12635,2.15624,-2.74245},
{1.12694,2.15624,-2.74246},
{1.12752,2.15624,-2.74246},
{1.12811,2.15624,-2.74247},
{1.1287,2.15624,-2.74248},
{1.12929,2.15624,-2.74248},
{1.12988,2.15624,-2.74249},
{1.13046,2.15625,-2.7425},
{1.13105,2.15625,-2.7425},
{1.13164,2.15625,-2.74251},
{1.13223,2.15625,-2.74251},
{1.13282,2.15625,-2.74252},
{1.1334,2.15625,-2.74253},
{1.13399,2.15625,-2.74253},
{1.13458,2.15625,-2.74254},
{1.13517,2.15625,-2.74255},
{1.13576,2.15625,-2.74255},
{1.13634,2.15625,-2.74256},
{1.13693,2.15625,-2.74257},
{1.13752,2.15625,-2.74257},
{1.13811,2.15625,-2.74258},
{1.1387,2.15625,-2.74259},
{1.13928,2.15625,-2.74259},
{1.13987,2.15625,-2.7426},
{1.14046,2.15625,-2.74261},
{1.14105,2.15625,-2.74261},
{1.14164,2.15625,-2.74262},
{1.14222,2.15625,-2.74262},
{1.14281,2.15625,-2.74263},
{1.1434,2.15626,-2.74264},
{1.14399,2.15626,-2.74264},
{1.14458,2.15626,-2.74265},
{1.14516,2.15626,-2.74266},
{1.14575,2.15626,-2.74266},
{1.14634,2.15626,-2.74267},
{1.14693,2.15626,-2.74268},
{1.14752,2.15626,-2.74268},
{1.1481,2.15626,-2.74269},
{1.14869,2.15626,-2.7427},
{1.14928,2.15626,-2.7427},
{1.14987,2.15626,-2.74271},
{1.15046,2.15626,-2.74272},
{1.15104,2.15626,-2.74272},
{1.15163,2.15626,-2.74273},
{1.15222,2.15626,-2.74274},
{1.15281,2.15626,-2.74274},
{1.1534,2.15626,-2.74275},
{1.15398,2.15626,-2.74275},
{1.15457,2.15626,-2.74276},
{1.15516,2.15626,-2.74277},
{1.15575,2.15626,-2.74277},
{1.15634,2.15627,-2.74278},
{1.15692,2.15627,-2.74279},
{1.15751,2.15627,-2.74279},
{1.1581,2.15627,-2.7428},
{1.15869,2.15627,-2.74281},
{1.15928,2.15627,-2.74281},
{1.15986,2.15627,-2.74282},
{1.16045,2.15627,-2.74283},
{1.16309,2.15627,-2.74285},
{1.16374,2.15627,-2.74286},
{1.16439,2.15627,-2.74287},
{1.16504,2.15627,-2.74287},
{1.16569,2.15627,-2.74288},
{1.16634,2.15627,-2.74288},
{1.16699,2.15627,-2.74289},
{1.16764,2.15627,-2.74289},
{1.16829,2.15627,-2.7429},
{1.16893,2.15627,-2.74291},
{1.16958,2.15627,-2.74291},
{1.17023,2.15627,-2.74292},
{1.17088,2.15627,-2.74292},
{1.17153,2.15627,-2.74293},
{1.17218,2.15627,-2.74293},
{1.17283,2.15627,-2.74294},
{1.17348,2.15627,-2.74294},
{1.17413,2.15627,-2.74295},
{1.17478,2.15627,-2.74296},
{1.17543,2.15628,-2.74296},
{1.17608,2.15628,-2.74297},
{1.17673,2.15628,-2.74297},
{1.17738,2.15628,-2.74298},
{1.17803,2.15628,-2.74298},
{1.17868,2.15628,-2.74299},
{1.17933,2.15628,-2.743},
{1.17998,2.15628,-2.743},
{1.18063,2.15628,-2.74301},
{1.18128,2.15628,-2.74301},
{1.18193,2.15628,-2.74302},
{1.18258,2.15628,-2.74302},
{1.18323,2.15628,-2.74303},
{1.18388,2.15628,-2.74303},
{1.18453,2.15628,-2.74304},
{1.18518,2.15628,-2.74305},
{1.18583,2.15628,-2.74305},
{1.18647,2.15628,-2.74306},
{1.18712,2.15628,-2.74306},
{1.18777,2.15628,-2.74307},
{1.18842,2.15628,-2.74307},
{1.18907,2.15628,-2.74308},
{1.18972,2.15628,-2.74309},
{1.19037,2.15628,-2.74309},
{1.19102,2.15628,-2.7431},
{1.19167,2.15628,-2.7431},
{1.19232,2.15628,-2.74311},
{1.19297,2.15628,-2.74311},
{1.19362,2.15628,-2.74312},
{1.19427,2.15628,-2.74312},
{1.19492,2.15628,-2.74313},
{1.19557,2.15628,-2.74314},
{1.19622,2.15628,-2.74314},
{1.19687,2.15628,-2.74315},
{1.19752,2.15628,-2.74315},
{1.19817,2.15628,-2.74316},
{1.19882,2.15628,-2.74316},
{1.19947,2.15628,-2.74317},
{1.20012,2.15628,-2.74318},
{1.20077,2.15629,-2.74318},
{1.20142,2.15629,-2.74319},
{1.20207,2.15629,-2.74319},
{1.20272,2.15629,-2.7432},
{1.20546,2.15629,-2.74322},
{1.20616,2.15629,-2.74323},
{1.20687,2.15629,-2.74323},
{1.20758,2.15629,-2.74323},
{1.20829,2.15629,-2.74324},
{1.209,2.15629,-2.74324},
{1.20971,2.15629,-2.74325},
{1.21042,2.15629,-2.74325},
{1.21113,2.15629,-2.74326},
{1.21184,2.15629,-2.74326},
{1.21255,2.15629,-2.74327},
{1.21325,2.15629,-2.74327},
{1.21396,2.15629,-2.74328},
{1.21467,2.15629,-2.74328},
{1.21538,2.15629,-2.74329},
{1.21609,2.15629,-2.74329},
{1.2168,2.15629,-2.74329},
{1.21751,2.15629,-2.7433},
{1.21822,2.15629,-2.7433},
{1.21893,2.15629,-2.74331},
{1.21963,2.15629,-2.74331},
{1.22034,2.15629,-2.74332},
{1.22105,2.15629,-2.74332},
{1.22176,2.15629,-2.74333},
{1.22247,2.15629,-2.74333},
{1.22318,2.15629,-2.74334},
{1.22389,2.15629,-2.74334},
{1.2246,2.15629,-2.74335},
{1.22531,2.15629,-2.74335},
{1.22601,2.15629,-2.74335},
{1.22672,2.15629,-2.74336},
{1.22743,2.15629,-2.74336},
{1.22814,2.15629,-2.74337},
{1.22885,2.15629,-2.74337},
{1.22956,2.15629,-2.74338},
{1.23027,2.15629,-2.74338},
{1.23098,2.15629,-2.74339},
{1.23169,2.15629,-2.74339},
{1.23239,2.15629,-2.7434},
{1.2331,2.15629,-2.7434},
{1.23381,2.15629,-2.7434},
{1.23452,2.15629,-2.74341},
{1.23523,2.15629,-2.74341},
{1.23594,2.15629,-2.74342},
{1.23665,2.15629,-2.74342},
{1.23736,2.15629,-2.74343},
{1.23807,2.15629,-2.74343},
{1.23877,2.15629,-2.74344},
{1.23948,2.15629,-2.74344},
{1.24019,2.15629,-2.74345},
{1.2409,2.15629,-2.74345},
{1.24161,2.15629,-2.74346},
{1.24232,2.15629,-2.74346},
{1.24303,2.15629,-2.74346},
{1.24374,2.15629,-2.74347},
{1.24445,2.15629,-2.74347},
{1.24515,2.15629,-2.74348},
{1.24586,2.15629,-2.74348},
{1.24657,2.15629,-2.74349},
{1.24728,2.15629,-2.74349},
{1.24799,2.15629,-2.7435},
{1.2487,2.15629,-2.7435},
{1.24941,2.15629,-2.74351},
{1.25012,2.15629,-2.74351},
{1.25083,2.15629,-2.74351},
{1.25361,2.15629,-2.74353},
{1.25438,2.15629,-2.74354},
{1.25514,2.15629,-2.74354},
{1.25591,2.15629,-2.74354},
{1.25667,2.15629,-2.74355},
{1.25743,2.15629,-2.74355},
{1.2582,2.15629,-2.74355},
{1.25896,2.15629,-2.74356},
{1.25973,2.15629,-2.74356},
{1.26049,2.15629,-2.74356},
{1.26126,2.15629,-2.74357},
{1.26202,2.15629,-2.74357},
{1.26279,2.15629,-2.74358},
{1.26355,2.15629,-2.74358},
{1.26432,2.15629,-2.74358},
{1.26508,2.15629,-2.74359},
{1.26585,2.15629,-2.74359},
{1.26661,2.15629,-2.74359},
{1.26738,2.15629,-2.7436},
{1.26814,2.15629,-2.7436},
{1.26891,2.15629,-2.7436},
{1.26967,2.15629,-2.74361},
{1.27044,2.15629,-2.74361},
{1.2712,2.15629,-2.74361},
{1.27197,2.15629,-2.74362},
{1.27273,2.15629,-2.74362},
{1.2735,2.15629,-2.74363},
{1.27426,2.15629,-2.74363},
{1.27503,2.15629,-2.74363},
{1.27579,2.15629,-2.74364},
{1.27656,2.15629,-2.74364},
{1.27732,2.15629,-2.74364},
{1.27809,2.15629,-2.74365},
{1.27885,2.15629,-2.74365},
{1.27962,2.15629,-2.74365},
{1.28038,2.15629,-2.74366},
{1.28114,2.15629,-2.74366},
{1.28191,2.15629,-2.74366},
{1.28267,2.15629,-2.74367},
{1.28344,2.15629,-2.74367},
{1.2842,2.15629,-2.74368},
{1.28497,2.15629,-2.74368},
{1.28573,2.15629,-2.74368},
{1.2865,2.15629,-2.74369},
{1.28726,2.15629,-2.74369},
{1.28803,2.15629,-2.74369},
{1.28879,2.15629,-2.7437},
{1.28956,2.15629,-2.7437},
{1.29032,2.15629,-2.7437},
{1.29109,2.15629,-2.74371},
{1.29185,2.15629,-2.74371},
{1.29262,2.15629,-2.74371},
{1.29338,2.15629,-2.74372},
{1.29415,2.15629,-2.74372},
{1.29491,2.15629,-2.74373},
{1.29568,2.15629,-2.74373},
{1.29644,2.15629,-2.74373},
{1.29721,2.15629,-2.74374},
{1.29797,2.15629,-2.74374},
{1.29874,2.15629,-2.74374},
{1.2995,2.15629,-2.74375},
{1.30027,2.15629,-2.74375},
{1.30103,2.15629,-2.74375},
{1.3018,2.15629,-2.74376},
{1.30256,2.15629,-2.74376},
{1.30333,2.15629,-2.74376},
{1.30409,2.15629,-2.74377},
{1.30486,2.15629,-2.74377},
{1.30562,2.15628,-2.74378},
{1.30846,2.15628,-2.74379},
{1.30927,2.15628,-2.74379},
{1.31009,2.15628,-2.74379},
{1.31091,2.15628,-2.7438},
{1.31172,2.15628,-2.7438},
{1.31254,2.15628,-2.7438},
{1.31335,2.15628,-2.7438},
{1.31417,2.15628,-2.74381},
{1.31499,2.15628,-2.74381},
{1.3158,2.15628,-2.74381},
{1.31662,2.15628,-2.74381},
{1.31744,2.15628,-2.74382},
{1.31825,2.15628,-2.74382},
{1.31907,2.15628,-2.74382},
{1.31989,2.15628,-2.74382},
{1.3207,2.15628,-2.74383},
{1.32152,2.15628,-2.74383},
{1.32234,2.15628,-2.74383},
{1.32315,2.15628,-2.74383},
{1.32397,2.15628,-2.74384},
{1.32479,2.15628,-2.74384},
{1.3256,2.15628,-2.74384},
{1.32642,2.15628,-2.74384},
{1.32724,2.15628,-2.74385},
{1.32805,2.15628,-2.74385},
{1.32887,2.15628,-2.74385},
{1.32969,2.15628,-2.74385},
{1.3305,2.15628,-2.74386},
{1.33132,2.15628,-2.74386},
{1.33214,2.15628,-2.74386},
{1.33295,2.15628,-2.74386},
{1.33377,2.15628,-2.74387},
{1.33459,2.15628,-2.74387},
{1.3354,2.15628,-2.74387},
{1.33622,2.15628,-2.74387},
{1.33703,2.15628,-2.74388},
{1.33785,2.15628,-2.74388},
{1.33867,2.15627,-2.74388},
{1.33948,2.15627,-2.74388},
{1.3403,2.15627,-2.74389},
{1.34112,2.15627,-2.74389},
{1.34193,2.15627,-2.74389},
{1.34275,2.15627,-2.74389},
{1.34357,2.15627,-2.7439},
{1.34438,2.15627,-2.7439},
{1.3452,2.15627,-2.7439},
{1.34602,2.15627,-2.7439},
{1.34683,2.15627,-2.74391},
{1.34765,2.15627,-2.74391},
{1.34847,2.15627,-2.74391},
{1.34928,2.15627,-2.74391},
{1.3501,2.15627,-2.74392},
{1.35092,2.15627,-2.74392},
{1.35173,2.15627,-2.74392},
{1.35255,2.15627,-2.74393},
{1.35337,2.15627,-2.74393},
{1.35418,2.15627,-2.74393},
{1.355,2.15627,-2.74393},
{1.35582,2.15627,-2.74394},
{1.35663,2.15627,-2.74394},
{1.35745,2.15627,-2.74394},
{1.35826,2.15627,-2.74394},
{1.35908,2.15627,-2.74395},
{1.3599,2.15627,-2.74395},
{1.36071,2.15627,-2.74395},
{1.36153,2.15627,-2.74395},
{1.36235,2.15627,-2.74396},
{1.36316,2.15627,-2.74396},
{1.36398,2.15627,-2.74396},
{1.3648,2.15627,-2.74396},
{1.36754,2.15627,-2.74397},
{1.36841,2.15627,-2.74397},
{1.36927,2.15627,-2.74398},
{1.37013,2.15626,-2.74398},
{1.371,2.15626,-2.74398},
{1.37186,2.15626,-2.74398},
{1.37272,2.15626,-2.74398},
{1.37359,2.15626,-2.74398},
{1.37445,2.15626,-2.74399},
{1.37531,2.15626,-2.74399},
{1.37618,2.15626,-2.74399},
{1.37704,2.15626,-2.74399},
{1.3779,2.15626,-2.74399},
{1.37877,2.15626,-2.74399},
{1.37963,2.15626,-2.744},
{1.38049,2.15626,-2.744},
{1.38136,2.15626,-2.744},
{1.38222,2.15626,-2.744},
{1.38308,2.15626,-2.744},
{1.38395,2.15626,-2.744},
{1.38481,2.15626,-2.74401},
{1.38567,2.15626,-2.74401},
{1.38653,2.15626,-2.74401},
{1.3874,2.15626,-2.74401},
{1.38826,2.15626,-2.74401},
{1.38912,2.15626,-2.74401},
{1.38999,2.15626,-2.74402},
{1.39085,2.15626,-2.74402},
{1.39171,2.15625,-2.74402},
{1.39258,2.15625,-2.74402},
{1.39344,2.15625,-2.74402},
{1.3943,2.15625,-2.74402},
{1.39517,2.15625,-2.74403},
{1.39603,2.15625,-2.74403},
{1.39689,2.15625,-2.74403},
{1.39776,2.15625,-2.74403},
{1.39862,2.15625,-2.74403},
{1.39948,2.15625,-2.74404},
{1.40035,2.15625,-2.74404},
{1.40121,2.15625,-2.74404},
{1.40207,2.15625,-2.74404},
{1.40294,2.15625,-2.74404},
{1.4038,2.15625,-2.74404},
{1.40466,2.15625,-2.74405},
{1.40552,2.15625,-2.74405},
{1.40639,2.15625,-2.74405},
{1.40725,2.15625,-2.74405},
{1.40811,2.15625,-2.74405},
{1.40898,2.15625,-2.74405},
{1.40984,2.15625,-2.74406},
{1.4107,2.15625,-2.74406},
{1.41157,2.15625,-2.74406},
{1.41243,2.15625,-2.74406},
{1.41329,2.15625,-2.74406},
{1.41416,2.15624,-2.74406},
{1.41502,2.15624,-2.74407},
{1.41588,2.15624,-2.74407},
{1.41675,2.15624,-2.74407},
{1.41761,2.15624,-2.74407},
{1.41847,2.15624,-2.74407},
{1.41934,2.15624,-2.74407},
{1.4202,2.15624,-2.74408},
{1.42106,2.15624,-2.74408},
{1.42193,2.15624,-2.74408},
{1.42279,2.15624,-2.74408},
{1.42365,2.15624,-2.74408},
{1.42452,2.15624,-2.74408},
{1.42538,2.15624,-2.74409},
{1.42624,2.15624,-2.74409},
{1.4271,2.15624,-2.74409},
{1.42797,2.15624,-2.74409},
{1.42883,2.15624,-2.74409},
{1.42969,2.15624,-2.74409},
{1.43056,2.15624,-2.7441},
{1.43324,2.15624,-2.7441},
{1.43414,2.15624,-2.7441},
{1.43505,2.15624,-2.7441},
{1.43595,2.15623,-2.7441},
{1.43686,2.15623,-2.7441},
{1.43776,2.15623,-2.74411},
{1.43866,2.15623,-2.74411},
{1.43957,2.15623,-2.74411},
{1.44047,2.15623,-2.74411},
{1.44138,2.15623,-2.74411},
{1.44228,2.15623,-2.74411},
{1.44318,2.15623,-2.74411},
{1.44409,2.15623,-2.74411},
{1.44499,2.15623,-2.74411},
{1.4459,2.15623,-2.74411},
{1.4468,2.15623,-2.74412},
{1.4477,2.15623,-2.74412},
{1.44861,2.15623,-2.74412},
{1.44951,2.15623,-2.74412},
{1.45042,2.15623,-2.74412},
{1.45132,2.15623,-2.74412},
{1.45222,2.15623,-2.74412},
{1.45313,2.15623,-2.74412},
{1.45403,2.15623,-2.74412},
{1.45494,2.15622,-2.74412},
{1.45584,2.15622,-2.74413},
{1.45674,2.15622,-2.74413},
{1.45765,2.15622,-2.74413},
{1.45855,2.15622,-2.74413},
{1.45946,2.15622,-2.74413},
{1.46036,2.15622,-2.74413},
{1.46126,2.15622,-2.74413},
{1.46217,2.15622,-2.74413},
{1.46307,2.15622,-2.74413},
{1.46398,2.15622,-2.74413},
{1.46488,2.15622,-2.74414},
{1.46578,2.15622,-2.74414},
{1.46669,2.15622,-2.74414},
{1.46759,2.15622,-2.74414},
{1.4685,2.15622,-2.74414},
{1.4694,2.15622,-2.74414},
{1.4703,2.15622,-2.74414},
{1.47121,2.15622,-2.74414},
{1.47211,2.15622,-2.74414},
{1.47302,2.15621,-2.74414},
{1.47392,2.15621,-2.74415},
{1.47482,2.15621,-2.74415},
{1.47573,2.15621,-2.74415},
{1.47663,2.15621,-2.74415},
{1.47754,2.15621,-2.74415},
{1.47844,2.15621,-2.74415},
{1.47934,2.15621,-2.74415},
{1.48025,2.15621,-2.74415},
{1.48115,2.15621,-2.74415},
{1.48206,2.15621,-2.74415},
{1.48296,2.15621,-2.74416},
{1.48386,2.15621,-2.74416},
{1.48477,2.15621,-2.74416},
{1.48567,2.15621,-2.74416},
{1.48658,2.15621,-2.74416},
{1.48748,2.15621,-2.74416},
{1.48838,2.15621,-2.74416},
{1.48929,2.15621,-2.74416},
{1.49019,2.15621,-2.74416},
{1.4911,2.15621,-2.74416},
{1.492,2.1562,-2.74417},
{1.4929,2.1562,-2.74417},
{1.49381,2.1562,-2.74417},
{1.49471,2.1562,-2.74417},
{1.49562,2.1562,-2.74417},
{1.49652,2.1562,-2.74417},
{1.49742,2.1562,-2.74417},
{1.49833,2.1562,-2.74417},
{1.49923,2.1562,-2.74417},
{1.50014,2.1562,-2.74417},
{1.50265,2.1562,-2.74418},
{1.50359,2.1562,-2.74418},
{1.50453,2.1562,-2.74418},
{1.50547,2.1562,-2.74418},
{1.50641,2.1562,-2.74418},
{1.50735,2.1562,-2.74418},
{1.50828,2.1562,-2.74418},
{1.50922,2.1562,-2.74418},
{1.51016,2.1562,-2.74418},
{1.5111,2.15619,-2.74418},
{1.51204,2.15619,-2.74418},
{1.51298,2.15619,-2.74418},
{1.51391,2.15619,-2.74418},
{1.51485,2.15619,-2.74418},
{1.51579,2.15619,-2.74418},
{1.51673,2.15619,-2.74418},
{1.51767,2.15619,-2.74419},
{1.51861,2.15619,-2.74419},
{1.51954,2.15619,-2.74419},
{1.52048,2.15619,-2.74419},
{1.52142,2.15619,-2.74419},
{1.52236,2.15619,-2.74419},
{1.5233,2.15619,-2.74419},
{1.52424,2.15619,-2.74419},
{1.52517,2.15619,-2.74419},
{1.52611,2.15619,-2.74419},
{1.52705,2.15619,-2.74419},
{1.52799,2.15619,-2.74419},
{1.52893,2.15618,-2.74419},
{1.52987,2.15618,-2.74419},
{1.5308,2.15618,-2.74419},
{1.53174,2.15618,-2.74419},
{1.53268,2.15618,-2.74419},
{1.53362,2.15618,-2.74419},
{1.53456,2.15618,-2.74419},
{1.5355,2.15618,-2.7442},
{1.53643,2.15618,-2.7442},
{1.53737,2.15618,-2.7442},
{1.53831,2.15618,-2.7442},
{1.53925,2.15618,-2.7442},
{1.54019,2.15618,-2.7442},
{1.54113,2.15618,-2.7442},
{1.54206,2.15618,-2.7442},
{1.543,2.15618,-2.7442},
{1.54394,2.15618,-2.7442},
{1.54488,2.15618,-2.7442},
{1.54582,2.15618,-2.7442},
{1.54676,2.15617,-2.7442},
{1.54769,2.15617,-2.7442},
{1.54863,2.15617,-2.7442},
{1.54957,2.15617,-2.7442},
{1.55051,2.15617,-2.7442},
{1.55145,2.15617,-2.7442},
{1.55239,2.15617,-2.7442},
{1.55332,2.15617,-2.7442},
{1.55426,2.15617,-2.74421},
{1.5552,2.15617,-2.74421},
{1.55614,2.15617,-2.74421},
{1.55708,2.15617,-2.74421},
{1.55802,2.15617,-2.74421},
{1.55895,2.15617,-2.74421},
{1.55989,2.15617,-2.74421},
{1.56083,2.15617,-2.74421},
{1.56177,2.15617,-2.74421},
{1.56271,2.15617,-2.74421},
{1.56365,2.15617,-2.74421},
{1.56458,2.15616,-2.74421},
{1.56552,2.15616,-2.74421},
{1.56646,2.15616,-2.74421},
{1.5674,2.15616,-2.74421},
{1.56834,2.15616,-2.74421},
{1.56928,2.15616,-2.74421},
{1.57021,2.15616,-2.74421},
{1.57115,2.15616,-2.74421},
{1.57209,2.15616,-2.74421},
{1.57303,2.15616,-2.74422},
{1.57397,2.15616,-2.74422},
{1.57628,2.15616,-2.74422},
{1.57725,2.15616,-2.74422},
{1.57822,2.15616,-2.74422},
{1.57918,2.15616,-2.74422},
{1.58015,2.15616,-2.74422},
{1.58111,2.15616,-2.74422},
{1.58208,2.15615,-2.74422},
{1.58304,2.15615,-2.74422},
{1.58401,2.15615,-2.74422},
{1.58498,2.15615,-2.74422},
{1.58594,2.15615,-2.74422},
{1.58691,2.15615,-2.74422},
{1.58787,2.15615,-2.74422},
{1.58884,2.15615,-2.74422},
{1.5898,2.15615,-2.74422},
{1.59077,2.15615,-2.74422},
{1.59174,2.15615,-2.74422},
{1.5927,2.15615,-2.74422},
{1.59367,2.15615,-2.74422},
{1.59463,2.15615,-2.74422},
{1.5956,2.15615,-2.74422},
{1.59656,2.15615,-2.74422},
{1.59753,2.15615,-2.74422},
{1.59849,2.15615,-2.74422},
{1.59946,2.15614,-2.74422},
{1.60043,2.15614,-2.74422},
{1.60139,2.15614,-2.74422},
{1.60236,2.15614,-2.74422},
{1.60332,2.15614,-2.74422},
{1.60429,2.15614,-2.74422},
{1.60525,2.15614,-2.74422},
{1.60622,2.15614,-2.74422},
{1.60719,2.15614,-2.74422},
{1.60815,2.15614,-2.74422},
{1.60912,2.15614,-2.74422},
{1.61008,2.15614,-2.74422},
{1.61105,2.15614,-2.74422},
{1.61201,2.15614,-2.74422},
{1.61298,2.15614,-2.74422},
{1.61394,2.15614,-2.74422},
{1.61491,2.15614,-2.74422},
{1.61588,2.15614,-2.74422},
{1.61684,2.15613,-2.74422},
{1.61781,2.15613,-2.74423},
{1.61877,2.15613,-2.74423},
{1.61974,2.15613,-2.74423},
{1.6207,2.15613,-2.74423},
{1.62167,2.15613,-2.74423},
{1.62264,2.15613,-2.74423},
{1.6236,2.15613,-2.74423},
{1.62457,2.15613,-2.74423},
{1.62553,2.15613,-2.74423},
{1.6265,2.15613,-2.74423},
{1.62746,2.15613,-2.74423},
{1.62843,2.15613,-2.74423},
{1.62939,2.15613,-2.74423},
{1.63036,2.15613,-2.74423},
{1.63133,2.15613,-2.74423},
{1.63229,2.15613,-2.74423},
{1.63326,2.15613,-2.74423},
{1.63422,2.15613,-2.74423},
{1.63519,2.15612,-2.74423},
{1.63615,2.15612,-2.74423},
{1.63712,2.15612,-2.74423},
{1.63809,2.15612,-2.74423},
{1.63905,2.15612,-2.74423},
{1.64002,2.15612,-2.74423},
{1.64098,2.15612,-2.74423},
{1.64195,2.15612,-2.74423},
{1.64291,2.15612,-2.74423},
{1.64388,2.15612,-2.74423},
{1.64485,2.15612,-2.74423},
{1.64581,2.15612,-2.74423},
{1.64678,2.15612,-2.74423},
{1.64774,2.15612,-2.74423},
{1.64871,2.15612,-2.74423},
{1.64967,2.15612,-2.74423},
{1.65064,2.15612,-2.74423},
{1.6527,2.15611,-2.74423},
{1.65369,2.15611,-2.74423},
{1.65467,2.15611,-2.74423},
{1.65566,2.15611,-2.74423},
{1.65664,2.15611,-2.74423},
{1.65763,2.15611,-2.74423},
{1.65862,2.15611,-2.74423},
{1.6596,2.15611,-2.74423},
{1.66059,2.15611,-2.74423},
{1.66157,2.15611,-2.74423},
{1.66256,2.15611,-2.74423},
{1.66354,2.15611,-2.74423},
{1.66453,2.15611,-2.74423},
{1.66551,2.15611,-2.74423},
{1.6665,2.15611,-2.74423},
{1.66748,2.15611,-2.74423},
{1.66847,2.15611,-2.74423},
{1.66946,2.15611,-2.74423},
{1.67044,2.1561,-2.74423},
{1.67143,2.1561,-2.74423},
{1.67241,2.1561,-2.74423},
{1.6734,2.1561,-2.74423},
{1.67438,2.1561,-2.74423},
{1.67537,2.1561,-2.74423},
{1.67635,2.1561,-2.74423},
{1.67734,2.1561,-2.74423},
{1.67832,2.1561,-2.74423},
{1.67931,2.1561,-2.74423},
{1.6803,2.1561,-2.74423},
{1.68128,2.1561,-2.74423},
{1.68227,2.1561,-2.74423},
{1.68325,2.1561,-2.74423},
{1.68424,2.1561,-2.74423},
{1.68522,2.1561,-2.74423},
{1.68621,2.1561,-2.74423},
{1.68719,2.1561,-2.74423},
{1.68818,2.15609,-2.74423},
{1.68916,2.15609,-2.74423},
{1.69015,2.15609,-2.74423},
{1.69114,2.15609,-2.74423},
{1.69212,2.15609,-2.74423},
{1.69311,2.15609,-2.74423},
{1.69409,2.15609,-2.74423},
{1.69508,2.15609,-2.74423},
{1.69606,2.15609,-2.74423},
{1.69705,2.15609,-2.74423},
{1.69803,2.15609,-2.74423},
{1.69902,2.15609,-2.74423},
{1.7,2.15609,-2.74423},
{1.70099,2.15609,-2.74423},
{1.70198,2.15609,-2.74423},
{1.70296,2.15609,-2.74423},
{1.70395,2.15609,-2.74423},
{1.70493,2.15609,-2.74423},
{1.70592,2.15609,-2.74423},
{1.7069,2.15608,-2.74423},
{1.70789,2.15608,-2.74423},
{1.70887,2.15608,-2.74423},
{1.70986,2.15608,-2.74423},
{1.71084,2.15608,-2.74423},
{1.71183,2.15608,-2.74423},
{1.71282,2.15608,-2.74423},
{1.7138,2.15608,-2.74423},
{1.71479,2.15608,-2.74423},
{1.71577,2.15608,-2.74423},
{1.71676,2.15608,-2.74423},
{1.71774,2.15608,-2.74423},
{1.71873,2.15608,-2.74423},
{1.71971,2.15608,-2.74423},
{1.7207,2.15608,-2.74423},
{1.72168,2.15608,-2.74423},
{1.72267,2.15608,-2.74423},
{1.72366,2.15608,-2.74423},
{1.72464,2.15607,-2.74423},
{1.72563,2.15607,-2.74423},
{1.72661,2.15607,-2.74423},
{1.7276,2.15607,-2.74423},
{1.72858,2.15607,-2.74423},
{1.72957,2.15607,-2.74423},
{1.73055,2.15607,-2.74423},
{1.73235,2.15607,-2.74423},
{1.73335,2.15607,-2.74423},
{1.73434,2.15607,-2.74423},
{1.73534,2.15607,-2.74423},
{1.73634,2.15607,-2.74423},
{1.73734,2.15607,-2.74423},
{1.73833,2.15607,-2.74423},
{1.73933,2.15607,-2.74423},
{1.74033,2.15607,-2.74423},
{1.74132,2.15607,-2.74423},
{1.74232,2.15606,-2.74423},
{1.74332,2.15606,-2.74423},
{1.74432,2.15606,-2.74423},
{1.74531,2.15606,-2.74423},
{1.74631,2.15606,-2.74423},
{1.74731,2.15606,-2.74423},
{1.74831,2.15606,-2.74423},
{1.7493,2.15606,-2.74423},
{1.7503,2.15606,-2.74423},
{1.7513,2.15606,-2.74423},
{1.7523,2.15606,-2.74423},
{1.75329,2.15606,-2.74423},
{1.75429,2.15606,-2.74423},
{1.75529,2.15606,-2.74423},
{1.75629,2.15606,-2.74423},
{1.75728,2.15606,-2.74423},
{1.75828,2.15606,-2.74423},
{1.75928,2.15606,-2.74423},
{1.76028,2.15606,-2.74423},
{1.76127,2.15605,-2.74423},
{1.76227,2.15605,-2.74423},
{1.76327,2.15605,-2.74423},
{1.76427,2.15605,-2.74423},
{1.76526,2.15605,-2.74423},
{1.76626,2.15605,-2.74423},
{1.76726,2.15605,-2.74423},
{1.76826,2.15605,-2.74423},
{1.76925,2.15605,-2.74423},
{1.77025,2.15605,-2.74423},
{1.77125,2.15605,-2.74423},
{1.77225,2.15605,-2.74423},
{1.77324,2.15605,-2.74423},
{1.77424,2.15605,-2.74423},
{1.77524,2.15605,-2.74423},
{1.77624,2.15605,-2.74423},
{1.77723,2.15605,-2.74423},
{1.77823,2.15605,-2.74423},
{1.77923,2.15604,-2.74423},
{1.78023,2.15604,-2.74423},
{1.78122,2.15604,-2.74423},
{1.78222,2.15604,-2.74423},
{1.78322,2.15604,-2.74423},
{1.78422,2.15604,-2.74423},
{1.78521,2.15604,-2.74423},
{1.78621,2.15604,-2.74423},
{1.78721,2.15604,-2.74423},
{1.78821,2.15604,-2.74423},
{1.7892,2.15604,-2.74423},
{1.7902,2.15604,-2.74423},
{1.7912,2.15604,-2.74423},
{1.7922,2.15604,-2.74423},
{1.79319,2.15604,-2.74423},
{1.79419,2.15604,-2.74423},
{1.79519,2.15604,-2.74423},
{1.79619,2.15604,-2.74423},
{1.79718,2.15604,-2.74423},
{1.79818,2.15603,-2.74423},
{1.79918,2.15603,-2.74423},
{1.80018,2.15603,-2.74423},
{1.80117,2.15603,-2.74423},
{1.80217,2.15603,-2.74423},
{1.80317,2.15603,-2.74423},
{1.80417,2.15603,-2.74423},
{1.80516,2.15603,-2.74423},
{1.80616,2.15603,-2.74423},
{1.80716,2.15603,-2.74423},
{1.80816,2.15603,-2.74423},
{1.80915,2.15603,-2.74423},
{1.81015,2.15603,-2.74423},
{1.81115,2.15603,-2.74423},
{1.81263,2.15603,-2.74423},
{1.81364,2.15603,-2.74423},
{1.81464,2.15603,-2.74423},
{1.81564,2.15603,-2.74423},
{1.81664,2.15602,-2.74423},
{1.81764,2.15602,-2.74423},
{1.81864,2.15602,-2.74423},
{1.81964,2.15602,-2.74423},
{1.82065,2.15602,-2.74423},
{1.82165,2.15602,-2.74423},
{1.82265,2.15602,-2.74423},
{1.82365,2.15602,-2.74423},
{1.82465,2.15602,-2.74423},
{1.82565,2.15602,-2.74423},
{1.82666,2.15602,-2.74423},
{1.82766,2.15602,-2.74423},
{1.82866,2.15602,-2.74423},
{1.82966,2.15602,-2.74423},
{1.83066,2.15602,-2.74423},
{1.83166,2.15602,-2.74423},
{1.83266,2.15602,-2.74423},
{1.83367,2.15601,-2.74423},
{1.83467,2.15601,-2.74423},
{1.83567,2.15601,-2.74423},
{1.83667,2.15601,-2.74423},
{1.83767,2.15601,-2.74423},
{1.83867,2.15601,-2.74423},
{1.83967,2.15601,-2.74423},
{1.84068,2.15601,-2.74423},
{1.84168,2.15601,-2.74423},
{1.84268,2.15601,-2.74423},
{1.84368,2.15601,-2.74423},
{1.84468,2.15601,-2.74423},
{1.84568,2.15601,-2.74423},
{1.84668,2.15601,-2.74423},
{1.84769,2.15601,-2.74423},
{1.84869,2.15601,-2.74423},
{1.84969,2.15601,-2.74423},
{1.85069,2.15601,-2.74423},
{1.85169,2.156,-2.74423},
{1.85269,2.156,-2.74423},
{1.8537,2.156,-2.74423},
{1.8547,2.156,-2.74423},
{1.8557,2.156,-2.74423},
{1.8567,2.156,-2.74423},
{1.8577,2.156,-2.74423},
{1.8587,2.156,-2.74423},
{1.8597,2.156,-2.74423},
{1.86071,2.156,-2.74423},
{1.86171,2.156,-2.74423},
{1.86271,2.156,-2.74423},
{1.86371,2.156,-2.74423},
{1.86471,2.156,-2.74423},
{1.86571,2.156,-2.74423},
{1.86671,2.156,-2.74423},
{1.86772,2.156,-2.74423},
{1.86872,2.15599,-2.74423},
{1.86972,2.15599,-2.74423},
{1.87072,2.15599,-2.74423},
{1.87172,2.15599,-2.74423},
{1.87272,2.15599,-2.74423},
{1.87373,2.15599,-2.74423},
{1.87473,2.15599,-2.74423},
{1.87573,2.15599,-2.74423},
{1.87673,2.15599,-2.74423},
{1.87773,2.15599,-2.74423},
{1.87873,2.15599,-2.74423},
{1.87973,2.15599,-2.74423},
{1.88074,2.15599,-2.74423},
{1.88174,2.15599,-2.74423},
{1.88274,2.15599,-2.74423},
{1.88374,2.15599,-2.74423},
{1.88474,2.15599,-2.74423},
{1.88574,2.15599,-2.74423},
{1.88674,2.15598,-2.74423},
{1.88775,2.15598,-2.74423},
{1.88875,2.15598,-2.74423},
{1.88975,2.15598,-2.74423},
{1.89075,2.15598,-2.74423},
{1.89175,2.15598,-2.74423},
{1.89275,2.15598,-2.74423},
{1.89392,2.15598,-2.74423},
{1.89491,2.15598,-2.74423},
{1.89591,2.15598,-2.74423},
{1.89691,2.15598,-2.74423},
{1.89791,2.15598,-2.74423},
{1.8989,2.15598,-2.74423},
{1.8999,2.15598,-2.74423},
{1.9009,2.15598,-2.74423},
{1.9019,2.15598,-2.74423},
{1.90289,2.15598,-2.74423},
{1.90389,2.15597,-2.74423},
{1.90489,2.15597,-2.74423},
{1.90589,2.15597,-2.74423},
{1.90688,2.15597,-2.74423},
{1.90788,2.15597,-2.74423},
{1.90888,2.15597,-2.74423},
{1.90988,2.15597,-2.74423},
{1.91087,2.15597,-2.74423},
{1.91187,2.15597,-2.74423},
{1.91287,2.15597,-2.74423},
{1.91387,2.15597,-2.74423},
{1.91486,2.15597,-2.74423},
{1.91586,2.15597,-2.74423},
{1.91686,2.15597,-2.74423},
{1.91786,2.15597,-2.74423},
{1.91885,2.15597,-2.74423},
{1.91985,2.15597,-2.74423},
{1.92085,2.15596,-2.74423},
{1.92185,2.15596,-2.74423},
{1.92284,2.15596,-2.74423},
{1.92384,2.15596,-2.74423},
{1.92484,2.15596,-2.74423},
{1.92584,2.15596,-2.74423},
{1.92683,2.15596,-2.74423},
{1.92783,2.15596,-2.74423},
{1.92883,2.15596,-2.74423},
{1.92982,2.15596,-2.74423},
{1.93082,2.15596,-2.74423},
{1.93182,2.15596,-2.74423},
{1.93282,2.15596,-2.74423},
{1.93381,2.15596,-2.74423},
{1.93481,2.15596,-2.74423},
{1.93581,2.15596,-2.74423},
{1.93681,2.15596,-2.74423},
{1.9378,2.15595,-2.74423},
{1.9388,2.15595,-2.74423},
{1.9398,2.15595,-2.74423},
{1.9408,2.15595,-2.74423},
{1.94179,2.15595,-2.74423},
{1.94279,2.15595,-2.74423},
{1.94379,2.15595,-2.74423},
{1.94479,2.15595,-2.74423},
{1.94578,2.15595,-2.74423},
{1.94678,2.15595,-2.74423},
{1.94778,2.15595,-2.74423},
{1.94878,2.15595,-2.74423},
{1.94977,2.15595,-2.74423},
{1.95077,2.15595,-2.74423},
{1.95177,2.15595,-2.74423},
{1.95277,2.15595,-2.74423},
{1.95376,2.15594,-2.74423},
{1.95476,2.15594,-2.74423},
{1.95576,2.15594,-2.74423},
{1.95676,2.15594,-2.74423},
{1.95775,2.15594,-2.74423},
{1.95875,2.15594,-2.74423},
{1.95975,2.15594,-2.74423},
{1.96075,2.15594,-2.74423},
{1.96174,2.15594,-2.74423},
{1.96274,2.15594,-2.74423},
{1.96374,2.15594,-2.74423},
{1.96474,2.15594,-2.74423},
{1.96573,2.15594,-2.74423},
{1.96673,2.15594,-2.74423},
{1.96773,2.15594,-2.74423},
{1.96873,2.15594,-2.74423},
{1.96972,2.15594,-2.74423},
{1.97072,2.15593,-2.74423},
{1.97172,2.15593,-2.74423},
{1.97272,2.15593,-2.74423},
{1.97371,2.15593,-2.74423},
{1.97454,2.15593,-2.74423},
{1.97553,2.15593,-2.74423},
{1.97651,2.15593,-2.74423},
{1.9775,2.15593,-2.74423},
{1.97849,2.15593,-2.74423},
{1.97947,2.15593,-2.74423},
{1.98046,2.15593,-2.74423},
{1.98144,2.15593,-2.74423},
{1.98243,2.15593,-2.74423},
{1.98341,2.15593,-2.74423},
{1.9844,2.15593,-2.74423},
{1.98538,2.15593,-2.74423},
{1.98637,2.15593,-2.74423},
{1.98735,2.15592,-2.74423},
{1.98834,2.15592,-2.74423},
{1.98933,2.15592,-2.74423},
{1.99031,2.15592,-2.74423},
{1.9913,2.15592,-2.74423},
{1.99228,2.15592,-2.74423},
{1.99327,2.15592,-2.74423},
{1.99425,2.15592,-2.74423},
{1.99524,2.15592,-2.74423},
{1.99622,2.15592,-2.74423},
{1.99721,2.15592,-2.74423},
{1.99819,2.15592,-2.74423},
{1.99918,2.15592,-2.74423},
{2.00017,2.15592,-2.74423},
{2.00115,2.15592,-2.74423},
{2.00214,2.15592,-2.74423},
{2.00312,2.15592,-2.74423},
{2.00411,2.15591,-2.74423},
{2.00509,2.15591,-2.74423},
{2.00608,2.15591,-2.74423},
{2.00706,2.15591,-2.74423},
{2.00805,2.15591,-2.74423},
{2.00903,2.15591,-2.74423},
{2.01002,2.15591,-2.74423},
{2.011,2.15591,-2.74423},
{2.01199,2.15591,-2.74423},
{2.01298,2.15591,-2.74423},
{2.01396,2.15591,-2.74423},
{2.01495,2.15591,-2.74423},
{2.01593,2.15591,-2.74423},
{2.01692,2.15591,-2.74423},
{2.0179,2.15591,-2.74423},
{2.01889,2.15591,-2.74423},
{2.01987,2.15591,-2.74423},
{2.02086,2.1559,-2.74423},
{2.02184,2.1559,-2.74423},
{2.02283,2.1559,-2.74423},
{2.02382,2.1559,-2.74423},
{2.0248,2.1559,-2.74423},
{2.02579,2.1559,-2.74423},
{2.02677,2.1559,-2.74423},
{2.02776,2.1559,-2.74423},
{2.02874,2.1559,-2.74423},
{2.02973,2.1559,-2.74423},
{2.03071,2.1559,-2.74423},
{2.0317,2.1559,-2.74423},
{2.03268,2.1559,-2.74423},
{2.03367,2.1559,-2.74423},
{2.03466,2.1559,-2.74423},
{2.03564,2.1559,-2.74423},
{2.03663,2.1559,-2.74423},
{2.03761,2.15589,-2.74423},
{2.0386,2.15589,-2.74423},
{2.03958,2.15589,-2.74423},
{2.04057,2.15589,-2.74423},
{2.04155,2.15589,-2.74423},
{2.04254,2.15589,-2.74423},
{2.04352,2.15589,-2.74423},
{2.04451,2.15589,-2.74423},
{2.04549,2.15589,-2.74423},
{2.04648,2.15589,-2.74423},
{2.04747,2.15589,-2.74423},
{2.04845,2.15589,-2.74423},
{2.04944,2.15589,-2.74423},
{2.05042,2.15589,-2.74423},
{2.05141,2.15589,-2.74423},
{2.05239,2.15589,-2.74423},
{2.05338,2.15589,-2.74423},
{2.05387,2.15588,-2.74423},
{2.05484,2.15588,-2.74423},
{2.05581,2.15588,-2.74423},
{2.05677,2.15588,-2.74423},
{2.05774,2.15588,-2.74423},
{2.0587,2.15588,-2.74423},
{2.05967,2.15588,-2.74423},
{2.06063,2.15588,-2.74422},
{2.0616,2.15588,-2.74422},
{2.06257,2.15588,-2.74422},
{2.06353,2.15588,-2.74422},
{2.0645,2.15588,-2.74422},
{2.06546,2.15588,-2.74422},
{2.06643,2.15588,-2.74422},
{2.06739,2.15588,-2.74422},
{2.06836,2.15588,-2.74422},
{2.06932,2.15588,-2.74422},
{2.07029,2.15588,-2.74422},
{2.07126,2.15587,-2.74422},
{2.07222,2.15587,-2.74422},
{2.07319,2.15587,-2.74422},
{2.07415,2.15587,-2.74422},
{2.07512,2.15587,-2.74422},
{2.07608,2.15587,-2.74422},
{2.07705,2.15587,-2.74422},
{2.07802,2.15587,-2.74422},
{2.07898,2.15587,-2.74422},
{2.07995,2.15587,-2.74422},
{2.08091,2.15587,-2.74422},
{2.08188,2.15587,-2.74422},
{2.08284,2.15587,-2.74422},
{2.08381,2.15587,-2.74422},
{2.08477,2.15587,-2.74422},
{2.08574,2.15587,-2.74422},
{2.08671,2.15587,-2.74422},
{2.08767,2.15586,-2.74422},
{2.08864,2.15586,-2.74422},
{2.0896,2.15586,-2.74422},
{2.09057,2.15586,-2.74422},
{2.09153,2.15586,-2.74422},
{2.0925,2.15586,-2.74422},
{2.09347,2.15586,-2.74422},
{2.09443,2.15586,-2.74422},
{2.0954,2.15586,-2.74422},
{2.09636,2.15586,-2.74421},
{2.09733,2.15586,-2.74421},
{2.09829,2.15586,-2.74421},
{2.09926,2.15586,-2.74421},
{2.10022,2.15586,-2.74421},
{2.10119,2.15586,-2.74421},
{2.10216,2.15586,-2.74421},
{2.10312,2.15586,-2.74421},
{2.10409,2.15586,-2.74421},
{2.10505,2.15585,-2.74421},
{2.10602,2.15585,-2.74421},
{2.10698,2.15585,-2.74421},
{2.10795,2.15585,-2.74421},
{2.10892,2.15585,-2.74421},
{2.10988,2.15585,-2.74421},
{2.11085,2.15585,-2.74421},
{2.11181,2.15585,-2.74421},
{2.11278,2.15585,-2.74421},
{2.11374,2.15585,-2.74421},
{2.11471,2.15585,-2.74421},
{2.11567,2.15585,-2.74421},
{2.11664,2.15585,-2.74421},
{2.11761,2.15585,-2.74421},
{2.11857,2.15585,-2.74421},
{2.11954,2.15585,-2.74421},
{2.1205,2.15585,-2.74421},
{2.12147,2.15584,-2.74421},
{2.12243,2.15584,-2.74421},
{2.1234,2.15584,-2.74421},
{2.12437,2.15584,-2.74421},
{2.12533,2.15584,-2.74421},
{2.1263,2.15584,-2.74421},
{2.12726,2.15584,-2.74421},
{2.12823,2.15584,-2.74421},
{2.12919,2.15584,-2.74421},
{2.13016,2.15584,-2.74421},
{2.13112,2.15584,-2.74421},
{2.13128,2.15584,-2.7442},
{2.13222,2.15584,-2.7442},
{2.13316,2.15584,-2.7442},
{2.13409,2.15584,-2.7442},
{2.13503,2.15584,-2.7442},
{2.13597,2.15584,-2.7442},
{2.13691,2.15584,-2.7442},
{2.13785,2.15584,-2.7442},
{2.13879,2.15583,-2.7442},
{2.13972,2.15583,-2.7442},
{2.14066,2.15583,-2.7442},
{2.1416,2.15583,-2.7442},
{2.14254,2.15583,-2.7442},
{2.14348,2.15583,-2.7442},
{2.14442,2.15583,-2.7442},
{2.14535,2.15583,-2.7442},
{2.14629,2.15583,-2.74419},
{2.14723,2.15583,-2.74419},
{2.14817,2.15583,-2.74419},
{2.14911,2.15583,-2.74419},
{2.15005,2.15583,-2.74419},
{2.15098,2.15583,-2.74419},
{2.15192,2.15583,-2.74419},
{2.15286,2.15583,-2.74419},
{2.1538,2.15583,-2.74419},
{2.15474,2.15583,-2.74419},
{2.15568,2.15583,-2.74419},
{2.15661,2.15582,-2.74419},
{2.15755,2.15582,-2.74419},
{2.15849,2.15582,-2.74419},
{2.15943,2.15582,-2.74419},
{2.16037,2.15582,-2.74419},
{2.16131,2.15582,-2.74418},
{2.16224,2.15582,-2.74418},
{2.16318,2.15582,-2.74418},
{2.16412,2.15582,-2.74418},
{2.16506,2.15582,-2.74418},
{2.166,2.15582,-2.74418},
{2.16694,2.15582,-2.74418},
{2.16787,2.15582,-2.74418},
{2.16881,2.15582,-2.74418},
{2.16975,2.15582,-2.74418},
{2.17069,2.15582,-2.74418},
{2.17163,2.15582,-2.74418},
{2.17257,2.15582,-2.74418},
{2.1735,2.15582,-2.74418},
{2.17444,2.15581,-2.74418},
{2.17538,2.15581,-2.74418},
{2.17632,2.15581,-2.74417},
{2.17726,2.15581,-2.74417},
{2.1782,2.15581,-2.74417},
{2.17913,2.15581,-2.74417},
{2.18007,2.15581,-2.74417},
{2.18101,2.15581,-2.74417},
{2.18195,2.15581,-2.74417},
{2.18289,2.15581,-2.74417},
{2.18383,2.15581,-2.74417},
{2.18476,2.15581,-2.74417},
{2.1857,2.15581,-2.74417},
{2.18664,2.15581,-2.74417},
{2.18758,2.15581,-2.74417},
{2.18852,2.15581,-2.74417},
{2.18946,2.15581,-2.74417},
{2.19039,2.15581,-2.74417},
{2.19133,2.15581,-2.74417},
{2.19227,2.1558,-2.74416},
{2.19321,2.1558,-2.74416},
{2.19415,2.1558,-2.74416},
{2.19509,2.1558,-2.74416},
{2.19602,2.1558,-2.74416},
{2.19696,2.1558,-2.74416},
{2.1979,2.1558,-2.74416},
{2.19884,2.1558,-2.74416},
{2.19978,2.1558,-2.74416},
{2.20072,2.1558,-2.74416},
{2.20165,2.1558,-2.74416},
{2.20259,2.1558,-2.74416},
{2.20353,2.1558,-2.74416},
{2.20447,2.1558,-2.74416},
{2.20433,2.1558,-2.74416},
{2.20524,2.1558,-2.74416},
{2.20614,2.1558,-2.74415},
{2.20704,2.1558,-2.74415},
{2.20795,2.1558,-2.74415},
{2.20885,2.1558,-2.74415},
{2.20976,2.15579,-2.74415},
{2.21066,2.15579,-2.74415},
{2.21156,2.15579,-2.74415},
{2.21247,2.15579,-2.74415},
{2.21337,2.15579,-2.74414},
{2.21428,2.15579,-2.74414},
{2.21518,2.15579,-2.74414},
{2.21608,2.15579,-2.74414},
{2.21699,2.15579,-2.74414},
{2.21789,2.15579,-2.74414},
{2.2188,2.15579,-2.74414},
{2.2197,2.15579,-2.74414},
{2.2206,2.15579,-2.74414},
{2.22151,2.15579,-2.74413},
{2.22241,2.15579,-2.74413},
{2.22332,2.15579,-2.74413},
{2.22422,2.15579,-2.74413},
{2.22512,2.15579,-2.74413},
{2.22603,2.15579,-2.74413},
{2.22693,2.15579,-2.74413},
{2.22784,2.15579,-2.74413},
{2.22874,2.15579,-2.74413},
{2.22964,2.15578,-2.74412},
{2.23055,2.15578,-2.74412},
{2.23145,2.15578,-2.74412},
{2.23236,2.15578,-2.74412},
{2.23326,2.15578,-2.74412},
{2.23416,2.15578,-2.74412},
{2.23507,2.15578,-2.74412},
{2.23597,2.15578,-2.74412},
{2.23688,2.15578,-2.74412},
{2.23778,2.15578,-2.74411},
{2.23868,2.15578,-2.74411},
{2.23959,2.15578,-2.74411},
{2.24049,2.15578,-2.74411},
{2.2414,2.15578,-2.74411},
{2.2423,2.15578,-2.74411},
{2.24321,2.15578,-2.74411},
{2.24411,2.15578,-2.74411},
{2.24501,2.15578,-2.74411},
{2.24592,2.15578,-2.7441},
{2.24682,2.15578,-2.7441},
{2.24773,2.15578,-2.7441},
{2.24863,2.15577,-2.7441},
{2.24953,2.15577,-2.7441},
{2.25044,2.15577,-2.7441},
{2.25134,2.15577,-2.7441},
{2.25225,2.15577,-2.7441},
{2.25315,2.15577,-2.74409},
{2.25405,2.15577,-2.74409},
{2.25496,2.15577,-2.74409},
{2.25586,2.15577,-2.74409},
{2.25677,2.15577,-2.74409},
{2.25767,2.15577,-2.74409},
{2.25857,2.15577,-2.74409},
{2.25948,2.15577,-2.74409},
{2.26038,2.15577,-2.74409},
{2.26129,2.15577,-2.74408},
{2.26219,2.15577,-2.74408},
{2.26309,2.15577,-2.74408},
{2.264,2.15577,-2.74408},
{2.2649,2.15577,-2.74408},
{2.26581,2.15577,-2.74408},
{2.26671,2.15577,-2.74408},
{2.26761,2.15577,-2.74408},
{2.26852,2.15576,-2.74408},
{2.26942,2.15576,-2.74407},
{2.27033,2.15576,-2.74407},
{2.27123,2.15576,-2.74407},
{2.27213,2.15576,-2.74407},
{2.27304,2.15576,-2.74407},
{2.27394,2.15576,-2.74407},
{2.27485,2.15576,-2.74407},
{2.2744,2.15576,-2.74407},
{2.27527,2.15576,-2.74407},
{2.27613,2.15576,-2.74406},
{2.27699,2.15576,-2.74406},
{2.27786,2.15576,-2.74406},
{2.27872,2.15576,-2.74406},
{2.27958,2.15576,-2.74406},
{2.28044,2.15576,-2.74405},
{2.28131,2.15576,-2.74405},
{2.28217,2.15576,-2.74405},
{2.28303,2.15576,-2.74405},
{2.2839,2.15576,-2.74405},
{2.28476,2.15576,-2.74405},
{2.28562,2.15576,-2.74404},
{2.28649,2.15576,-2.74404},
{2.28735,2.15576,-2.74404},
{2.28821,2.15576,-2.74404},
{2.28908,2.15576,-2.74404},
{2.28994,2.15575,-2.74403},
{2.2908,2.15575,-2.74403},
{2.29167,2.15575,-2.74403},
{2.29253,2.15575,-2.74403},
{2.29339,2.15575,-2.74403},
{2.29426,2.15575,-2.74402},
{2.29512,2.15575,-2.74402},
{2.29598,2.15575,-2.74402},
{2.29685,2.15575,-2.74402},
{2.29771,2.15575,-2.74402},
{2.29857,2.15575,-2.74402},
{2.29944,2.15575,-2.74401},
{2.3003,2.15575,-2.74401},
{2.30116,2.15575,-2.74401},
{2.30202,2.15575,-2.74401},
{2.30289,2.15575,-2.74401},
{2.30375,2.15575,-2.744},
{2.30461,2.15575,-2.744},
{2.30548,2.15575,-2.744},
{2.30634,2.15575,-2.744},
{2.3072,2.15575,-2.744},
{2.30807,2.15575,-2.74399},
{2.30893,2.15575,-2.74399},
{2.30979,2.15575,-2.74399},
{2.31066,2.15575,-2.74399},
{2.31152,2.15575,-2.74399},
{2.31238,2.15575,-2.74399},
{2.31325,2.15575,-2.74398},
{2.31411,2.15574,-2.74398},
{2.31497,2.15574,-2.74398},
{2.31584,2.15574,-2.74398},
{2.3167,2.15574,-2.74398},
{2.31756,2.15574,-2.74397},
{2.31843,2.15574,-2.74397},
{2.31929,2.15574,-2.74397},
{2.32015,2.15574,-2.74397},
{2.32101,2.15574,-2.74397},
{2.32188,2.15574,-2.74396},
{2.32274,2.15574,-2.74396},
{2.3236,2.15574,-2.74396},
{2.32447,2.15574,-2.74396},
{2.32533,2.15574,-2.74396},
{2.32619,2.15574,-2.74396},
{2.32706,2.15574,-2.74395},
{2.32792,2.15574,-2.74395},
{2.32878,2.15574,-2.74395},
{2.32965,2.15574,-2.74395},
{2.33051,2.15574,-2.74395},
{2.33137,2.15574,-2.74394},
{2.33224,2.15574,-2.74394},
{2.3331,2.15574,-2.74394},
{2.33396,2.15574,-2.74394},
{2.33483,2.15574,-2.74394},
{2.33569,2.15574,-2.74394},
{2.33655,2.15574,-2.74393},
{2.33742,2.15573,-2.74393},
{2.33828,2.15573,-2.74393},
{2.33914,2.15573,-2.74393},
{2.34,2.15573,-2.74393},
{2.33931,2.15573,-2.74393},
{2.34012,2.15573,-2.74392},
{2.34094,2.15573,-2.74392},
{2.34176,2.15573,-2.74392},
{2.34257,2.15573,-2.74392},
{2.34339,2.15573,-2.74391},
{2.34421,2.15573,-2.74391},
{2.34502,2.15573,-2.74391},
{2.34584,2.15573,-2.7439},
{2.34666,2.15573,-2.7439},
{2.34747,2.15573,-2.7439},
{2.34829,2.15573,-2.7439},
{2.34911,2.15573,-2.74389},
{2.34992,2.15573,-2.74389},
{2.35074,2.15573,-2.74389},
{2.35156,2.15573,-2.74389},
{2.35237,2.15573,-2.74388},
{2.35319,2.15573,-2.74388},
{2.35401,2.15573,-2.74388},
{2.35482,2.15573,-2.74388},
{2.35564,2.15573,-2.74387},
{2.35646,2.15573,-2.74387},
{2.35727,2.15573,-2.74387},
{2.35809,2.15573,-2.74386},
{2.35891,2.15573,-2.74386},
{2.35972,2.15573,-2.74386},
{2.36054,2.15573,-2.74386},
{2.36135,2.15573,-2.74385},
{2.36217,2.15573,-2.74385},
{2.36299,2.15573,-2.74385},
{2.3638,2.15573,-2.74385},
{2.36462,2.15573,-2.74384},
{2.36544,2.15573,-2.74384},
{2.36625,2.15573,-2.74384},
{2.36707,2.15573,-2.74383},
{2.36789,2.15573,-2.74383},
{2.3687,2.15573,-2.74383},
{2.36952,2.15572,-2.74383},
{2.37034,2.15572,-2.74382},
{2.37115,2.15572,-2.74382},
{2.37197,2.15572,-2.74382},
{2.37279,2.15572,-2.74382},
{2.3736,2.15572,-2.74381},
{2.37442,2.15572,-2.74381},
{2.37524,2.15572,-2.74381},
{2.37605,2.15572,-2.7438},
{2.37687,2.15572,-2.7438},
{2.37769,2.15572,-2.7438},
{2.3785,2.15572,-2.7438},
{2.37932,2.15572,-2.74379},
{2.38013,2.15572,-2.74379},
{2.38095,2.15572,-2.74379},
{2.38177,2.15572,-2.74379},
{2.38258,2.15572,-2.74378},
{2.3834,2.15572,-2.74378},
{2.38422,2.15572,-2.74378},
{2.38503,2.15572,-2.74377},
{2.38585,2.15572,-2.74377},
{2.38667,2.15572,-2.74377},
{2.38748,2.15572,-2.74377},
{2.3883,2.15572,-2.74376},
{2.38912,2.15572,-2.74376},
{2.38993,2.15572,-2.74376},
{2.39075,2.15572,-2.74376},
{2.39157,2.15572,-2.74375},
{2.39238,2.15572,-2.74375},
{2.3932,2.15572,-2.74375},
{2.39402,2.15572,-2.74375},
{2.39483,2.15572,-2.74374},
{2.39565,2.15572,-2.74374},
{2.39647,2.15572,-2.74374},
{2.39728,2.15572,-2.74373},
{2.3981,2.15572,-2.74373},
{2.39892,2.15572,-2.74373},
{2.39973,2.15572,-2.74373},
{2.39883,2.15572,-2.74373},
{2.3996,2.15572,-2.74372},
{2.40036,2.15572,-2.74372},
{2.40113,2.15572,-2.74372},
{2.40189,2.15572,-2.74371},
{2.40266,2.15572,-2.74371},
{2.40342,2.15572,-2.74371},
{2.40419,2.15572,-2.7437},
{2.40495,2.15572,-2.7437},
{2.40572,2.15572,-2.7437},
{2.40648,2.15572,-2.74369},
{2.40724,2.15572,-2.74369},
{2.40801,2.15572,-2.74368},
{2.40877,2.15571,-2.74368},
{2.40954,2.15571,-2.74368},
{2.4103,2.15571,-2.74367},
{2.41107,2.15571,-2.74367},
{2.41183,2.15571,-2.74367},
{2.4126,2.15571,-2.74366},
{2.41336,2.15571,-2.74366},
{2.41413,2.15571,-2.74365},
{2.41489,2.15571,-2.74365},
{2.41566,2.15571,-2.74365},
{2.41642,2.15571,-2.74364},
{2.41719,2.15571,-2.74364},
{2.41795,2.15571,-2.74364},
{2.41872,2.15571,-2.74363},
{2.41948,2.15571,-2.74363},
{2.42025,2.15571,-2.74362},
{2.42101,2.15571,-2.74362},
{2.42178,2.15571,-2.74362},
{2.42254,2.15571,-2.74361},
{2.42331,2.15571,-2.74361},
{2.42407,2.15571,-2.74361},
{2.42484,2.15571,-2.7436},
{2.4256,2.15571,-2.7436},
{2.42637,2.15571,-2.74359},
{2.42713,2.15571,-2.74359},
{2.42789,2.15571,-2.74359},
{2.42866,2.15571,-2.74358},
{2.42942,2.15571,-2.74358},
{2.43019,2.15571,-2.74358},
{2.43095,2.15571,-2.74357},
{2.43172,2.15571,-2.74357},
{2.43248,2.15571,-2.74357},
{2.43325,2.15571,-2.74356},
{2.43401,2.15571,-2.74356},
{2.43478,2.15571,-2.74355},
{2.43554,2.15571,-2.74355},
{2.43631,2.15571,-2.74355},
{2.43707,2.15571,-2.74354},
{2.43784,2.15571,-2.74354},
{2.4386,2.15571,-2.74354},
{2.43937,2.15571,-2.74353},
{2.44013,2.15571,-2.74353},
{2.4409,2.15571,-2.74352},
{2.44166,2.15571,-2.74352},
{2.44243,2.15571,-2.74352},
{2.44319,2.15571,-2.74351},
{2.44396,2.15571,-2.74351},
{2.44472,2.15571,-2.74351},
{2.44549,2.15571,-2.7435},
{2.44625,2.15571,-2.7435},
{2.44702,2.15571,-2.74349},
{2.44778,2.15571,-2.74349},
{2.44855,2.15571,-2.74349},
{2.44931,2.15571,-2.74348},
{2.45007,2.15571,-2.74348},
{2.45084,2.15571,-2.74348},
{2.4516,2.15571,-2.74347},
{2.45237,2.15571,-2.74347},
{2.45313,2.15571,-2.74347},
{2.4539,2.15571,-2.74346},
{2.45284,2.15571,-2.74347},
{2.45355,2.15571,-2.74346},
{2.45425,2.15571,-2.74346},
{2.45496,2.15571,-2.74345},
{2.45567,2.15571,-2.74345},
{2.45638,2.15571,-2.74344},
{2.45709,2.15571,-2.74344},
{2.4578,2.15571,-2.74343},
{2.45851,2.15571,-2.74343},
{2.45922,2.15571,-2.74342},
{2.45993,2.15571,-2.74342},
{2.46063,2.15571,-2.74341},
{2.46134,2.15571,-2.74341},
{2.46205,2.15571,-2.7434},
{2.46276,2.15571,-2.7434},
{2.46347,2.15571,-2.7434},
{2.46418,2.15571,-2.74339},
{2.46489,2.15571,-2.74339},
{2.4656,2.15571,-2.74338},
{2.46631,2.15571,-2.74338},
{2.46701,2.15571,-2.74337},
{2.46772,2.15571,-2.74337},
{2.46843,2.15571,-2.74336},
{2.46914,2.15571,-2.74336},
{2.46985,2.15571,-2.74335},
{2.47056,2.15571,-2.74335},
{2.47127,2.15571,-2.74334},
{2.47198,2.15571,-2.74334},
{2.47269,2.15571,-2.74333},
{2.47339,2.15571,-2.74333},
{2.4741,2.15571,-2.74333},
{2.47481,2.15571,-2.74332},
{2.47552,2.15571,-2.74332},
{2.47623,2.15571,-2.74331},
{2.47694,2.15571,-2.74331},
{2.47765,2.15571,-2.7433},
{2.47836,2.15571,-2.7433},
{2.47907,2.15571,-2.74329},
{2.47977,2.15571,-2.74329},
{2.48048,2.15571,-2.74328},
{2.48119,2.15571,-2.74328},
{2.4819,2.15571,-2.74327},
{2.48261,2.15571,-2.74327},
{2.48332,2.15572,-2.74326},
{2.48403,2.15572,-2.74326},
{2.48474,2.15572,-2.74325},
{2.48545,2.15572,-2.74325},
{2.48615,2.15572,-2.74325},
{2.48686,2.15572,-2.74324},
{2.48757,2.15572,-2.74324},
{2.48828,2.15572,-2.74323},
{2.48899,2.15572,-2.74323},
{2.4897,2.15572,-2.74322},
{2.49041,2.15572,-2.74322},
{2.49112,2.15572,-2.74321},
{2.49183,2.15572,-2.74321},
{2.49253,2.15572,-2.7432},
{2.49324,2.15572,-2.7432},
{2.49395,2.15572,-2.74319},
{2.49466,2.15572,-2.74319},
{2.49537,2.15572,-2.74318},
{2.49608,2.15572,-2.74318},
{2.49679,2.15572,-2.74318},
{2.4975,2.15572,-2.74317},
{2.49821,2.15572,-2.74317},
{2.49891,2.15572,-2.74316},
{2.49962,2.15572,-2.74316},
{2.50033,2.15572,-2.74315},
{2.50104,2.15572,-2.74315},
{2.50175,2.15572,-2.74314},
{2.50246,2.15572,-2.74314},
{2.50126,2.15572,-2.74314},
{2.50191,2.15572,-2.74314},
{2.50256,2.15572,-2.74313},
{2.50321,2.15572,-2.74313},
{2.50386,2.15572,-2.74312},
{2.50451,2.15572,-2.74312},
{2.50516,2.15572,-2.74311},
{2.50581,2.15572,-2.74311},
{2.50646,2.15572,-2.7431},
{2.50711,2.15572,-2.74309},
{2.50775,2.15572,-2.74309},
{2.5084,2.15572,-2.74308},
{2.50905,2.15572,-2.74308},
{2.5097,2.15572,-2.74307},
{2.51035,2.15572,-2.74307},
{2.511,2.15572,-2.74306},
{2.51165,2.15572,-2.74305},
{2.5123,2.15572,-2.74305},
{2.51295,2.15572,-2.74304},
{2.5136,2.15572,-2.74304},
{2.51425,2.15572,-2.74303},
{2.5149,2.15572,-2.74303},
{2.51555,2.15572,-2.74302},
{2.5162,2.15573,-2.74301},
{2.51685,2.15573,-2.74301},
{2.5175,2.15573,-2.743},
{2.51815,2.15573,-2.743},
{2.5188,2.15573,-2.74299},
{2.51945,2.15573,-2.74299},
{2.5201,2.15573,-2.74298},
{2.52075,2.15573,-2.74297},
{2.5214,2.15573,-2.74297},
{2.52205,2.15573,-2.74296},
{2.5227,2.15573,-2.74296},
{2.52335,2.15573,-2.74295},
{2.524,2.15573,-2.74295},
{2.52465,2.15573,-2.74294},
{2.52529,2.15573,-2.74293},
{2.52594,2.15573,-2.74293},
{2.52659,2.15573,-2.74292},
{2.52724,2.15573,-2.74292},
{2.52789,2.15573,-2.74291},
{2.52854,2.15573,-2.74291},
{2.52919,2.15573,-2.7429},
{2.52984,2.15573,-2.74289},
{2.53049,2.15573,-2.74289},
{2.53114,2.15573,-2.74288},
{2.53179,2.15573,-2.74288},
{2.53244,2.15573,-2.74287},
{2.53309,2.15573,-2.74287},
{2.53374,2.15573,-2.74286},
{2.53439,2.15573,-2.74286},
{2.53504,2.15573,-2.74285},
{2.53569,2.15573,-2.74284},
{2.53634,2.15573,-2.74284},
{2.53699,2.15574,-2.74283},
{2.53764,2.15574,-2.74283},
{2.53829,2.15574,-2.74282},
{2.53894,2.15574,-2.74282},
{2.53959,2.15574,-2.74281},
{2.54024,2.15574,-2.7428},
{2.54089,2.15574,-2.7428},
{2.54154,2.15574,-2.74279},
{2.54218,2.15574,-2.74279},
{2.54283,2.15574,-2.74278},
{2.54348,2.15574,-2.74278},
{2.54413,2.15574,-2.74277},
{2.54478,2.15574,-2.74276},
{2.54351,2.15574,-2.74277},
{2.5441,2.15574,-2.74277},
{2.54469,2.15574,-2.74276},
{2.54528,2.15574,-2.74276},
{2.54586,2.15574,-2.74275},
{2.54645,2.15574,-2.74274},
{2.54704,2.15574,-2.74274},
{2.54763,2.15574,-2.74273},
{2.54822,2.15574,-2.74272},
{2.5488,2.15574,-2.74272},
{2.54939,2.15574,-2.74271},
{2.54998,2.15574,-2.7427},
{2.55057,2.15574,-2.7427},
{2.55116,2.15574,-2.74269},
{2.55174,2.15574,-2.74268},
{2.55233,2.15575,-2.74268},
{2.55292,2.15575,-2.74267},
{2.55351,2.15575,-2.74267},
{2.55409,2.15575,-2.74266},
{2.55468,2.15575,-2.74265},
{2.55527,2.15575,-2.74265},
{2.55586,2.15575,-2.74264},
{2.55645,2.15575,-2.74263},
{2.55703,2.15575,-2.74263},
{2.55762,2.15575,-2.74262},
{2.55821,2.15575,-2.74261},
{2.5588,2.15575,-2.74261},
{2.55939,2.15575,-2.7426},
{2.55997,2.15575,-2.74259},
{2.56056,2.15575,-2.74259},
{2.56115,2.15575,-2.74258},
{2.56174,2.15575,-2.74257},
{2.56233,2.15575,-2.74257},
{2.56291,2.15575,-2.74256},
{2.5635,2.15575,-2.74256},
{2.56409,2.15575,-2.74255},
{2.56468,2.15575,-2.74254},
{2.56527,2.15576,-2.74254},
{2.56585,2.15576,-2.74253},
{2.56644,2.15576,-2.74252},
{2.56703,2.15576,-2.74252},
{2.56762,2.15576,-2.74251},
{2.56821,2.15576,-2.7425},
{2.56879,2.15576,-2.7425},
{2.56938,2.15576,-2.74249},
{2.56997,2.15576,-2.74248},
{2.57056,2.15576,-2.74248},
{2.57114,2.15576,-2.74247},
{2.57173,2.15576,-2.74246},
{2.57232,2.15576,-2.74246},
{2.57291,2.15576,-2.74245},
{2.5735,2.15576,-2.74245},
{2.57408,2.15576,-2.74244},
{2.57467,2.15576,-2.74243},
{2.57526,2.15576,-2.74243},
{2.57585,2.15576,-2.74242},
{2.57644,2.15576,-2.74241},
{2.57702,2.15576,-2.74241},
{2.57761,2.15576,-2.7424},
{2.5782,2.15577,-2.74239},
{2.57879,2.15577,-2.74239},
{2.57938,2.15577,-2.74238},
{2.57996,2.15577,-2.74237},
{2.58055,2.15577,-2.74237},
{2.58114,2.15577,-2.74236},
{2.57985,2.15577,-2.74238},
{2.58037,2.15577,-2.74237},
{2.5809,2.15577,-2.74236},
{2.58142,2.15577,-2.74235},
{2.58195,2.15577,-2.74235},
{2.58247,2.15577,-2.74234},
{2.583,2.15577,-2.74233},
{2.58352,2.15577,-2.74233},
{2.58405,2.15577,-2.74232},
{2.58457,2.15577,-2.74231},
{2.5851,2.15577,-2.7423},
{2.58562,2.15577,-2.7423},
{2.58615,2.15577,-2.74229},
{2.58667,2.15577,-2.74228},
{2.5872,2.15577,-2.74228},
{2.58772,2.15578,-2.74227},
{2.58825,2.15578,-2.74226},
{2.58877,2.15578,-2.74226},
{2.5893,2.15578,-2.74225},
{2.58982,2.15578,-2.74224},
{2.59035,2.15578,-2.74223},
{2.59087,2.15578,-2.74223},
{2.5914,2.15578,-2.74222},
{2.59192,2.15578,-2.74221},
{2.59245,2.15578,-2.74221},
{2.59297,2.15578,-2.7422},
{2.5935,2.15578,-2.74219},
{2.59402,2.15578,-2.74218},
{2.59454,2.15578,-2.74218},
{2.59507,2.15578,-2.74217},
{2.59559,2.15578,-2.74216},
{2.59612,2.15578,-2.74216},
{2.59664,2.15579,-2.74215},
{2.59717,2.15579,-2.74214},
{2.59769,2.15579,-2.74213},
{2.59822,2.15579,-2.74213},
{2.59874,2.15579,-2.74212},
{2.59927,2.15579,-2.74211},
{2.59979,2.15579,-2.74211},
{2.60032,2.15579,-2.7421},
{2.60084,2.15579,-2.74209},
{2.60137,2.15579,-2.74209},
{2.60189,2.15579,-2.74208},
{2.60242,2.15579,-2.74207},
{2.60294,2.15579,-2.74206},
{2.60347,2.15579,-2.74206},
{2.60399,2.15579,-2.74205},
{2.60452,2.15579,-2.74204},
{2.60504,2.15579,-2.74204},
{2.60557,2.1558,-2.74203},
{2.60609,2.1558,-2.74202},
{2.60662,2.1558,-2.74201},
{2.60714,2.1558,-2.74201},
{2.60767,2.1558,-2.742},
{2.60819,2.1558,-2.74199},
{2.60872,2.1558,-2.74199},
{2.60924,2.1558,-2.74198},
{2.60977,2.1558,-2.74197},
{2.61029,2.1558,-2.74196},
{2.61082,2.1558,-2.74196},
{2.61134,2.1558,-2.74195},
{2.61186,2.1558,-2.74194},
{2.61059,2.1558,-2.74196},
{2.61105,2.1558,-2.74195},
{2.61151,2.1558,-2.74195},
{2.61197,2.1558,-2.74194},
{2.61243,2.1558,-2.74193},
{2.61289,2.1558,-2.74192},
{2.61335,2.1558,-2.74192},
{2.61382,2.15581,-2.74191},
{2.61428,2.15581,-2.7419},
{2.61474,2.15581,-2.74189},
{2.6152,2.15581,-2.74189},
{2.61566,2.15581,-2.74188},
{2.61612,2.15581,-2.74187},
{2.61658,2.15581,-2.74187},
{2.61705,2.15581,-2.74186},
{2.61751,2.15581,-2.74185},
{2.61797,2.15581,-2.74184},
{2.61843,2.15581,-2.74184},
{2.61889,2.15581,-2.74183},
{2.61935,2.15581,-2.74182},
{2.61981,2.15581,-2.74181},
{2.62028,2.15581,-2.74181},
{2.62074,2.15582,-2.7418},
{2.6212,2.15582,-2.74179},
{2.62166,2.15582,-2.74178},
{2.62212,2.15582,-2.74178},
{2.62258,2.15582,-2.74177},
{2.62304,2.15582,-2.74176},
{2.62351,2.15582,-2.74175},
{2.62397,2.15582,-2.74175},
{2.62443,2.15582,-2.74174},
{2.62489,2.15582,-2.74173},
{2.62535,2.15582,-2.74173},
{2.62581,2.15582,-2.74172},
{2.62627,2.15582,-2.74171},
{2.62674,2.15582,-2.7417},
{2.6272,2.15582,-2.7417},
{2.62766,2.15583,-2.74169},
{2.62812,2.15583,-2.74168},
{2.62858,2.15583,-2.74167},
{2.62904,2.15583,-2.74167},
{2.6295,2.15583,-2.74166},
{2.62996,2.15583,-2.74165},
{2.63043,2.15583,-2.74164},
{2.63089,2.15583,-2.74164},
{2.63135,2.15583,-2.74163},
{2.63181,2.15583,-2.74162},
{2.63227,2.15583,-2.74162},
{2.63273,2.15583,-2.74161},
{2.63319,2.15583,-2.7416},
{2.63366,2.15583,-2.74159},
{2.63412,2.15583,-2.74159},
{2.63458,2.15584,-2.74158},
{2.63504,2.15584,-2.74157},
{2.6355,2.15584,-2.74156},
{2.63596,2.15584,-2.74156},
{2.63642,2.15584,-2.74155},
{2.63689,2.15584,-2.74154},
{2.63735,2.15584,-2.74153},
{2.63609,2.15584,-2.74155},
{2.63649,2.15584,-2.74155},
{2.63689,2.15584,-2.74154},
{2.63729,2.15584,-2.74153},
{2.63769,2.15584,-2.74152},
{2.63809,2.15584,-2.74152},
{2.63848,2.15584,-2.74151},
{2.63888,2.15584,-2.7415},
{2.63928,2.15584,-2.74149},
{2.63968,2.15584,-2.74149},
{2.64008,2.15584,-2.74148},
{2.64048,2.15584,-2.74147},
{2.64088,2.15585,-2.74147},
{2.64127,2.15585,-2.74146},
{2.64167,2.15585,-2.74145},
{2.64207,2.15585,-2.74144},
{2.64247,2.15585,-2.74144},
{2.64287,2.15585,-2.74143},
{2.64327,2.15585,-2.74142},
{2.64367,2.15585,-2.74141},
{2.64406,2.15585,-2.74141},
{2.64446,2.15585,-2.7414},
{2.64486,2.15585,-2.74139},
{2.64526,2.15585,-2.74138},
{2.64566,2.15585,-2.74138},
{2.64606,2.15585,-2.74137},
{2.64646,2.15586,-2.74136},
{2.64685,2.15586,-2.74135},
{2.64725,2.15586,-2.74135},
{2.64765,2.15586,-2.74134},
{2.64805,2.15586,-2.74133},
{2.64845,2.15586,-2.74133},
{2.64885,2.15586,-2.74132},
{2.64925,2.15586,-2.74131},
{2.64964,2.15586,-2.7413},
{2.65004,2.15586,-2.7413},
{2.65044,2.15586,-2.74129},
{2.65084,2.15586,-2.74128},
{2.65124,2.15586,-2.74127},
{2.65164,2.15586,-2.74127},
{2.65204,2.15586,-2.74126},
{2.65244,2.15587,-2.74125},
{2.65283,2.15587,-2.74124},
{2.65323,2.15587,-2.74124},
{2.65363,2.15587,-2.74123},
{2.65403,2.15587,-2.74122},
{2.65443,2.15587,-2.74121},
{2.65483,2.15587,-2.74121},
{2.65523,2.15587,-2.7412},
{2.65562,2.15587,-2.74119},
{2.65602,2.15587,-2.74118},
{2.65642,2.15587,-2.74118},
{2.65682,2.15587,-2.74117},
{2.65722,2.15587,-2.74116},
{2.65762,2.15587,-2.74116},
{2.65644,2.15587,-2.74118},
{2.65678,2.15587,-2.74117},
{2.65712,2.15587,-2.74116},
{2.65745,2.15587,-2.74116},
{2.65779,2.15588,-2.74115},
{2.65813,2.15588,-2.74114},
{2.65847,2.15588,-2.74113},
{2.6588,2.15588,-2.74113},
{2.65914,2.15588,-2.74112},
{2.65948,2.15588,-2.74111},
{2.65982,2.15588,-2.74111},
{2.66015,2.15588,-2.7411},
{2.66049,2.15588,-2.74109},
{2.66083,2.15588,-2.74109},
{2.66117,2.15588,-2.74108},
{2.6615,2.15588,-2.74107},
{2.66184,2.15588,-2.74106},
{2.66218,2.15588,-2.74106},
{2.66252,2.15589,-2.74105},
{2.66285,2.15589,-2.74104},
{2.66319,2.15589,-2.74104},
{2.66353,2.15589,-2.74103},
{2.66387,2.15589,-2.74102},
{2.6642,2.15589,-2.74102},
{2.66454,2.15589,-2.74101},
{2.66488,2.15589,-2.741},
{2.66522,2.15589,-2.74099},
{2.66555,2.15589,-2.74099},
{2.66589,2.15589,-2.74098},
{2.66623,2.15589,-2.74097},
{2.66657,2.15589,-2.74097},
{2.6669,2.15589,-2.74096},
{2.66724,2.1559,-2.74095},
{2.66758,2.1559,-2.74095},
{2.66792,2.1559,-2.74094},
{2.66825,2.1559,-2.74093},
{2.66859,2.1559,-2.74092},
{2.66893,2.1559,-2.74092},
{2.66927,2.1559,-2.74091},
{2.6696,2.1559,-2.7409},
{2.66994,2.1559,-2.7409},
{2.67028,2.1559,-2.74089},
{2.67062,2.1559,-2.74088},
{2.67095,2.1559,-2.74087},
{2.67129,2.1559,-2.74087},
{2.67163,2.1559,-2.74086},
{2.67197,2.1559,-2.74085},
{2.6723,2.15591,-2.74085},
{2.67264,2.15591,-2.74084},
{2.67298,2.15591,-2.74083},
{2.67331,2.15591,-2.74083},
{2.67226,2.15591,-2.74085},
{2.67253,2.15591,-2.74084},
{2.67281,2.15591,-2.74083},
{2.67309,2.15591,-2.74083},
{2.67337,2.15591,-2.74082},
{2.67365,2.15591,-2.74082},
{2.67393,2.15591,-2.74081},
{2.67421,2.15591,-2.7408},
{2.67449,2.15591,-2.7408},
{2.67477,2.15591,-2.74079},
{2.67504,2.15591,-2.74078},
{2.67532,2.15591,-2.74078},
{2.6756,2.15591,-2.74077},
{2.67588,2.15591,-2.74076},
{2.67616,2.15592,-2.74076},
{2.67644,2.15592,-2.74075},
{2.67672,2.15592,-2.74074},
{2.677,2.15592,-2.74074},
{2.67728,2.15592,-2.74073},
{2.67755,2.15592,-2.74073},
{2.67783,2.15592,-2.74072},
{2.67811,2.15592,-2.74071},
{2.67839,2.15592,-2.74071},
{2.67867,2.15592,-2.7407},
{2.67895,2.15592,-2.74069},
{2.67923,2.15592,-2.74069},
{2.67951,2.15592,-2.74068},
{2.67979,2.15592,-2.74067},
{2.68007,2.15592,-2.74067},
{2.68034,2.15593,-2.74066},
{2.68062,2.15593,-2.74065},
{2.6809,2.15593,-2.74065},
{2.68118,2.15593,-2.74064},
{2.68146,2.15593,-2.74063},
{2.68174,2.15593,-2.74063},
{2.68202,2.15593,-2.74062},
{2.6823,2.15593,-2.74062},
{2.68258,2.15593,-2.74061},
{2.68285,2.15593,-2.7406},
{2.68313,2.15593,-2.7406},
{2.68341,2.15593,-2.74059},
{2.68369,2.15593,-2.74058},
{2.68397,2.15593,-2.74058},
{2.68425,2.15594,-2.74057},
{2.68453,2.15594,-2.74056},
{2.68481,2.15594,-2.74056},
{2.68509,2.15594,-2.74055},
{2.68416,2.15593,-2.74057},
{2.68438,2.15594,-2.74057},
{2.6846,2.15594,-2.74056},
{2.68483,2.15594,-2.74056},
{2.68505,2.15594,-2.74055},
{2.68528,2.15594,-2.74054},
{2.6855,2.15594,-2.74054},
{2.68572,2.15594,-2.74053},
{2.68595,2.15594,-2.74053},
{2.68617,2.15594,-2.74052},
{2.6864,2.15594,-2.74052},
{2.68662,2.15594,-2.74051},
{2.68684,2.15594,-2.74051},
{2.68707,2.15594,-2.7405},
{2.68729,2.15594,-2.74049},
{2.68752,2.15594,-2.74049},
{2.68774,2.15594,-2.74048},
{2.68796,2.15595,-2.74048},
{2.68819,2.15595,-2.74047},
{2.68841,2.15595,-2.74047},
{2.68864,2.15595,-2.74046},
{2.68886,2.15595,-2.74046},
{2.68908,2.15595,-2.74045},
{2.68931,2.15595,-2.74044},
{2.68953,2.15595,-2.74044},
{2.68976,2.15595,-2.74043},
{2.68998,2.15595,-2.74043},
{2.6902,2.15595,-2.74042},
{2.69043,2.15595,-2.74042},
{2.69065,2.15595,-2.74041},
{2.69088,2.15595,-2.7404},
{2.6911,2.15595,-2.7404},
{2.69132,2.15595,-2.74039},
{2.69155,2.15595,-2.74039},
{2.69177,2.15596,-2.74038},
{2.692,2.15596,-2.74038},
{2.69222,2.15596,-2.74037},
{2.69244,2.15596,-2.74037},
{2.69267,2.15596,-2.74036},
{2.69289,2.15596,-2.74035},
{2.69311,2.15596,-2.74035},
{2.69334,2.15596,-2.74034},
{2.69356,2.15596,-2.74034},
{2.69276,2.15596,-2.74036},
{2.69294,2.15596,-2.74035},
{2.69311,2.15596,-2.74035},
{2.69328,2.15596,-2.74034},
{2.69346,2.15596,-2.74034},
{2.69363,2.15596,-2.74033},
{2.6938,2.15596,-2.74033},
{2.69398,2.15596,-2.74033},
{2.69415,2.15596,-2.74032},
{2.69432,2.15596,-2.74032},
{2.6945,2.15596,-2.74031},
{2.69467,2.15596,-2.74031},
{2.69484,2.15596,-2.7403},
{2.69502,2.15596,-2.7403},
{2.69519,2.15597,-2.74029},
{2.69536,2.15597,-2.74029},
{2.69554,2.15597,-2.74028},
{2.69571,2.15597,-2.74028},
{2.69588,2.15597,-2.74027},
{2.69606,2.15597,-2.74027},
{2.69623,2.15597,-2.74027},
{2.6964,2.15597,-2.74026},
{2.69658,2.15597,-2.74026},
{2.69675,2.15597,-2.74025},
{2.69693,2.15597,-2.74025},
{2.6971,2.15597,-2.74024},
{2.69727,2.15597,-2.74024},
{2.69745,2.15597,-2.74023},
{2.69762,2.15597,-2.74023},
{2.69779,2.15597,-2.74022},
{2.69797,2.15597,-2.74022},
{2.69814,2.15597,-2.74021},
{2.69831,2.15597,-2.74021},
{2.69849,2.15597,-2.74021},
{2.69866,2.15598,-2.7402},
{2.69883,2.15598,-2.7402},
{2.69901,2.15598,-2.74019},
{2.69918,2.15598,-2.74019},
{2.69854,2.15597,-2.7402},
{2.69867,2.15598,-2.7402},
{2.6988,2.15598,-2.7402},
{2.69893,2.15598,-2.74019},
{2.69906,2.15598,-2.74019},
{2.69918,2.15598,-2.74019},
{2.69931,2.15598,-2.74018},
{2.69944,2.15598,-2.74018},
{2.69957,2.15598,-2.74018},
{2.6997,2.15598,-2.74017},
{2.69982,2.15598,-2.74017},
{2.69995,2.15598,-2.74016},
{2.70008,2.15598,-2.74016},
{2.70021,2.15598,-2.74016},
{2.70034,2.15598,-2.74015},
{2.70047,2.15598,-2.74015},
{2.70059,2.15598,-2.74015},
{2.70072,2.15598,-2.74014},
{2.70085,2.15598,-2.74014},
{2.70098,2.15598,-2.74014},
{2.70111,2.15598,-2.74013},
{2.70123,2.15598,-2.74013},
{2.70136,2.15598,-2.74013},
{2.70149,2.15598,-2.74012},
{2.70162,2.15598,-2.74012},
{2.70175,2.15598,-2.74012},
{2.70188,2.15599,-2.74011},
{2.702,2.15599,-2.74011},
{2.70213,2.15599,-2.7401},
{2.70226,2.15599,-2.7401},
{2.70239,2.15599,-2.7401},
{2.70252,2.15599,-2.74009},
{2.70264,2.15599,-2.74009},
{2.70277,2.15599,-2.74009},
{2.70227,2.15599,-2.7401},
{2.70236,2.15599,-2.7401},
{2.70245,2.15599,-2.7401},
{2.70254,2.15599,-2.74009},
{2.70263,2.15599,-2.74009},
{2.70272,2.15599,-2.74009},
{2.7028,2.15599,-2.74009},
{2.70289,2.15599,-2.74008},
{2.70298,2.15599,-2.74008},
{2.70307,2.15599,-2.74008},
{2.70316,2.15599,-2.74008},
{2.70325,2.15599,-2.74007},
{2.70334,2.15599,-2.74007},
{2.70343,2.15599,-2.74007},
{2.70352,2.15599,-2.74007},
{2.7036,2.15599,-2.74006},
{2.70369,2.15599,-2.74006},
{2.70378,2.15599,-2.74006},
{2.70387,2.15599,-2.74006},
{2.70396,2.15599,-2.74005},
{2.70405,2.15599,-2.74005},
{2.70414,2.15599,-2.74005},
{2.70423,2.15599,-2.74004},
{2.70432,2.15599,-2.74004},
{2.7044,2.15599,-2.74004},
{2.70449,2.15599,-2.74004},
{2.70458,2.15599,-2.74003},
{2.70467,2.15599,-2.74003},
{2.70476,2.156,-2.74003},
{2.7044,2.15599,-2.74004},
{2.70445,2.15599,-2.74004},
{2.70451,2.15599,-2.74004},
{2.70457,2.15599,-2.74004},
{2.70462,2.15599,-2.74003},
{2.70468,2.15599,-2.74003},
{2.70473,2.156,-2.74003},
{2.70479,2.156,-2.74003},
{2.70485,2.156,-2.74003},
{2.7049,2.156,-2.74003},
{2.70496,2.156,-2.74002},
{2.70502,2.156,-2.74002},
{2.70507,2.156,-2.74002},
{2.70513,2.156,-2.74002},
{2.70519,2.156,-2.74002},
{2.70524,2.156,-2.74002},
{2.7053,2.156,-2.74002},
{2.70535,2.156,-2.74001},
{2.70541,2.156,-2.74001},
{2.70547,2.156,-2.74001},
{2.70552,2.156,-2.74001},
{2.70558,2.156,-2.74001},
{2.70564,2.156,-2.74001},
{2.70569,2.156,-2.74},
{2.70545,2.156,-2.74001},
{2.70549,2.156,-2.74001},
{2.70552,2.156,-2.74001},
{2.70555,2.156,-2.74001},
{2.70558,2.156,-2.74001},
{2.70561,2.156,-2.74001},
{2.70564,2.156,-2.74001},
{2.70567,2.156,-2.74001},
{2.7057,2.156,-2.74},
{2.70573,2.156,-2.74},
{2.70576,2.156,-2.74},
{2.70579,2.156,-2.74},
{2.70583,2.156,-2.74},
{2.70586,2.156,-2.74},
{2.70589,2.156,-2.74},
{2.70592,2.156,-2.74},
{2.70595,2.156,-2.74},
{2.70598,2.156,-2.74},
{2.70601,2.156,-2.74},
{2.70588,2.156,-2.74},
{2.70589,2.156,-2.74},
{2.7059,2.156,-2.74},
{2.70592,2.156,-2.74},
{2.70593,2.156,-2.74},
{2.70594,2.156,-2.74},
{2.70596,2.156,-2.74},
{2.70597,2.156,-2.74},
{2.70598,2.156,-2.74},
{2.70599,2.156,-2.74},
{2.70601,2.156,-2.74},
{2.70602,2.156,-2.74},
{2.70603,2.156,-2.74},
{2.70605,2.156,-2.74},
{2.70599,2.156,-2.74},
{2.70599,2.156,-2.74},
{2.706,2.156,-2.74},
{2.706,2.156,-2.74},
{2.706,2.156,-2.74},
{2.706,2.156,-2.74},
{2.70601,2.156,-2.74},
{2.70601,2.156,-2.74},
{2.70601,2.156,-2.74},
{2.706,2.156,-2.74}