{5.77,3.14,0.785398},
{5.77,3.14002,0.78559},
{5.77,3.14002,0.785676},
{5.77,3.14003,0.785762},
{5.77,3.14004,0.785848},
{5.77,3.14005,0.785934},
{5.77,3.14012,0.786718},
{5.77,3.14014,0.786923},
{5.77,3.14016,0.787127},
{5.77,3.14017,0.787332},
{5.77,3.14019,0.787537},
{5.77,3.14021,0.787742},
{5.77,3.14023,0.787946},
{5.77,3.14025,0.788151},
{5.77,3.14027,0.788356},
{5.77,3.14029,0.788561},
{5.77,3.14031,0.788765},
{5.77,3.14032,0.78897},
{5.77,3.14034,0.789175},
{5.77,3.14051,0.791014},
{5.77,3.14055,0.79139},
{5.77,3.14058,0.791767},
{5.77,3.14062,0.792143},
{5.77,3.14065,0.79252},
{5.77,3.14069,0.792896},
{5.77,3.14072,0.793273},
{5.77,3.14076,0.793649},
{5.77,3.14079,0.794026},
{5.77,3.14082,0.794403},
{5.77,3.14086,0.794779},
{5.77,3.14089,0.795156},
{5.77,3.14093,0.795532},
{5.77,3.14096,0.795909},
{5.77,3.141,0.796285},
{5.77,3.14103,0.796662},
{5.77,3.14107,0.797039},
{5.77,3.1411,0.797415},
{5.76999,3.14114,0.797792},
{5.76999,3.14142,0.800868},
{5.76999,3.14148,0.801456},
{5.76999,3.14153,0.802044},
{5.76999,3.14159,0.802633},
{5.76999,3.14165,0.803221},
{5.76999,3.1417,0.803809},
{5.76999,3.14176,0.804398},
{5.76999,3.14181,0.804986},
{5.76999,3.14187,0.805575},
{5.76999,3.14193,0.806163},
{5.76999,3.14198,0.806751},
{5.76999,3.14204,0.80734},
{5.77,3.1421,0.807928},
{5.77,3.14215,0.808516},
{5.77,3.14221,0.809105},
{5.77,3.14226,0.809693},
{5.77,3.14232,0.810281},
{5.77,3.14238,0.81087},
{5.77,3.14243,0.811458},
{5.77,3.14249,0.812047},
{5.77,3.14255,0.812635},
{5.77,3.1426,0.813223},
{5.77,3.14266,0.813812},
{5.77,3.14271,0.8144},
{5.77,3.14277,0.814988},
{5.77,3.14283,0.815577},
{5.77,3.14288,0.816165},
{5.77,3.14334,0.820897},
{5.77,3.14342,0.821647},
{5.77,3.1435,0.822396},
{5.77,3.14359,0.823145},
{5.77,3.14367,0.823894},
{5.77,3.14375,0.824643},
{5.77,3.14384,0.825392},
{5.77,3.14392,0.826141},
{5.77,3.144,0.82689},
{5.77,3.14408,0.827639},
{5.77,3.14417,0.828388},
{5.77,3.14425,0.829137},
{5.77,3.14433,0.829886},
{5.77,3.14442,0.830635},
{5.77,3.1445,0.831384},
{5.77,3.14458,0.832133},
{5.77,3.14466,0.832882},
{5.77,3.14475,0.833631},
{5.77,3.14483,0.83438},
{5.77,3.14491,0.835129},
{5.77,3.145,0.835878},
{5.77,3.14508,0.836627},
{5.77,3.14516,0.837376},
{5.77,3.14524,0.838125},
{5.77,3.14533,0.838874},
{5.77,3.14541,0.839623},
{5.77,3.14549,0.840372},
{5.77,3.14558,0.841121},
{5.77,3.14566,0.84187},
{5.77,3.14574,0.842619},
{5.77,3.14582,0.843368},
{5.77,3.14591,0.844118},
{5.77,3.14599,0.844867},
{5.77,3.14607,0.845616},
{5.77,3.14673,0.851505},
{5.77,3.14685,0.852294},
{5.77,3.14696,0.853082},
{5.77,3.14708,0.85387},
{5.76999,3.14719,0.854659},
{5.76999,3.1473,0.855447},
{5.76999,3.14742,0.856236},
{5.76999,3.14753,0.857024},
{5.76999,3.14764,0.857812},
{5.76999,3.14776,0.858601},
{5.76999,3.14787,0.859389},
{5.76999,3.14799,0.860178},
{5.76998,3.1481,0.860966},
{5.76998,3.14821,0.861754},
{5.76998,3.14833,0.862543},
{5.76998,3.14844,0.863331},
{5.76998,3.14855,0.864119},
{5.76998,3.14867,0.864908},
{5.76998,3.14878,0.865696},
{5.76998,3.1489,0.866485},
{5.76997,3.14901,0.867273},
{5.76997,3.14912,0.868061},
{5.76997,3.14924,0.86885},
{5.76997,3.14935,0.869638},
{5.76997,3.14946,0.870427},
{5.76997,3.14958,0.871215},
{5.76997,3.14969,0.872003},
{5.76997,3.14981,0.872792},
{5.76996,3.14992,0.87358},
{5.76996,3.15003,0.874368},
{5.76996,3.15015,0.875157},
{5.76996,3.15026,0.875945},
{5.76996,3.15037,0.876734},
{5.76996,3.15049,0.877522},
{5.76996,3.1506,0.87831},
{5.76996,3.15072,0.879099},
{5.76995,3.15083,0.879887},
{5.76995,3.15094,0.880676},
{5.76995,3.15106,0.881464},
{5.76995,3.15117,0.882252},
{5.76995,3.15128,0.883041},
{5.76994,3.15218,0.889095},
{5.76993,3.15233,0.889879},
{5.76993,3.15247,0.890663},
{5.76992,3.15262,0.891448},
{5.76992,3.15277,0.892232},
{5.76991,3.15292,0.893016},
{5.76991,3.15307,0.893801},
{5.76991,3.15322,0.894585},
{5.7699,3.15337,0.895369},
{5.7699,3.15351,0.896154},
{5.76989,3.15366,0.896938},
{5.76989,3.15381,0.897722},
{5.76988,3.15396,0.898506},
{5.76988,3.15411,0.899291},
{5.76987,3.15426,0.900075},
{5.76987,3.1544,0.900859},
{5.76986,3.15455,0.901644},
{5.76986,3.1547,0.902428},
{5.76986,3.15485,0.903212},
{5.76985,3.155,0.903997},
{5.76985,3.15515,0.904781},
{5.76984,3.15529,0.905565},
{5.76984,3.15544,0.90635},
{5.76983,3.15559,0.907134},
{5.76983,3.15574,0.907918},
{5.76982,3.15589,0.908703},
{5.76982,3.15604,0.909487},
{5.76981,3.15619,0.910271},
{5.76981,3.15633,0.911056},
{5.76981,3.15648,0.91184},
{5.7698,3.15663,0.912624},
{5.7698,3.15678,0.913408},
{5.76979,3.15693,0.914193},
{5.76979,3.15708,0.914977},
{5.76978,3.15722,0.915761},
{5.76978,3.15737,0.916546},
{5.76977,3.15752,0.91733},
{5.76977,3.15767,0.918114},
{5.76976,3.15782,0.918899},
{5.76976,3.15797,0.919683},
{5.76976,3.15811,0.920467},
{5.76975,3.15826,0.921252},
{5.76975,3.15841,0.922036},
{5.76974,3.15856,0.92282},
{5.76974,3.15871,0.923605},
{5.76973,3.15886,0.924389},
{5.76973,3.159,0.925173},
{5.76969,3.16012,0.931049},
{5.76968,3.16031,0.931835},
{5.76967,3.16049,0.932621},
{5.76966,3.16068,0.933407},
{5.76965,3.16087,0.934193},
{5.76964,3.16105,0.934978},
{5.76963,3.16124,0.935764},
{5.76962,3.16143,0.93655},
{5.76961,3.16161,0.937336},
{5.7696,3.1618,0.938122},
{5.76959,3.16198,0.938908},
{5.76958,3.16217,0.939694},
{5.76957,3.16236,0.94048},
{5.76956,3.16254,0.941266},
{5.76955,3.16273,0.942052},
{5.76954,3.16291,0.942838},
{5.76953,3.1631,0.943624},
{5.76952,3.16329,0.94441},
{5.76951,3.16347,0.945196},
{5.7695,3.16366,0.945982},
{5.76949,3.16384,0.946767},
{5.76948,3.16403,0.947553},
{5.76947,3.16422,0.948339},
{5.76946,3.1644,0.949125},
{5.76945,3.16459,0.949911},
{5.76944,3.16477,0.950697},
{5.76943,3.16496,0.951483},
{5.76942,3.16515,0.952269},
{5.76941,3.16533,0.953055},
{5.7694,3.16552,0.953841},
{5.76939,3.16571,0.954627},
{5.76938,3.16589,0.955413},
{5.76937,3.16608,0.956199},
{5.76936,3.16626,0.956985},
{5.76935,3.16645,0.957771},
{5.76934,3.16664,0.958557},
{5.76932,3.16682,0.959342},
{5.76931,3.16701,0.960128},
{5.7693,3.16719,0.960914},
{5.76929,3.16738,0.9617},
{5.76928,3.16757,0.962486},
{5.76927,3.16775,0.963272},
{5.76926,3.16794,0.964058},
{5.76925,3.16812,0.964844},
{5.76924,3.16831,0.96563},
{5.76923,3.1685,0.966416},
{5.76922,3.16868,0.967202},
{5.76921,3.16887,0.967988},
{5.7692,3.16906,0.968774},
{5.76919,3.16924,0.96956},
{5.76918,3.16943,0.970346},
{5.76917,3.16961,0.971131},
{5.76916,3.1698,0.971917},
{5.76915,3.16999,0.972703},
{5.76907,3.17135,0.97842},
{5.76906,3.17158,0.979205},
{5.76904,3.1718,0.97999},
{5.76902,3.17203,0.980775},
{5.769,3.17225,0.98156},
{5.76898,3.17248,0.982345},
{5.76896,3.17271,0.98313},
{5.76894,3.17293,0.983915},
{5.76892,3.17316,0.9847},
{5.7689,3.17339,0.985485},
{5.76888,3.17361,0.98627},
{5.76886,3.17384,0.987055},
{5.76885,3.17407,0.98784},
{5.76883,3.17429,0.988625},
{5.76881,3.17452,0.98941},
{5.76879,3.17474,0.990195},
{5.76877,3.17497,0.99098},
{5.76875,3.1752,0.991765},
{5.76873,3.17542,0.99255},
{5.76871,3.17565,0.993335},
{5.76869,3.17588,0.994121},
{5.76867,3.1761,0.994906},
{5.76865,3.17633,0.995691},
{5.76864,3.17655,0.996476},
{5.76862,3.17678,0.997261},
{5.7686,3.17701,0.998046},
{5.76858,3.17723,0.998831},
{5.76856,3.17746,0.999616},
{5.76854,3.17769,1.0004},
{5.76852,3.17791,1.00119},
{5.7685,3.17814,1.00197},
{5.76848,3.17837,1.00276},
{5.76846,3.17859,1.00354},
{5.76844,3.17882,1.00433},
{5.76843,3.17904,1.00511},
{5.76841,3.17927,1.0059},
{5.76839,3.1795,1.00668},
{5.76837,3.17972,1.00747},
{5.76835,3.17995,1.00825},
{5.76833,3.18018,1.00904},
{5.76831,3.1804,1.00982},
{5.76829,3.18063,1.01061},
{5.76827,3.18085,1.01139},
{5.76825,3.18108,1.01218},
{5.76823,3.18131,1.01296},
{5.76822,3.18153,1.01375},
{5.7682,3.18176,1.01453},
{5.76818,3.18199,1.01532},
{5.76816,3.18221,1.0161},
{5.76814,3.18244,1.01689},
{5.76812,3.18267,1.01767},
{5.7681,3.18289,1.01846},
{5.76808,3.18312,1.01924},
{5.76806,3.18334,1.02003},
{5.76804,3.18357,1.02081},
{5.76803,3.1838,1.0216},
{5.76801,3.18402,1.02238},
{5.76799,3.18425,1.02317},
{5.76797,3.18448,1.02395},
{5.76795,3.1847,1.02474},
{5.76781,3.1863,1.03026},
{5.76778,3.18656,1.03104},
{5.76775,3.18683,1.03183},
{5.76772,3.1871,1.03261},
{5.76769,3.18737,1.0334},
{5.76766,3.18764,1.03418},
{5.76763,3.1879,1.03497},
{5.76759,3.18817,1.03576},
{5.76756,3.18844,1.03654},
{5.76753,3.18871,1.03733},
{5.7675,3.18898,1.03811},
{5.76747,3.18924,1.0389},
{5.76744,3.18951,1.03968},
{5.76741,3.18978,1.04047},
{5.76737,3.19005,1.04126},
{5.76734,3.19032,1.04204},
{5.76731,3.19058,1.04283},
{5.76728,3.19085,1.04361},
{5.76725,3.19112,1.0444},
{5.76722,3.19139,1.04518},
{5.76718,3.19166,1.04597},
{5.76715,3.19192,1.04675},
{5.76712,3.19219,1.04754},
{5.76709,3.19246,1.04833},
{5.76706,3.19273,1.04911},
{5.76703,3.193,1.0499},
{5.767,3.19326,1.05068},
{5.76696,3.19353,1.05147},
{5.76693,3.1938,1.05225},
{5.7669,3.19407,1.05304},
{5.76687,3.19434,1.05383},
{5.76684,3.1946,1.05461},
{5.76681,3.19487,1.0554},
{5.76678,3.19514,1.05618},
{5.76674,3.19541,1.05697},
{5.76671,3.19568,1.05775},
{5.76668,3.19594,1.05854},
{5.76665,3.19621,1.05933},
{5.76662,3.19648,1.06011},
{5.76659,3.19675,1.0609},
{5.76656,3.19702,1.06168},
{5.76652,3.19728,1.06247},
{5.76649,3.19755,1.06325},
{5.76646,3.19782,1.06404},
{5.76643,3.19809,1.06482},
{5.7664,3.19836,1.06561},
{5.76637,3.19862,1.0664},
{5.76634,3.19889,1.06718},
{5.7663,3.19916,1.06797},
{5.76627,3.19943,1.06875},
{5.76624,3.1997,1.06954},
{5.76621,3.19996,1.07032},
{5.76618,3.20023,1.07111},
{5.76615,3.2005,1.0719},
{5.76612,3.20077,1.07268},
{5.76608,3.20104,1.07347},
{5.76605,3.2013,1.07425},
{5.76602,3.20157,1.07504},
{5.76599,3.20184,1.07582},
{5.76596,3.20211,1.07661},
{5.76593,3.20238,1.07739},
{5.7659,3.20264,1.07818},
{5.76586,3.20291,1.07897},
{5.76583,3.20318,1.07975},
{5.7658,3.20345,1.08054},
{5.76577,3.20372,1.08132},
{5.76574,3.20398,1.08211},
{5.76551,3.20583,1.08742},
{5.76546,3.20614,1.08821},
{5.76542,3.20645,1.08899},
{5.76537,3.20676,1.08978},
{5.76532,3.20707,1.09056},
{5.76527,3.20738,1.09135},
{5.76522,3.20769,1.09213},
{5.76518,3.208,1.09292},
{5.76513,3.20832,1.0937},
{5.76508,3.20863,1.09449},
{5.76503,3.20894,1.09527},
{5.76498,3.20925,1.09606},
{5.76494,3.20956,1.09685},
{5.76489,3.20987,1.09763},
{5.76484,3.21018,1.09842},
{5.76479,3.21049,1.0992},
{5.76474,3.2108,1.09999},
{5.7647,3.21111,1.10077},
{5.76465,3.21142,1.10156},
{5.7646,3.21173,1.10234},
{5.76455,3.21204,1.10313},
{5.76451,3.21235,1.10391},
{5.76446,3.21266,1.1047},
{5.76441,3.21297,1.10548},
{5.76436,3.21328,1.10627},
{5.76431,3.21359,1.10705},
{5.76427,3.2139,1.10784},
{5.76422,3.21421,1.10862},
{5.76417,3.21452,1.10941},
{5.76412,3.21484,1.11019},
{5.76407,3.21515,1.11098},
{5.76403,3.21546,1.11176},
{5.76398,3.21577,1.11255},
{5.76393,3.21608,1.11333},
{5.76388,3.21639,1.11412},
{5.76383,3.2167,1.1149},
{5.76379,3.21701,1.11569},
{5.76374,3.21732,1.11648},
{5.76369,3.21763,1.11726},
{5.76364,3.21794,1.11805},
{5.76359,3.21825,1.11883},
{5.76355,3.21856,1.11962},
{5.7635,3.21887,1.1204},
{5.76345,3.21918,1.12119},
{5.7634,3.21949,1.12197},
{5.76335,3.2198,1.12276},
{5.76331,3.22011,1.12354},
{5.76326,3.22042,1.12433},
{5.76321,3.22073,1.12511},
{5.76316,3.22104,1.1259},
{5.76311,3.22136,1.12668},
{5.76307,3.22167,1.12747},
{5.76302,3.22198,1.12825},
{5.76297,3.22229,1.12904},
{5.76292,3.2226,1.12982},
{5.76288,3.22291,1.13061},
{5.76283,3.22322,1.13139},
{5.76278,3.22353,1.13218},
{5.76273,3.22384,1.13296},
{5.76268,3.22415,1.13375},
{5.76264,3.22446,1.13453},
{5.76259,3.22477,1.13532},
{5.76254,3.22508,1.1361},
{5.76249,3.22539,1.13689},
{5.76244,3.2257,1.13768},
{5.7624,3.22601,1.13846},
{5.76235,3.22632,1.13925},
{5.7623,3.22663,1.14003},
{5.76225,3.22694,1.14082},
{5.7622,3.22725,1.1416},
{5.76216,3.22757,1.14239},
{5.76211,3.22788,1.14317},
{5.76178,3.22992,1.14826},
{5.76171,3.23027,1.14904},
{5.76164,3.23063,1.14983},
{5.76157,3.23098,1.15061},
{5.76151,3.23133,1.1514},
{5.76144,3.23168,1.15218},
{5.76137,3.23204,1.15297},
{5.7613,3.23239,1.15375},
{5.76123,3.23274,1.15454},
{5.76116,3.23309,1.15533},
{5.76109,3.23345,1.15611},
{5.76103,3.2338,1.1569},
{5.76096,3.23415,1.15768},
{5.76089,3.2345,1.15847},
{5.76082,3.23486,1.15925},
{5.76075,3.23521,1.16004},
{5.76068,3.23556,1.16082},
{5.76061,3.23591,1.16161},
{5.76055,3.23627,1.1624},
{5.76048,3.23662,1.16318},
{5.76041,3.23697,1.16397},
{5.76034,3.23732,1.16475},
{5.76027,3.23768,1.16554},
{5.7602,3.23803,1.16632},
{5.76013,3.23838,1.16711},
{5.76006,3.23873,1.16789},
{5.76,3.23909,1.16868},
{5.75993,3.23944,1.16947},
{5.75986,3.23979,1.17025},
{5.75979,3.24014,1.17104},
{5.75972,3.2405,1.17182},
{5.75965,3.24085,1.17261},
{5.75958,3.2412,1.17339},
{5.75952,3.24155,1.17418},
{5.75945,3.24191,1.17496},
{5.75938,3.24226,1.17575},
{5.75931,3.24261,1.17654},
{5.75924,3.24296,1.17732},
{5.75917,3.24332,1.17811},
{5.7591,3.24367,1.17889},
{5.75904,3.24402,1.17968},
{5.75897,3.24437,1.18046},
{5.7589,3.24473,1.18125},
{5.75883,3.24508,1.18203},
{5.75876,3.24543,1.18282},
{5.75869,3.24578,1.18361},
{5.75862,3.24614,1.18439},
{5.75855,3.24649,1.18518},
{5.75849,3.24684,1.18596},
{5.75842,3.24719,1.18675},
{5.75835,3.24755,1.18753},
{5.75828,3.2479,1.18832},
{5.75821,3.24825,1.1891},
{5.75814,3.2486,1.18989},
{5.75807,3.24896,1.19068},
{5.75801,3.24931,1.19146},
{5.75794,3.24966,1.19225},
{5.75787,3.25001,1.19303},
{5.7578,3.25037,1.19382},
{5.75773,3.25072,1.1946},
{5.75766,3.25107,1.19539},
{5.75759,3.25142,1.19617},
{5.75752,3.25178,1.19696},
{5.75746,3.25213,1.19775},
{5.75739,3.25248,1.19853},
{5.75732,3.25283,1.19932},
{5.75725,3.25319,1.2001},
{5.75718,3.25354,1.20089},
{5.75711,3.25389,1.20167},
{5.75704,3.25424,1.20246},
{5.75698,3.2546,1.20324},
{5.75691,3.25495,1.20403},
{5.75684,3.2553,1.20482},
{5.75677,3.25565,1.2056},
{5.7567,3.25601,1.20639},
{5.75663,3.25636,1.20717},
{5.75656,3.25671,1.20796},
{5.75613,3.2589,1.2128},
{5.75604,3.25929,1.21358},
{5.75594,3.25969,1.21437},
{5.75585,3.26008,1.21515},
{5.75576,3.26047,1.21594},
{5.75566,3.26087,1.21672},
{5.75557,3.26126,1.21751},
{5.75547,3.26165,1.2183},
{5.75538,3.26205,1.21908},
{5.75529,3.26244,1.21987},
{5.75519,3.26283,1.22065},
{5.7551,3.26322,1.22144},
{5.755,3.26362,1.22222},
{5.75491,3.26401,1.22301},
{5.75482,3.2644,1.22379},
{5.75472,3.2648,1.22458},
{5.75463,3.26519,1.22536},
{5.75453,3.26558,1.22615},
{5.75444,3.26598,1.22693},
{5.75435,3.26637,1.22772},
{5.75425,3.26676,1.2285},
{5.75416,3.26716,1.22929},
{5.75406,3.26755,1.23007},
{5.75397,3.26794,1.23086},
{5.75388,3.26834,1.23164},
{5.75378,3.26873,1.23243},
{5.75369,3.26912,1.23322},
{5.7536,3.26952,1.234},
{5.7535,3.26991,1.23479},
{5.75341,3.2703,1.23557},
{5.75331,3.2707,1.23636},
{5.75322,3.27109,1.23714},
{5.75313,3.27148,1.23793},
{5.75303,3.27188,1.23871},
{5.75294,3.27227,1.2395},
{5.75284,3.27266,1.24028},
{5.75275,3.27305,1.24107},
{5.75266,3.27345,1.24185},
{5.75256,3.27384,1.24264},
{5.75247,3.27423,1.24342},
{5.75237,3.27463,1.24421},
{5.75228,3.27502,1.24499},
{5.75219,3.27541,1.24578},
{5.75209,3.27581,1.24656},
{5.752,3.2762,1.24735},
{5.7519,3.27659,1.24814},
{5.75181,3.27699,1.24892},
{5.75172,3.27738,1.24971},
{5.75162,3.27777,1.25049},
{5.75153,3.27817,1.25128},
{5.75143,3.27856,1.25206},
{5.75134,3.27895,1.25285},
{5.75125,3.27935,1.25363},
{5.75115,3.27974,1.25442},
{5.75106,3.28013,1.2552},
{5.75096,3.28053,1.25599},
{5.75087,3.28092,1.25677},
{5.75078,3.28131,1.25756},
{5.75068,3.28171,1.25834},
{5.75059,3.2821,1.25913},
{5.75049,3.28249,1.25991},
{5.7504,3.28288,1.2607},
{5.75031,3.28328,1.26148},
{5.75021,3.28367,1.26227},
{5.75012,3.28406,1.26306},
{5.75003,3.28446,1.26384},
{5.74993,3.28485,1.26463},
{5.74984,3.28524,1.26541},
{5.74974,3.28564,1.2662},
{5.74965,3.28603,1.26698},
{5.74956,3.28642,1.26777},
{5.74946,3.28682,1.26855},
{5.74937,3.28721,1.26934},
{5.74927,3.2876,1.27012},
{5.74918,3.288,1.27091},
{5.74909,3.28839,1.27169},
{5.74899,3.28878,1.27248},
{5.7489,3.28918,1.27326},
{5.7488,3.28957,1.27405},
{5.74871,3.28996,1.27483},
{5.74862,3.29036,1.27562},
{5.74852,3.29075,1.2764},
{5.74843,3.29114,1.27719},
{5.74786,3.29346,1.28177},
{5.74773,3.29389,1.28255},
{5.74761,3.29433,1.28334},
{5.74749,3.29476,1.28412},
{5.74736,3.29519,1.28491},
{5.74724,3.29562,1.2857},
{5.74712,3.29605,1.28648},
{5.74699,3.29648,1.28727},
{5.74687,3.29691,1.28805},
{5.74675,3.29734,1.28884},
{5.74662,3.29777,1.28962},
{5.7465,3.29821,1.29041},
{5.74637,3.29864,1.29119},
{5.74625,3.29907,1.29198},
{5.74613,3.2995,1.29277},
{5.746,3.29993,1.29355},
{5.74588,3.30036,1.29434},
{5.74576,3.30079,1.29512},
{5.74563,3.30122,1.29591},
{5.74551,3.30166,1.29669},
{5.74539,3.30209,1.29748},
{5.74526,3.30252,1.29826},
{5.74514,3.30295,1.29905},
{5.74501,3.30338,1.29983},
{5.74489,3.30381,1.30062},
{5.74477,3.30424,1.30141},
{5.74464,3.30467,1.30219},
{5.74452,3.3051,1.30298},
{5.7444,3.30554,1.30376},
{5.74427,3.30597,1.30455},
{5.74415,3.3064,1.30533},
{5.74403,3.30683,1.30612},
{5.7439,3.30726,1.3069},
{5.74378,3.30769,1.30769},
{5.74365,3.30812,1.30848},
{5.74353,3.30855,1.30926},
{5.74341,3.30899,1.31005},
{5.74328,3.30942,1.31083},
{5.74316,3.30985,1.31162},
{5.74304,3.31028,1.3124},
{5.74291,3.31071,1.31319},
{5.74279,3.31114,1.31397},
{5.74267,3.31157,1.31476},
{5.74254,3.312,1.31554},
{5.74242,3.31243,1.31633},
{5.74229,3.31287,1.31712},
{5.74217,3.3133,1.3179},
{5.74205,3.31373,1.31869},
{5.74192,3.31416,1.31947},
{5.7418,3.31459,1.32026},
{5.74168,3.31502,1.32104},
{5.74155,3.31545,1.32183},
{5.74143,3.31588,1.32261},
{5.74131,3.31632,1.3234},
{5.74118,3.31675,1.32419},
{5.74106,3.31718,1.32497},
{5.74093,3.31761,1.32576},
{5.74081,3.31804,1.32654},
{5.74069,3.31847,1.32733},
{5.74056,3.3189,1.32811},
{5.74044,3.31933,1.3289},
{5.74032,3.31977,1.32968},
{5.74019,3.3202,1.33047},
{5.74007,3.32063,1.33126},
{5.73995,3.32106,1.33204},
{5.73982,3.32149,1.33283},
{5.7397,3.32192,1.33361},
{5.73957,3.32235,1.3344},
{5.73945,3.32278,1.33518},
{5.73933,3.32321,1.33597},
{5.7392,3.32365,1.33675},
{5.73908,3.32408,1.33754},
{5.73896,3.32451,1.33832},
{5.73883,3.32494,1.33911},
{5.73871,3.32537,1.3399},
{5.73859,3.3258,1.34068},
{5.73846,3.32623,1.34147},
{5.73834,3.32666,1.34225},
{5.73821,3.3271,1.34304},
{5.73809,3.32753,1.34382},
{5.73797,3.32796,1.34461},
{5.73784,3.32839,1.34539},
{5.73772,3.32882,1.34618},
{5.7376,3.32925,1.34697},
{5.73747,3.32968,1.34775},
{5.73735,3.33011,1.34854},
{5.73723,3.33054,1.34932},
{5.73654,3.33292,1.35362},
{5.73638,3.33338,1.35441},
{5.73622,3.33385,1.3552},
{5.73607,3.33431,1.35598},
{5.73591,3.33478,1.35677},
{5.73575,3.33525,1.35755},
{5.73559,3.33571,1.35834},
{5.73544,3.33618,1.35912},
{5.73528,3.33664,1.35991},
{5.73512,3.33711,1.36069},
{5.73496,3.33757,1.36148},
{5.73481,3.33804,1.36226},
{5.73465,3.3385,1.36305},
{5.73449,3.33897,1.36383},
{5.73433,3.33944,1.36462},
{5.73418,3.3399,1.3654},
{5.73402,3.34037,1.36619},
{5.73386,3.34083,1.36697},
{5.7337,3.3413,1.36776},
{5.73355,3.34176,1.36855},
{5.73339,3.34223,1.36933},
{5.73323,3.3427,1.37012},
{5.73307,3.34316,1.3709},
{5.73292,3.34363,1.37169},
{5.73276,3.34409,1.37247},
{5.7326,3.34456,1.37326},
{5.73244,3.34502,1.37404},
{5.73229,3.34549,1.37483},
{5.73213,3.34595,1.37561},
{5.73197,3.34642,1.3764},
{5.73181,3.34689,1.37718},
{5.73166,3.34735,1.37797},
{5.7315,3.34782,1.37875},
{5.73134,3.34828,1.37954},
{5.73118,3.34875,1.38032},
{5.73103,3.34921,1.38111},
{5.73087,3.34968,1.3819},
{5.73071,3.35015,1.38268},
{5.73055,3.35061,1.38347},
{5.7304,3.35108,1.38425},
{5.73024,3.35154,1.38504},
{5.73008,3.35201,1.38582},
{5.72992,3.35247,1.38661},
{5.72977,3.35294,1.38739},
{5.72961,3.3534,1.38818},
{5.72945,3.35387,1.38896},
{5.72929,3.35434,1.38975},
{5.72914,3.3548,1.39053},
{5.72898,3.35527,1.39132},
{5.72882,3.35573,1.3921},
{5.72866,3.3562,1.39289},
{5.72851,3.35666,1.39367},
{5.72835,3.35713,1.39446},
{5.72819,3.3576,1.39525},
{5.72803,3.35806,1.39603},
{5.72788,3.35853,1.39682},
{5.72772,3.35899,1.3976},
{5.72756,3.35946,1.39839},
{5.7274,3.35992,1.39917},
{5.72725,3.36039,1.39996},
{5.72709,3.36085,1.40074},
{5.72693,3.36132,1.40153},
{5.72677,3.36179,1.40231},
{5.72662,3.36225,1.4031},
{5.72646,3.36272,1.40388},
{5.7263,3.36318,1.40467},
{5.72614,3.36365,1.40545},
{5.72599,3.36411,1.40624},
{5.72583,3.36458,1.40702},
{5.72567,3.36505,1.40781},
{5.72551,3.36551,1.40859},
{5.72536,3.36598,1.40938},
{5.7252,3.36644,1.41017},
{5.72504,3.36691,1.41095},
{5.72488,3.36737,1.41174},
{5.72473,3.36784,1.41252},
{5.72457,3.3683,1.41331},
{5.72441,3.36877,1.41409},
{5.72425,3.36924,1.41488},
{5.7241,3.3697,1.41566},
{5.72394,3.37017,1.41645},
{5.72378,3.37063,1.41723},
{5.72362,3.3711,1.41802},
{5.72347,3.37156,1.4188},
{5.72331,3.37203,1.41959},
{5.72315,3.3725,1.42037},
{5.72299,3.37296,1.42116},
{5.72284,3.37343,1.42194},
{5.72268,3.37389,1.42273},
{5.72252,3.37436,1.42352},
{5.72236,3.37482,1.4243},
{5.72221,3.37529,1.42509},
{5.72139,3.37768,1.4291},
{5.72119,3.37817,1.42988},
{5.721,3.37867,1.43067},
{5.7208,3.37916,1.43145},
{5.72061,3.37966,1.43224},
{5.72041,3.38015,1.43302},
{5.72022,3.38065,1.43381},
{5.72002,3.38115,1.4346},
{5.71983,3.38164,1.43538},
{5.71963,3.38214,1.43617},
{5.71944,3.38263,1.43695},
{5.71924,3.38313,1.43774},
{5.71905,3.38362,1.43852},
{5.71885,3.38412,1.43931},
{5.71866,3.38461,1.44009},
{5.71846,3.38511,1.44088},
{5.71827,3.3856,1.44167},
{5.71807,3.3861,1.44245},
{5.71788,3.38659,1.44324},
{5.71768,3.38709,1.44402},
{5.71749,3.38758,1.44481},
{5.71729,3.38808,1.44559},
{5.7171,3.38857,1.44638},
{5.7169,3.38907,1.44716},
{5.71671,3.38956,1.44795},
{5.71651,3.39006,1.44873},
{5.71632,3.39055,1.44952},
{5.71612,3.39105,1.45031},
{5.71593,3.39155,1.45109},
{5.71573,3.39204,1.45188},
{5.71554,3.39254,1.45266},
{5.71534,3.39303,1.45345},
{5.71515,3.39353,1.45423},
{5.71495,3.39402,1.45502},
{5.71476,3.39452,1.4558},
{5.71456,3.39501,1.45659},
{5.71437,3.39551,1.45737},
{5.71417,3.396,1.45816},
{5.71398,3.3965,1.45895},
{5.71378,3.39699,1.45973},
{5.71359,3.39749,1.46052},
{5.71339,3.39798,1.4613},
{5.7132,3.39848,1.46209},
{5.713,3.39897,1.46287},
{5.71281,3.39947,1.46366},
{5.71261,3.39996,1.46444},
{5.71242,3.40046,1.46523},
{5.71222,3.40096,1.46602},
{5.71203,3.40145,1.4668},
{5.71183,3.40195,1.46759},
{5.71164,3.40244,1.46837},
{5.71144,3.40294,1.46916},
{5.71125,3.40343,1.46994},
{5.71105,3.40393,1.47073},
{5.71086,3.40442,1.47151},
{5.71066,3.40492,1.4723},
{5.71047,3.40541,1.47308},
{5.71027,3.40591,1.47387},
{5.71008,3.4064,1.47466},
{5.70988,3.4069,1.47544},
{5.70969,3.40739,1.47623},
{5.70949,3.40789,1.47701},
{5.7093,3.40838,1.4778},
{5.7091,3.40888,1.47858},
{5.70891,3.40937,1.47937},
{5.70871,3.40987,1.48015},
{5.70852,3.41037,1.48094},
{5.70832,3.41086,1.48172},
{5.70813,3.41136,1.48251},
{5.70793,3.41185,1.4833},
{5.70774,3.41235,1.48408},
{5.70754,3.41284,1.48487},
{5.70735,3.41334,1.48565},
{5.70715,3.41383,1.48644},
{5.70696,3.41433,1.48722},
{5.70676,3.41482,1.48801},
{5.70657,3.41532,1.48879},
{5.70637,3.41581,1.48958},
{5.70618,3.41631,1.49037},
{5.70598,3.4168,1.49115},
{5.70579,3.4173,1.49194},
{5.70559,3.41779,1.49272},
{5.7054,3.41829,1.49351},
{5.7052,3.41878,1.49429},
{5.70501,3.41928,1.49508},
{5.70481,3.41978,1.49586},
{5.70462,3.42027,1.49665},
{5.70442,3.42077,1.49743},
{5.70423,3.42126,1.49822},
{5.70403,3.42176,1.49901},
{5.70384,3.42225,1.49979},
{5.70364,3.42275,1.50058},
{5.70345,3.42324,1.50136},
{5.70325,3.42374,1.50215},
{5.70306,3.42423,1.50293},
{5.70286,3.42473,1.50372},
{5.70193,3.42707,1.50743},
{5.70169,3.42759,1.50821},
{5.70146,3.42811,1.509},
{5.70122,3.42863,1.50978},
{5.70099,3.42915,1.51057},
{5.70075,3.42967,1.51135},
{5.70052,3.43019,1.51214},
{5.70028,3.43071,1.51292},
{5.70004,3.43123,1.51371},
{5.69981,3.43175,1.51449},
{5.69957,3.43227,1.51528},
{5.69934,3.43279,1.51607},
{5.6991,3.43331,1.51685},
{5.69887,3.43382,1.51764},
{5.69863,3.43434,1.51842},
{5.6984,3.43486,1.51921},
{5.69816,3.43538,1.51999},
{5.69792,3.4359,1.52078},
{5.69769,3.43642,1.52156},
{5.69745,3.43694,1.52235},
{5.69722,3.43746,1.52313},
{5.69698,3.43798,1.52392},
{5.69675,3.4385,1.5247},
{5.69651,3.43902,1.52549},
{5.69628,3.43954,1.52627},
{5.69604,3.44006,1.52706},
{5.6958,3.44058,1.52784},
{5.69557,3.44109,1.52863},
{5.69533,3.44161,1.52942},
{5.6951,3.44213,1.5302},
{5.69486,3.44265,1.53099},
{5.69463,3.44317,1.53177},
{5.69439,3.44369,1.53256},
{5.69416,3.44421,1.53334},
{5.69392,3.44473,1.53413},
{5.69369,3.44525,1.53491},
{5.69345,3.44577,1.5357},
{5.69321,3.44629,1.53648},
{5.69298,3.44681,1.53727},
{5.69274,3.44733,1.53805},
{5.69251,3.44785,1.53884},
{5.69227,3.44836,1.53962},
{5.69204,3.44888,1.54041},
{5.6918,3.4494,1.54119},
{5.69157,3.44992,1.54198},
{5.69133,3.45044,1.54277},
{5.69109,3.45096,1.54355},
{5.69086,3.45148,1.54434},
{5.69062,3.452,1.54512},
{5.69039,3.45252,1.54591},
{5.69015,3.45304,1.54669},
{5.68992,3.45356,1.54748},
{5.68968,3.45408,1.54826},
{5.68945,3.4546,1.54905},
{5.68921,3.45512,1.54983},
{5.68897,3.45564,1.55062},
{5.68874,3.45615,1.5514},
{5.6885,3.45667,1.55219},
{5.68827,3.45719,1.55297},
{5.68803,3.45771,1.55376},
{5.6878,3.45823,1.55455},
{5.68756,3.45875,1.55533},
{5.68733,3.45927,1.55612},
{5.68709,3.45979,1.5569},
{5.68685,3.46031,1.55769},
{5.68662,3.46083,1.55847},
{5.68638,3.46135,1.55926},
{5.68615,3.46187,1.56004},
{5.68591,3.46239,1.56083},
{5.68568,3.46291,1.56161},
{5.68544,3.46342,1.5624},
{5.68521,3.46394,1.56318},
{5.68497,3.46446,1.56397},
{5.68474,3.46498,1.56475},
{5.6845,3.4655,1.56554},
{5.68426,3.46602,1.56632},
{5.68403,3.46654,1.56711},
{5.68379,3.46706,1.5679},
{5.68356,3.46758,1.56868},
{5.68332,3.4681,1.56947},
{5.68309,3.46862,1.57025},
{5.68285,3.46914,1.57104},
{5.68262,3.46966,1.57182},
{5.68238,3.47018,1.57261},
{5.68214,3.47069,1.57339},
{5.68191,3.47121,1.57418},
{5.68167,3.47173,1.57496},
{5.68144,3.47225,1.57575},
{5.6812,3.47277,1.57653},
{5.68097,3.47329,1.57732},
{5.68073,3.47381,1.5781},
{5.6805,3.47433,1.57889},
{5.68026,3.47485,1.57967},
{5.68002,3.47537,1.58046},
{5.67979,3.47589,1.58125},
{5.67955,3.47641,1.58203},
{5.67932,3.47693,1.58282},
{5.67908,3.47745,1.5836},
{5.67885,3.47796,1.58439},
{5.67861,3.47848,1.58517},
{5.67757,3.48074,1.58856},
{5.67729,3.48127,1.58935},
{5.67701,3.48181,1.59014},
{5.67674,3.48235,1.59092},
{5.67646,3.48288,1.59171},
{5.67618,3.48342,1.59249},
{5.6759,3.48396,1.59328},
{5.67562,3.48449,1.59406},
{5.67534,3.48503,1.59485},
{5.67507,3.48557,1.59563},
{5.67479,3.4861,1.59642},
{5.67451,3.48664,1.5972},
{5.67423,3.48718,1.59799},
{5.67395,3.48771,1.59878},
{5.67368,3.48825,1.59956},
{5.6734,3.48879,1.60035},
{5.67312,3.48932,1.60113},
{5.67284,3.48986,1.60192},
{5.67256,3.4904,1.6027},
{5.67228,3.49093,1.60349},
{5.67201,3.49147,1.60427},
{5.67173,3.49201,1.60506},
{5.67145,3.49254,1.60584},
{5.67117,3.49308,1.60663},
{5.67089,3.49362,1.60742},
{5.67062,3.49415,1.6082},
{5.67034,3.49469,1.60899},
{5.67006,3.49523,1.60977},
{5.66978,3.49576,1.61056},
{5.6695,3.4963,1.61134},
{5.66922,3.49684,1.61213},
{5.66895,3.49737,1.61291},
{5.66867,3.49791,1.6137},
{5.66839,3.49845,1.61448},
{5.66811,3.49898,1.61527},
{5.66783,3.49952,1.61606},
{5.66756,3.50006,1.61684},
{5.66728,3.50059,1.61763},
{5.667,3.50113,1.61841},
{5.66672,3.50167,1.6192},
{5.66644,3.5022,1.61998},
{5.66616,3.50274,1.62077},
{5.66589,3.50328,1.62155},
{5.66561,3.50381,1.62234},
{5.66533,3.50435,1.62312},
{5.66505,3.50489,1.62391},
{5.66477,3.50542,1.6247},
{5.6645,3.50596,1.62548},
{5.66422,3.5065,1.62627},
{5.66394,3.50703,1.62705},
{5.66366,3.50757,1.62784},
{5.66338,3.50811,1.62862},
{5.6631,3.50864,1.62941},
{5.66283,3.50918,1.63019},
{5.66255,3.50972,1.63098},
{5.66227,3.51025,1.63177},
{5.66199,3.51079,1.63255},
{5.66171,3.51133,1.63334},
{5.66144,3.51187,1.63412},
{5.66116,3.5124,1.63491},
{5.66088,3.51294,1.63569},
{5.6606,3.51348,1.63648},
{5.66032,3.51401,1.63726},
{5.66004,3.51455,1.63805},
{5.65977,3.51509,1.63883},
{5.65949,3.51562,1.63962},
{5.65921,3.51616,1.64041},
{5.65893,3.5167,1.64119},
{5.65865,3.51723,1.64198},
{5.65838,3.51777,1.64276},
{5.6581,3.51831,1.64355},
{5.65782,3.51884,1.64433},
{5.65754,3.51938,1.64512},
{5.65726,3.51992,1.6459},
{5.65698,3.52045,1.64669},
{5.65671,3.52099,1.64747},
{5.65643,3.52153,1.64826},
{5.65615,3.52206,1.64905},
{5.65587,3.5226,1.64983},
{5.65559,3.52314,1.65062},
{5.65531,3.52367,1.6514},
{5.65504,3.52421,1.65219},
{5.65476,3.52475,1.65297},
{5.65448,3.52528,1.65376},
{5.6542,3.52582,1.65454},
{5.65392,3.52636,1.65533},
{5.65365,3.52689,1.65611},
{5.65337,3.52743,1.6569},
{5.65309,3.52797,1.65769},
{5.65281,3.5285,1.65847},
{5.65253,3.52904,1.65926},
{5.65225,3.52958,1.66004},
{5.65198,3.53011,1.66083},
{5.6517,3.53065,1.66161},
{5.65142,3.53119,1.6624},
{5.65114,3.53172,1.66318},
{5.65086,3.53226,1.66397},
{5.65059,3.5328,1.66475},
{5.65031,3.53333,1.66554},
{5.65003,3.53387,1.66633},
{5.64975,3.53441,1.66711},
{5.64947,3.53494,1.6679},
{5.64919,3.53548,1.66868},
{5.64809,3.53758,1.67175},
{5.64777,3.53813,1.67253},
{5.64744,3.53867,1.67332},
{5.64712,3.53922,1.67411},
{5.6468,3.53977,1.67489},
{5.64648,3.54031,1.67568},
{5.64616,3.54086,1.67646},
{5.64583,3.54141,1.67725},
{5.64551,3.54196,1.67803},
{5.64519,3.5425,1.67882},
{5.64487,3.54305,1.6796},
{5.64455,3.5436,1.68039},
{5.64422,3.54414,1.68117},
{5.6439,3.54469,1.68196},
{5.64358,3.54524,1.68274},
{5.64326,3.54579,1.68353},
{5.64294,3.54633,1.68431},
{5.64261,3.54688,1.6851},
{5.64229,3.54743,1.68588},
{5.64197,3.54797,1.68667},
{5.64165,3.54852,1.68746},
{5.64133,3.54907,1.68824},
{5.641,3.54961,1.68903},
{5.64068,3.55016,1.68981},
{5.64036,3.55071,1.6906},
{5.64004,3.55126,1.69138},
{5.63972,3.5518,1.69217},
{5.6394,3.55235,1.69295},
{5.63907,3.5529,1.69374},
{5.63875,3.55344,1.69452},
{5.63843,3.55399,1.69531},
{5.63811,3.55454,1.69609},
{5.63779,3.55509,1.69688},
{5.63746,3.55563,1.69766},
{5.63714,3.55618,1.69845},
{5.63682,3.55673,1.69924},
{5.6365,3.55727,1.70002},
{5.63618,3.55782,1.70081},
{5.63585,3.55837,1.70159},
{5.63553,3.55891,1.70238},
{5.63521,3.55946,1.70316},
{5.63489,3.56001,1.70395},
{5.63457,3.56056,1.70473},
{5.63424,3.5611,1.70552},
{5.63392,3.56165,1.7063},
{5.6336,3.5622,1.70709},
{5.63328,3.56274,1.70787},
{5.63296,3.56329,1.70866},
{5.63263,3.56384,1.70944},
{5.63231,3.56439,1.71023},
{5.63199,3.56493,1.71101},
{5.63167,3.56548,1.7118},
{5.63135,3.56603,1.71259},
{5.63102,3.56657,1.71337},
{5.6307,3.56712,1.71416},
{5.63038,3.56767,1.71494},
{5.63006,3.56821,1.71573},
{5.62974,3.56876,1.71651},
{5.62941,3.56931,1.7173},
{5.62909,3.56986,1.71808},
{5.62877,3.5704,1.71887},
{5.62845,3.57095,1.71965},
{5.62813,3.5715,1.72044},
{5.6278,3.57204,1.72122},
{5.62748,3.57259,1.72201},
{5.62716,3.57314,1.72279},
{5.62684,3.57369,1.72358},
{5.62652,3.57423,1.72437},
{5.62619,3.57478,1.72515},
{5.62587,3.57533,1.72594},
{5.62555,3.57587,1.72672},
{5.62523,3.57642,1.72751},
{5.62491,3.57697,1.72829},
{5.62458,3.57751,1.72908},
{5.62426,3.57806,1.72986},
{5.62394,3.57861,1.73065},
{5.62362,3.57916,1.73143},
{5.6233,3.5797,1.73222},
{5.62298,3.58025,1.733},
{5.62265,3.5808,1.73379},
{5.62233,3.58134,1.73457},
{5.62201,3.58189,1.73536},
{5.62169,3.58244,1.73614},
{5.62137,3.58298,1.73693},
{5.62104,3.58353,1.73772},
{5.62072,3.58408,1.7385},
{5.6204,3.58463,1.73929},
{5.62008,3.58517,1.74007},
{5.61976,3.58572,1.74086},
{5.61943,3.58627,1.74164},
{5.61911,3.58681,1.74243},
{5.61879,3.58736,1.74321},
{5.61847,3.58791,1.744},
{5.61815,3.58846,1.74478},
{5.61782,3.589,1.74557},
{5.6175,3.58955,1.74635},
{5.61718,3.5901,1.74714},
{5.61686,3.59064,1.74792},
{5.61654,3.59119,1.74871},
{5.61621,3.59174,1.7495},
{5.61589,3.59228,1.75028},
{5.61557,3.59283,1.75107},
{5.61525,3.59338,1.75185},
{5.61493,3.59393,1.75264},
{5.6146,3.59447,1.75342},
{5.61428,3.59502,1.75421},
{5.61314,3.59692,1.75694},
{5.61278,3.59747,1.75772},
{5.61241,3.59802,1.75851},
{5.61204,3.59857,1.75929},
{5.61168,3.59912,1.76008},
{5.61131,3.59967,1.76087},
{5.61095,3.60022,1.76165},
{5.61058,3.60077,1.76244},
{5.61022,3.60132,1.76322},
{5.60985,3.60187,1.76401},
{5.60948,3.60242,1.76479},
{5.60912,3.60297,1.76558},
{5.60875,3.60352,1.76636},
{5.60839,3.60407,1.76715},
{5.60802,3.60462,1.76793},
{5.60766,3.60517,1.76872},
{5.60729,3.60572,1.76951},
{5.60692,3.60627,1.77029},
{5.60656,3.60682,1.77108},
{5.60619,3.60737,1.77186},
{5.60583,3.60792,1.77265},
{5.60546,3.60847,1.77343},
{5.6051,3.60902,1.77422},
{5.60473,3.60957,1.775},
{5.60436,3.61012,1.77579},
{5.604,3.61067,1.77658},
{5.60363,3.61122,1.77736},
{5.60327,3.61177,1.77815},
{5.6029,3.61232,1.77893},
{5.60254,3.61287,1.77972},
{5.60217,3.61342,1.7805},
{5.60181,3.61397,1.78129},
{5.60144,3.61451,1.78207},
{5.60107,3.61506,1.78286},
{5.60071,3.61561,1.78364},
{5.60034,3.61616,1.78443},
{5.59998,3.61671,1.78522},
{5.59961,3.61726,1.786},
{5.59925,3.61781,1.78679},
{5.59888,3.61836,1.78757},
{5.59851,3.61891,1.78836},
{5.59815,3.61946,1.78914},
{5.59778,3.62001,1.78993},
{5.59742,3.62056,1.79071},
{5.59705,3.62111,1.7915},
{5.59669,3.62166,1.79228},
{5.59632,3.62221,1.79307},
{5.59595,3.62276,1.79386},
{5.59559,3.62331,1.79464},
{5.59522,3.62386,1.79543},
{5.59486,3.62441,1.79621},
{5.59449,3.62496,1.797},
{5.59413,3.62551,1.79778},
{5.59376,3.62606,1.79857},
{5.59339,3.62661,1.79935},
{5.59303,3.62716,1.80014},
{5.59266,3.62771,1.80092},
{5.5923,3.62826,1.80171},
{5.59193,3.62881,1.8025},
{5.59157,3.62936,1.80328},
{5.5912,3.62991,1.80407},
{5.59083,3.63046,1.80485},
{5.59047,3.63101,1.80564},
{5.5901,3.63156,1.80642},
{5.58974,3.63211,1.80721},
{5.58937,3.63266,1.80799},
{5.58901,3.63321,1.80878},
{5.58864,3.63375,1.80956},
{5.58827,3.6343,1.81035},
{5.58791,3.63485,1.81114},
{5.58754,3.6354,1.81192},
{5.58718,3.63595,1.81271},
{5.58681,3.6365,1.81349},
{5.58645,3.63705,1.81428},
{5.58608,3.6376,1.81506},
{5.58571,3.63815,1.81585},
{5.58535,3.6387,1.81663},
{5.58498,3.63925,1.81742},
{5.58462,3.6398,1.8182},
{5.58425,3.64035,1.81899},
{5.58389,3.6409,1.81978},
{5.58352,3.64145,1.82056},
{5.58315,3.642,1.82135},
{5.58279,3.64255,1.82213},
{5.58242,3.6431,1.82292},
{5.58206,3.64365,1.8237},
{5.58169,3.6442,1.82449},
{5.58133,3.64475,1.82527},
{5.58096,3.6453,1.82606},
{5.58059,3.64585,1.82684},
{5.58023,3.6464,1.82763},
{5.57986,3.64695,1.82842},
{5.5795,3.6475,1.8292},
{5.57913,3.64805,1.82999},
{5.57877,3.6486,1.83077},
{5.5784,3.64915,1.83156},
{5.57804,3.6497,1.83234},
{5.57767,3.65025,1.83313},
{5.5773,3.6508,1.83391},
{5.57694,3.65135,1.8347},
{5.57657,3.6519,1.83548},
{5.57621,3.65245,1.83627},
{5.57584,3.65299,1.83706},
{5.57548,3.65354,1.83784},
{5.57511,3.65409,1.83863},
{5.57474,3.65464,1.83941},
{5.57438,3.65519,1.8402},
{5.57401,3.65574,1.84098},
{5.5729,3.65742,1.84337},
{5.57249,3.65796,1.84416},
{5.57208,3.6585,1.84494},
{5.57168,3.65905,1.84573},
{5.57127,3.65959,1.84651},
{5.57086,3.66014,1.8473},
{5.57045,3.66068,1.84808},
{5.57004,3.66123,1.84887},
{5.56964,3.66177,1.84965},
{5.56923,3.66232,1.85044},
{5.56882,3.66286,1.85122},
{5.56841,3.66341,1.85201},
{5.568,3.66395,1.8528},
{5.5676,3.6645,1.85358},
{5.56719,3.66504,1.85437},
{5.56678,3.66559,1.85515},
{5.56637,3.66613,1.85594},
{5.56596,3.66668,1.85672},
{5.56556,3.66722,1.85751},
{5.56515,3.66776,1.85829},
{5.56474,3.66831,1.85908},
{5.56433,3.66885,1.85986},
{5.56392,3.6694,1.86065},
{5.56352,3.66994,1.86143},
{5.56311,3.67049,1.86222},
{5.5627,3.67103,1.863},
{5.56229,3.67158,1.86379},
{5.56188,3.67212,1.86458},
{5.56148,3.67267,1.86536},
{5.56107,3.67321,1.86615},
{5.56066,3.67376,1.86693},
{5.56025,3.6743,1.86772},
{5.55984,3.67485,1.8685},
{5.55944,3.67539,1.86929},
{5.55903,3.67594,1.87007},
{5.55862,3.67648,1.87086},
{5.55821,3.67702,1.87164},
{5.55781,3.67757,1.87243},
{5.5574,3.67811,1.87321},
{5.55699,3.67866,1.874},
{5.55658,3.6792,1.87478},
{5.55617,3.67975,1.87557},
{5.55577,3.68029,1.87636},
{5.55536,3.68084,1.87714},
{5.55495,3.68138,1.87793},
{5.55454,3.68193,1.87871},
{5.55413,3.68247,1.8795},
{5.55373,3.68302,1.88028},
{5.55332,3.68356,1.88107},
{5.55291,3.68411,1.88185},
{5.5525,3.68465,1.88264},
{5.55209,3.6852,1.88342},
{5.55169,3.68574,1.88421},
{5.55128,3.68629,1.88499},
{5.55087,3.68683,1.88578},
{5.55046,3.68737,1.88656},
{5.55005,3.68792,1.88735},
{5.54965,3.68846,1.88813},
{5.54924,3.68901,1.88892},
{5.54883,3.68955,1.88971},
{5.54842,3.6901,1.89049},
{5.54801,3.69064,1.89128},
{5.54761,3.69119,1.89206},
{5.5472,3.69173,1.89285},
{5.54679,3.69228,1.89363},
{5.54638,3.69282,1.89442},
{5.54597,3.69337,1.8952},
{5.54557,3.69391,1.89599},
{5.54516,3.69446,1.89677},
{5.54475,3.695,1.89756},
{5.54434,3.69555,1.89834},
{5.54393,3.69609,1.89913},
{5.54353,3.69663,1.89991},
{5.54312,3.69718,1.9007},
{5.54271,3.69772,1.90149},
{5.5423,3.69827,1.90227},
{5.54189,3.69881,1.90306},
{5.54149,3.69936,1.90384},
{5.54108,3.6999,1.90463},
{5.54067,3.70045,1.90541},
{5.54026,3.70099,1.9062},
{5.53985,3.70154,1.90698},
{5.53945,3.70208,1.90777},
{5.53904,3.70263,1.90855},
{5.53863,3.70317,1.90934},
{5.53822,3.70372,1.91012},
{5.53781,3.70426,1.91091},
{5.53741,3.70481,1.91169},
{5.537,3.70535,1.91248},
{5.53659,3.7059,1.91327},
{5.53618,3.70644,1.91405},
{5.53577,3.70698,1.91484},
{5.53537,3.70753,1.91562},
{5.53496,3.70807,1.91641},
{5.53455,3.70862,1.91719},
{5.53414,3.70916,1.91798},
{5.53374,3.70971,1.91876},
{5.53333,3.71025,1.91955},
{5.53292,3.7108,1.92033},
{5.53251,3.71134,1.92112},
{5.5321,3.71189,1.9219},
{5.5317,3.71243,1.92269},
{5.53129,3.71298,1.92347},
{5.53088,3.71352,1.92426},
{5.53047,3.71407,1.92505},
{5.53006,3.71461,1.92583},
{5.52966,3.71516,1.92662},
{5.52925,3.7157,1.9274},
{5.52884,3.71624,1.92819},
{5.52843,3.71679,1.92897},
{5.52802,3.71733,1.92976},
{5.52694,3.71874,1.9318},
{5.5265,3.71927,1.93258},
{5.52605,3.71981,1.93337},
{5.5256,3.72034,1.93415},
{5.52515,3.72087,1.93494},
{5.52471,3.7214,1.93572},
{5.52426,3.72193,1.93651},
{5.52381,3.72247,1.93729},
{5.52336,3.723,1.93808},
{5.52292,3.72353,1.93886},
{5.52247,3.72406,1.93965},
{5.52202,3.72459,1.94044},
{5.52157,3.72513,1.94122},
{5.52112,3.72566,1.94201},
{5.52068,3.72619,1.94279},
{5.52023,3.72672,1.94358},
{5.51978,3.72725,1.94436},
{5.51933,3.72779,1.94515},
{5.51889,3.72832,1.94593},
{5.51844,3.72885,1.94672},
{5.51799,3.72938,1.9475},
{5.51754,3.72991,1.94829},
{5.5171,3.73045,1.94908},
{5.51665,3.73098,1.94986},
{5.5162,3.73151,1.95065},
{5.51575,3.73204,1.95143},
{5.51531,3.73257,1.95222},
{5.51486,3.73311,1.953},
{5.51441,3.73364,1.95379},
{5.51396,3.73417,1.95457},
{5.51351,3.7347,1.95536},
{5.51307,3.73523,1.95615},
{5.51262,3.73577,1.95693},
{5.51217,3.7363,1.95772},
{5.51172,3.73683,1.9585},
{5.51128,3.73736,1.95929},
{5.51083,3.73789,1.96007},
{5.51038,3.73842,1.96086},
{5.50993,3.73896,1.96164},
{5.50949,3.73949,1.96243},
{5.50904,3.74002,1.96321},
{5.50859,3.74055,1.964},
{5.50814,3.74108,1.96479},
{5.5077,3.74162,1.96557},
{5.50725,3.74215,1.96636},
{5.5068,3.74268,1.96714},
{5.50635,3.74321,1.96793},
{5.5059,3.74374,1.96871},
{5.50546,3.74428,1.9695},
{5.50501,3.74481,1.97028},
{5.50456,3.74534,1.97107},
{5.50411,3.74587,1.97185},
{5.50367,3.7464,1.97264},
{5.50322,3.74694,1.97343},
{5.50277,3.74747,1.97421},
{5.50232,3.748,1.975},
{5.50188,3.74853,1.97578},
{5.50143,3.74906,1.97657},
{5.50098,3.7496,1.97735},
{5.50053,3.75013,1.97814},
{5.50009,3.75066,1.97892},
{5.49964,3.75119,1.97971},
{5.49919,3.75172,1.98049},
{5.49874,3.75226,1.98128},
{5.49829,3.75279,1.98207},
{5.49785,3.75332,1.98285},
{5.4974,3.75385,1.98364},
{5.49695,3.75438,1.98442},
{5.4965,3.75492,1.98521},
{5.49606,3.75545,1.98599},
{5.49561,3.75598,1.98678},
{5.49516,3.75651,1.98756},
{5.49471,3.75704,1.98835},
{5.49427,3.75758,1.98913},
{5.49382,3.75811,1.98992},
{5.49337,3.75864,1.99071},
{5.49292,3.75917,1.99149},
{5.49248,3.7597,1.99228},
{5.49203,3.76024,1.99306},
{5.49158,3.76077,1.99385},
{5.49113,3.7613,1.99463},
{5.49068,3.76183,1.99542},
{5.49024,3.76236,1.9962},
{5.48979,3.7629,1.99699},
{5.48934,3.76343,1.99777},
{5.48889,3.76396,1.99856},
{5.48845,3.76449,1.99935},
{5.488,3.76502,2.00013},
{5.48755,3.76556,2.00092},
{5.4871,3.76609,2.0017},
{5.48666,3.76662,2.00249},
{5.48621,3.76715,2.00327},
{5.48576,3.76768,2.00406},
{5.48531,3.76822,2.00484},
{5.48487,3.76875,2.00563},
{5.48442,3.76928,2.00641},
{5.48397,3.76981,2.0072},
{5.48352,3.77034,2.00799},
{5.48307,3.77088,2.00877},
{5.48263,3.77141,2.00956},
{5.48218,3.77194,2.01034},
{5.48173,3.77247,2.01113},
{5.48128,3.773,2.01191},
{5.48084,3.77354,2.0127},
{5.48039,3.77407,2.01348},
{5.47994,3.7746,2.01427},
{5.47949,3.77513,2.01505},
{5.47905,3.77566,2.01584},
{5.4786,3.7762,2.01663},
{5.47815,3.77673,2.01741},
{5.4777,3.77726,2.0182},
{5.47726,3.77779,2.01898},
{5.47628,3.77892,2.02067},
{5.4758,3.77944,2.02145},
{5.47531,3.77995,2.02224},
{5.47483,3.78046,2.02302},
{5.47435,3.78097,2.02381},
{5.47386,3.78148,2.02459},
{5.47338,3.782,2.02538},
{5.4729,3.78251,2.02616},
{5.47241,3.78302,2.02695},
{5.47193,3.78353,2.02773},
{5.47145,3.78405,2.02852},
{5.47097,3.78456,2.0293},
{5.47048,3.78507,2.03009},
{5.47,3.78558,2.03088},
{5.46952,3.78609,2.03166},
{5.46903,3.78661,2.03245},
{5.46855,3.78712,2.03323},
{5.46807,3.78763,2.03402},
{5.46758,3.78814,2.0348},
{5.4671,3.78865,2.03559},
{5.46662,3.78917,2.03637},
{5.46613,3.78968,2.03716},
{5.46565,3.79019,2.03794},
{5.46517,3.7907,2.03873},
{5.46468,3.79121,2.03951},
{5.4642,3.79173,2.0403},
{5.46372,3.79224,2.04108},
{5.46323,3.79275,2.04187},
{5.46275,3.79326,2.04266},
{5.46227,3.79377,2.04344},
{5.46178,3.79429,2.04423},
{5.4613,3.7948,2.04501},
{5.46082,3.79531,2.0458},
{5.46033,3.79582,2.04658},
{5.45985,3.79634,2.04737},
{5.45937,3.79685,2.04815},
{5.45888,3.79736,2.04894},
{5.4584,3.79787,2.04972},
{5.45792,3.79838,2.05051},
{5.45743,3.7989,2.05129},
{5.45695,3.79941,2.05208},
{5.45647,3.79992,2.05286},
{5.45598,3.80043,2.05365},
{5.4555,3.80094,2.05444},
{5.45502,3.80146,2.05522},
{5.45453,3.80197,2.05601},
{5.45405,3.80248,2.05679},
{5.45357,3.80299,2.05758},
{5.45308,3.8035,2.05836},
{5.4526,3.80402,2.05915},
{5.45212,3.80453,2.05993},
{5.45164,3.80504,2.06072},
{5.45115,3.80555,2.0615},
{5.45067,3.80607,2.06229},
{5.45019,3.80658,2.06307},
{5.4497,3.80709,2.06386},
{5.44922,3.8076,2.06464},
{5.44874,3.80811,2.06543},
{5.44825,3.80863,2.06622},
{5.44777,3.80914,2.067},
{5.44729,3.80965,2.06779},
{5.4468,3.81016,2.06857},
{5.44632,3.81067,2.06936},
{5.44584,3.81119,2.07014},
{5.44535,3.8117,2.07093},
{5.44487,3.81221,2.07171},
{5.44439,3.81272,2.0725},
{5.4439,3.81323,2.07328},
{5.44342,3.81375,2.07407},
{5.44294,3.81426,2.07485},
{5.44245,3.81477,2.07564},
{5.44197,3.81528,2.07642},
{5.44149,3.8158,2.07721},
{5.441,3.81631,2.07799},
{5.44052,3.81682,2.07878},
{5.44004,3.81733,2.07957},
{5.43955,3.81784,2.08035},
{5.43907,3.81836,2.08114},
{5.43859,3.81887,2.08192},
{5.4381,3.81938,2.08271},
{5.43762,3.81989,2.08349},
{5.43714,3.8204,2.08428},
{5.43665,3.82092,2.08506},
{5.43617,3.82143,2.08585},
{5.43569,3.82194,2.08663},
{5.4352,3.82245,2.08742},
{5.43472,3.82296,2.0882},
{5.43424,3.82348,2.08899},
{5.43376,3.82399,2.08977},
{5.43327,3.8245,2.09056},
{5.43279,3.82501,2.09135},
{5.43231,3.82552,2.09213},
{5.43182,3.82604,2.09292},
{5.43134,3.82655,2.0937},
{5.43086,3.82706,2.09449},
{5.43037,3.82757,2.09527},
{5.42989,3.82809,2.09606},
{5.42941,3.8286,2.09684},
{5.42892,3.82911,2.09763},
{5.42844,3.82962,2.09841},
{5.42796,3.83013,2.0992},
{5.42747,3.83065,2.09998},
{5.42699,3.83116,2.10077},
{5.42651,3.83167,2.10155},
{5.42602,3.83218,2.10234},
{5.42554,3.83269,2.10313},
{5.42506,3.83321,2.10391},
{5.42457,3.83372,2.1047},
{5.42409,3.83423,2.10548},
{5.42361,3.83474,2.10627},
{5.42312,3.83525,2.10705},
{5.42264,3.83577,2.10784},
{5.42216,3.83628,2.10862},
{5.42134,3.83714,2.10995},
{5.42082,3.83763,2.11073},
{5.42031,3.83811,2.11152},
{5.41979,3.8386,2.1123},
{5.41928,3.83908,2.11309},
{5.41877,3.83957,2.11388},
{5.41825,3.84005,2.11466},
{5.41774,3.84054,2.11545},
{5.41723,3.84102,2.11623},
{5.41671,3.84151,2.11702},
{5.4162,3.84199,2.1178},
{5.41568,3.84248,2.11859},
{5.41517,3.84297,2.11937},
{5.41466,3.84345,2.12016},
{5.41414,3.84394,2.12095},
{5.41363,3.84442,2.12173},
{5.41311,3.84491,2.12252},
{5.4126,3.84539,2.1233},
{5.41209,3.84588,2.12409},
{5.41157,3.84636,2.12487},
{5.41106,3.84685,2.12566},
{5.41054,3.84734,2.12644},
{5.41003,3.84782,2.12723},
{5.40952,3.84831,2.12801},
{5.409,3.84879,2.1288},
{5.40849,3.84928,2.12959},
{5.40797,3.84976,2.13037},
{5.40746,3.85025,2.13116},
{5.40695,3.85073,2.13194},
{5.40643,3.85122,2.13273},
{5.40592,3.85171,2.13351},
{5.40541,3.85219,2.1343},
{5.40489,3.85268,2.13508},
{5.40438,3.85316,2.13587},
{5.40386,3.85365,2.13665},
{5.40335,3.85413,2.13744},
{5.40284,3.85462,2.13823},
{5.40232,3.8551,2.13901},
{5.40181,3.85559,2.1398},
{5.40129,3.85608,2.14058},
{5.40078,3.85656,2.14137},
{5.40027,3.85705,2.14215},
{5.39975,3.85753,2.14294},
{5.39924,3.85802,2.14372},
{5.39872,3.8585,2.14451},
{5.39821,3.85899,2.14529},
{5.3977,3.85947,2.14608},
{5.39718,3.85996,2.14687},
{5.39667,3.86045,2.14765},
{5.39616,3.86093,2.14844},
{5.39564,3.86142,2.14922},
{5.39513,3.8619,2.15001},
{5.39461,3.86239,2.15079},
{5.3941,3.86287,2.15158},
{5.39359,3.86336,2.15236},
{5.39307,3.86384,2.15315},
{5.39256,3.86433,2.15393},
{5.39204,3.86482,2.15472},
{5.39153,3.8653,2.15551},
{5.39102,3.86579,2.15629},
{5.3905,3.86627,2.15708},
{5.38999,3.86676,2.15786},
{5.38947,3.86724,2.15865},
{5.38896,3.86773,2.15943},
{5.38845,3.86821,2.16022},
{5.38793,3.8687,2.161},
{5.38742,3.86919,2.16179},
{5.3869,3.86967,2.16257},
{5.38639,3.87016,2.16336},
{5.38588,3.87064,2.16415},
{5.38536,3.87113,2.16493},
{5.38485,3.87161,2.16572},
{5.38434,3.8721,2.1665},
{5.38382,3.87258,2.16729},
{5.38331,3.87307,2.16807},
{5.38279,3.87356,2.16886},
{5.38228,3.87404,2.16964},
{5.38177,3.87453,2.17043},
{5.38125,3.87501,2.17121},
{5.38074,3.8755,2.172},
{5.38022,3.87598,2.17279},
{5.37971,3.87647,2.17357},
{5.3792,3.87695,2.17436},
{5.37868,3.87744,2.17514},
{5.37817,3.87793,2.17593},
{5.37765,3.87841,2.17671},
{5.37714,3.8789,2.1775},
{5.37663,3.87938,2.17828},
{5.37611,3.87987,2.17907},
{5.3756,3.88035,2.17985},
{5.37509,3.88084,2.18064},
{5.37457,3.88132,2.18143},
{5.37406,3.88181,2.18221},
{5.37354,3.8823,2.183},
{5.37303,3.88278,2.18378},
{5.37252,3.88327,2.18457},
{5.372,3.88375,2.18535},
{5.37149,3.88424,2.18614},
{5.37097,3.88472,2.18692},
{5.37046,3.88521,2.18771},
{5.36995,3.88569,2.18849},
{5.36943,3.88618,2.18928},
{5.36892,3.88667,2.19007},
{5.3684,3.88715,2.19085},
{5.36789,3.88764,2.19164},
{5.36738,3.88812,2.19242},
{5.36686,3.88861,2.19321},
{5.36635,3.88909,2.19399},
{5.36584,3.88958,2.19478},
{5.36532,3.89006,2.19556},
{5.36481,3.89055,2.19635},
{5.36429,3.89103,2.19713},
{5.36378,3.89152,2.19792},
{5.36327,3.89201,2.19871},
{5.36263,3.8926,2.19967},
{5.36209,3.89305,2.20046},
{5.36155,3.8935,2.20124},
{5.36101,3.89396,2.20203},
{5.36047,3.89441,2.20281},
{5.35994,3.89486,2.2036},
{5.3594,3.89532,2.20438},
{5.35886,3.89577,2.20517},
{5.35832,3.89622,2.20595},
{5.35778,3.89668,2.20674},
{5.35724,3.89713,2.20752},
{5.35671,3.89758,2.20831},
{5.35617,3.89804,2.2091},
{5.35563,3.89849,2.20988},
{5.35509,3.89894,2.21067},
{5.35455,3.8994,2.21145},
{5.35401,3.89985,2.21224},
{5.35348,3.9003,2.21302},
{5.35294,3.90076,2.21381},
{5.3524,3.90121,2.21459},
{5.35186,3.90166,2.21538},
{5.35132,3.90212,2.21616},
{5.35078,3.90257,2.21695},
{5.35025,3.90302,2.21773},
{5.34971,3.90348,2.21852},
{5.34917,3.90393,2.2193},
{5.34863,3.90438,2.22009},
{5.34809,3.90484,2.22088},
{5.34755,3.90529,2.22166},
{5.34702,3.90574,2.22245},
{5.34648,3.9062,2.22323},
{5.34594,3.90665,2.22402},
{5.3454,3.9071,2.2248},
{5.34486,3.90756,2.22559},
{5.34432,3.90801,2.22637},
{5.34379,3.90846,2.22716},
{5.34325,3.90892,2.22794},
{5.34271,3.90937,2.22873},
{5.34217,3.90982,2.22951},
{5.34163,3.91028,2.2303},
{5.34109,3.91073,2.23108},
{5.34056,3.91118,2.23187},
{5.34002,3.91164,2.23266},
{5.33948,3.91209,2.23344},
{5.33894,3.91254,2.23423},
{5.3384,3.913,2.23501},
{5.33786,3.91345,2.2358},
{5.33733,3.9139,2.23658},
{5.33679,3.91436,2.23737},
{5.33625,3.91481,2.23815},
{5.33571,3.91526,2.23894},
{5.33517,3.91572,2.23972},
{5.33463,3.91617,2.24051},
{5.3341,3.91662,2.24129},
{5.33356,3.91708,2.24208},
{5.33302,3.91753,2.24286},
{5.33248,3.91798,2.24365},
{5.33194,3.91844,2.24443},
{5.3314,3.91889,2.24522},
{5.33087,3.91934,2.24601},
{5.33033,3.9198,2.24679},
{5.32979,3.92025,2.24758},
{5.32925,3.9207,2.24836},
{5.32871,3.92116,2.24915},
{5.32817,3.92161,2.24993},
{5.32764,3.92206,2.25072},
{5.3271,3.92252,2.2515},
{5.32656,3.92297,2.25229},
{5.32602,3.92343,2.25307},
{5.32548,3.92388,2.25386},
{5.32494,3.92433,2.25464},
{5.32441,3.92479,2.25543},
{5.32387,3.92524,2.25621},
{5.32333,3.92569,2.257},
{5.32279,3.92615,2.25779},
{5.32225,3.9266,2.25857},
{5.32171,3.92705,2.25936},
{5.32118,3.92751,2.26014},
{5.32064,3.92796,2.26093},
{5.3201,3.92841,2.26171},
{5.31956,3.92887,2.2625},
{5.31902,3.92932,2.26328},
{5.31848,3.92977,2.26407},
{5.31795,3.93023,2.26485},
{5.31741,3.93068,2.26564},
{5.31687,3.93113,2.26642},
{5.31633,3.93159,2.26721},
{5.31579,3.93204,2.26799},
{5.31525,3.93249,2.26878},
{5.31472,3.93295,2.26957},
{5.31418,3.9334,2.27035},
{5.31364,3.93385,2.27114},
{5.3131,3.93431,2.27192},
{5.31256,3.93476,2.27271},
{5.31202,3.93521,2.27349},
{5.31149,3.93567,2.27428},
{5.31095,3.93612,2.27506},
{5.31041,3.93657,2.27585},
{5.30987,3.93703,2.27663},
{5.30933,3.93748,2.27742},
{5.30879,3.93793,2.2782},
{5.30826,3.93839,2.27899},
{5.30772,3.93884,2.27977},
{5.30718,3.93929,2.28056},
{5.30664,3.93975,2.28134},
{5.3061,3.9402,2.28213},
{5.30556,3.94065,2.28292},
{5.30503,3.94111,2.2837},
{5.30449,3.94156,2.28449},
{5.30395,3.94201,2.28527},
{5.30341,3.94247,2.28606},
{5.30287,3.94292,2.28684},
{5.30233,3.94337,2.28763},
{5.3018,3.94383,2.28841},
{5.30138,3.94417,2.28902},
{5.30082,3.94459,2.2898},
{5.30027,3.94501,2.29059},
{5.29971,3.94542,2.29137},
{5.29916,3.94584,2.29216},
{5.2986,3.94626,2.29295},
{5.29804,3.94667,2.29373},
{5.29749,3.94709,2.29452},
{5.29693,3.9475,2.2953},
{5.29637,3.94792,2.29609},
{5.29582,3.94834,2.29687},
{5.29526,3.94875,2.29766},
{5.29471,3.94917,2.29844},
{5.29415,3.94959,2.29923},
{5.29359,3.95,2.30001},
{5.29304,3.95042,2.3008},
{5.29248,3.95084,2.30159},
{5.29193,3.95125,2.30237},
{5.29137,3.95167,2.30316},
{5.29081,3.95209,2.30394},
{5.29026,3.9525,2.30473},
{5.2897,3.95292,2.30551},
{5.28914,3.95333,2.3063},
{5.28859,3.95375,2.30708},
{5.28803,3.95417,2.30787},
{5.28748,3.95458,2.30865},
{5.28692,3.955,2.30944},
{5.28636,3.95542,2.31023},
{5.28581,3.95583,2.31101},
{5.28525,3.95625,2.3118},
{5.2847,3.95667,2.31258},
{5.28414,3.95708,2.31337},
{5.28358,3.9575,2.31415},
{5.28303,3.95792,2.31494},
{5.28247,3.95833,2.31572},
{5.28191,3.95875,2.31651},
{5.28136,3.95916,2.31729},
{5.2808,3.95958,2.31808},
{5.28025,3.96,2.31887},
{5.27969,3.96041,2.31965},
{5.27913,3.96083,2.32044},
{5.27858,3.96125,2.32122},
{5.27802,3.96166,2.32201},
{5.27747,3.96208,2.32279},
{5.27691,3.9625,2.32358},
{5.27635,3.96291,2.32436},
{5.2758,3.96333,2.32515},
{5.27524,3.96375,2.32593},
{5.27468,3.96416,2.32672},
{5.27413,3.96458,2.32751},
{5.27357,3.96499,2.32829},
{5.27302,3.96541,2.32908},
{5.27246,3.96583,2.32986},
{5.2719,3.96624,2.33065},
{5.27135,3.96666,2.33143},
{5.27079,3.96708,2.33222},
{5.27024,3.96749,2.333},
{5.26968,3.96791,2.33379},
{5.26912,3.96833,2.33457},
{5.26857,3.96874,2.33536},
{5.26801,3.96916,2.33615},
{5.26745,3.96957,2.33693},
{5.2669,3.96999,2.33772},
{5.26634,3.97041,2.3385},
{5.26579,3.97082,2.33929},
{5.26523,3.97124,2.34007},
{5.26467,3.97166,2.34086},
{5.26412,3.97207,2.34164},
{5.26356,3.97249,2.34243},
{5.26301,3.97291,2.34321},
{5.26245,3.97332,2.344},
{5.26189,3.97374,2.34479},
{5.26134,3.97416,2.34557},
{5.26078,3.97457,2.34636},
{5.26022,3.97499,2.34714},
{5.25967,3.9754,2.34793},
{5.25911,3.97582,2.34871},
{5.25856,3.97624,2.3495},
{5.258,3.97665,2.35028},
{5.25744,3.97707,2.35107},
{5.25689,3.97749,2.35185},
{5.25633,3.9779,2.35264},
{5.25578,3.97832,2.35343},
{5.25522,3.97874,2.35421},
{5.25466,3.97915,2.355},
{5.25411,3.97957,2.35578},
{5.25355,3.97999,2.35657},
{5.25299,3.9804,2.35735},
{5.25244,3.98082,2.35814},
{5.25188,3.98123,2.35892},
{5.25133,3.98165,2.35971},
{5.25077,3.98207,2.36049},
{5.25021,3.98248,2.36128},
{5.24966,3.9829,2.36207},
{5.2491,3.98332,2.36285},
{5.24855,3.98373,2.36364},
{5.24799,3.98415,2.36442},
{5.24743,3.98457,2.36521},
{5.24688,3.98498,2.36599},
{5.24632,3.9854,2.36678},
{5.24576,3.98581,2.36756},
{5.24521,3.98623,2.36835},
{5.24465,3.98665,2.36913},
{5.2441,3.98706,2.36992},
{5.24354,3.98748,2.37071},
{5.24298,3.9879,2.37149},
{5.24243,3.98831,2.37228},
{5.24187,3.98873,2.37306},
{5.24132,3.98915,2.37385},
{5.24076,3.98956,2.37463},
{5.2402,3.98998,2.37542},
{5.23965,3.9904,2.3762},
{5.23909,3.99081,2.37699},
{5.23853,3.99123,2.37777},
{5.23836,3.99135,2.37802},
{5.23779,3.99173,2.3788},
{5.23723,3.99211,2.37959},
{5.23666,3.99248,2.38038},
{5.2361,3.99286,2.38116},
{5.23553,3.99323,2.38195},
{5.23496,3.99361,2.38273},
{5.2344,3.99399,2.38352},
{5.23383,3.99436,2.3843},
{5.23326,3.99474,2.38509},
{5.2327,3.99511,2.38587},
{5.23213,3.99549,2.38666},
{5.23157,3.99587,2.38744},
{5.231,3.99624,2.38823},
{5.23043,3.99662,2.38901},
{5.22987,3.99699,2.3898},
{5.2293,3.99737,2.39058},
{5.22873,3.99775,2.39137},
{5.22817,3.99812,2.39216},
{5.2276,3.9985,2.39294},
{5.22704,3.99887,2.39373},
{5.22647,3.99925,2.39451},
{5.2259,3.99963,2.3953},
{5.22534,4,2.39608},
{5.22477,4.00038,2.39687},
{5.2242,4.00075,2.39765},
{5.22364,4.00113,2.39844},
{5.22307,4.00151,2.39922},
{5.22251,4.00188,2.40001},
{5.22194,4.00226,2.40079},
{5.22137,4.00263,2.40158},
{5.22081,4.00301,2.40236},
{5.22024,4.00339,2.40315},
{5.21967,4.00376,2.40394},
{5.21911,4.00414,2.40472},
{5.21854,4.00451,2.40551},
{5.21798,4.00489,2.40629},
{5.21741,4.00527,2.40708},
{5.21684,4.00564,2.40786},
{5.21628,4.00602,2.40865},
{5.21571,4.0064,2.40943},
{5.21514,4.00677,2.41022},
{5.21458,4.00715,2.411},
{5.21401,4.00752,2.41179},
{5.21345,4.0079,2.41257},
{5.21288,4.00828,2.41336},
{5.21231,4.00865,2.41414},
{5.21175,4.00903,2.41493},
{5.21118,4.0094,2.41571},
{5.21061,4.00978,2.4165},
{5.21005,4.01016,2.41729},
{5.20948,4.01053,2.41807},
{5.20892,4.01091,2.41886},
{5.20835,4.01128,2.41964},
{5.20778,4.01166,2.42043},
{5.20722,4.01204,2.42121},
{5.20665,4.01241,2.422},
{5.20608,4.01279,2.42278},
{5.20552,4.01316,2.42357},
{5.20495,4.01354,2.42435},
{5.20439,4.01392,2.42514},
{5.20382,4.01429,2.42592},
{5.20325,4.01467,2.42671},
{5.20269,4.01504,2.42749},
{5.20212,4.01542,2.42828},
{5.20155,4.0158,2.42907},
{5.20099,4.01617,2.42985},
{5.20042,4.01655,2.43064},
{5.19986,4.01692,2.43142},
{5.19929,4.0173,2.43221},
{5.19872,4.01768,2.43299},
{5.19816,4.01805,2.43378},
{5.19759,4.01843,2.43456},
{5.19702,4.0188,2.43535},
{5.19646,4.01918,2.43613},
{5.19589,4.01956,2.43692},
{5.19533,4.01993,2.4377},
{5.19476,4.02031,2.43849},
{5.19419,4.02068,2.43927},
{5.19363,4.02106,2.44006},
{5.19306,4.02144,2.44085},
{5.19249,4.02181,2.44163},
{5.19193,4.02219,2.44242},
{5.19136,4.02257,2.4432},
{5.1908,4.02294,2.44399},
{5.19023,4.02332,2.44477},
{5.18966,4.02369,2.44556},
{5.1891,4.02407,2.44634},
{5.18853,4.02445,2.44713},
{5.18796,4.02482,2.44791},
{5.1874,4.0252,2.4487},
{5.18683,4.02557,2.44948},
{5.18627,4.02595,2.45027},
{5.1857,4.02633,2.45105},
{5.18513,4.0267,2.45184},
{5.18457,4.02708,2.45262},
{5.184,4.02745,2.45341},
{5.18343,4.02783,2.4542},
{5.18287,4.02821,2.45498},
{5.1823,4.02858,2.45577},
{5.18174,4.02896,2.45655},
{5.18117,4.02933,2.45734},
{5.1806,4.02971,2.45812},
{5.18004,4.03009,2.45891},
{5.17947,4.03046,2.45969},
{5.1789,4.03084,2.46048},
{5.17834,4.03121,2.46126},
{5.17777,4.03159,2.46205},
{5.17721,4.03197,2.46283},
{5.17664,4.03234,2.46362},
{5.17607,4.03272,2.4644},
{5.17551,4.03309,2.46519},
{5.17494,4.03347,2.46598},
{5.17437,4.03385,2.46676},
{5.17445,4.03375,2.46665},
{5.17388,4.03409,2.46743},
{5.17332,4.03442,2.46822},
{5.17275,4.03476,2.469},
{5.17218,4.03509,2.46979},
{5.17161,4.03542,2.47057},
{5.17104,4.03576,2.47136},
{5.17047,4.03609,2.47215},
{5.1699,4.03642,2.47293},
{5.16933,4.03676,2.47372},
{5.16877,4.03709,2.4745},
{5.1682,4.03742,2.47529},
{5.16763,4.03776,2.47607},
{5.16706,4.03809,2.47686},
{5.16649,4.03842,2.47764},
{5.16592,4.03876,2.47843},
{5.16535,4.03909,2.47921},
{5.16478,4.03942,2.48},
{5.16422,4.03976,2.48079},
{5.16365,4.04009,2.48157},
{5.16308,4.04042,2.48236},
{5.16251,4.04076,2.48314},
{5.16194,4.04109,2.48393},
{5.16137,4.04142,2.48471},
{5.1608,4.04176,2.4855},
{5.16023,4.04209,2.48628},
{5.15967,4.04242,2.48707},
{5.1591,4.04276,2.48785},
{5.15853,4.04309,2.48864},
{5.15796,4.04342,2.48943},
{5.15739,4.04376,2.49021},
{5.15682,4.04409,2.491},
{5.15625,4.04442,2.49178},
{5.15568,4.04476,2.49257},
{5.15512,4.04509,2.49335},
{5.15455,4.04542,2.49414},
{5.15398,4.04576,2.49492},
{5.15341,4.04609,2.49571},
{5.15284,4.04642,2.49649},
{5.15227,4.04676,2.49728},
{5.1517,4.04709,2.49807},
{5.15113,4.04742,2.49885},
{5.15056,4.04776,2.49964},
{5.15,4.04809,2.50042},
{5.14943,4.04842,2.50121},
{5.14886,4.04876,2.50199},
{5.14829,4.04909,2.50278},
{5.14772,4.04942,2.50356},
{5.14715,4.04976,2.50435},
{5.14658,4.05009,2.50513},
{5.14601,4.05043,2.50592},
{5.14545,4.05076,2.50671},
{5.14488,4.05109,2.50749},
{5.14431,4.05143,2.50828},
{5.14374,4.05176,2.50906},
{5.14317,4.05209,2.50985},
{5.1426,4.05243,2.51063},
{5.14203,4.05276,2.51142},
{5.14146,4.05309,2.5122},
{5.1409,4.05343,2.51299},
{5.14033,4.05376,2.51378},
{5.13976,4.05409,2.51456},
{5.13919,4.05443,2.51535},
{5.13862,4.05476,2.51613},
{5.13805,4.05509,2.51692},
{5.13748,4.05543,2.5177},
{5.13691,4.05576,2.51849},
{5.13635,4.05609,2.51927},
{5.13578,4.05643,2.52006},
{5.13521,4.05676,2.52084},
{5.13464,4.05709,2.52163},
{5.13407,4.05743,2.52242},
{5.1335,4.05776,2.5232},
{5.13293,4.05809,2.52399},
{5.13236,4.05843,2.52477},
{5.13179,4.05876,2.52556},
{5.13123,4.05909,2.52634},
{5.13066,4.05943,2.52713},
{5.13009,4.05976,2.52791},
{5.12952,4.06009,2.5287},
{5.12895,4.06043,2.52948},
{5.12838,4.06076,2.53027},
{5.12781,4.06109,2.53106},
{5.12724,4.06143,2.53184},
{5.12668,4.06176,2.53263},
{5.12611,4.06209,2.53341},
{5.12554,4.06243,2.5342},
{5.12497,4.06276,2.53498},
{5.1244,4.06309,2.53577},
{5.12383,4.06343,2.53655},
{5.12326,4.06376,2.53734},
{5.12269,4.06409,2.53812},
{5.12213,4.06443,2.53891},
{5.12156,4.06476,2.5397},
{5.12099,4.06509,2.54048},
{5.12042,4.06543,2.54127},
{5.11985,4.06576,2.54205},
{5.11928,4.0661,2.54284},
{5.11871,4.06643,2.54362},
{5.11814,4.06676,2.54441},
{5.11758,4.0671,2.54519},
{5.11701,4.06743,2.54598},
{5.11644,4.06776,2.54676},
{5.11587,4.0681,2.54755},
{5.1153,4.06843,2.54834},
{5.11473,4.06876,2.54912},
{5.11416,4.0691,2.54991},
{5.11359,4.06943,2.55069},
{5.11302,4.06976,2.55148},
{5.11246,4.0701,2.55226},
{5.11189,4.07043,2.55305},
{5.11132,4.07076,2.55383},
{5.11166,4.07053,2.55337},
{5.1111,4.07082,2.55415},
{5.11054,4.07111,2.55494},
{5.10997,4.0714,2.55572},
{5.10941,4.07169,2.55651},
{5.10884,4.07198,2.55729},
{5.10828,4.07227,2.55808},
{5.10772,4.07256,2.55886},
{5.10715,4.07285,2.55965},
{5.10659,4.07314,2.56043},
{5.10603,4.07343,2.56122},
{5.10546,4.07372,2.562},
{5.1049,4.07401,2.56279},
{5.10434,4.0743,2.56357},
{5.10377,4.07459,2.56436},
{5.10321,4.07488,2.56515},
{5.10265,4.07517,2.56593},
{5.10208,4.07546,2.56672},
{5.10152,4.07575,2.5675},
{5.10096,4.07604,2.56829},
{5.10039,4.07633,2.56907},
{5.09983,4.07662,2.56986},
{5.09927,4.07691,2.57064},
{5.0987,4.0772,2.57143},
{5.09814,4.07749,2.57221},
{5.09758,4.07778,2.573},
{5.09701,4.07807,2.57378},
{5.09645,4.07836,2.57457},
{5.09589,4.07865,2.57535},
{5.09532,4.07894,2.57614},
{5.09476,4.07923,2.57693},
{5.0942,4.07952,2.57771},
{5.09363,4.07981,2.5785},
{5.09307,4.0801,2.57928},
{5.09251,4.08039,2.58007},
{5.09194,4.08068,2.58085},
{5.09138,4.08097,2.58164},
{5.09082,4.08126,2.58242},
{5.09025,4.08155,2.58321},
{5.08969,4.08184,2.58399},
{5.08913,4.08213,2.58478},
{5.08856,4.08242,2.58556},
{5.088,4.08271,2.58635},
{5.08744,4.083,2.58713},
{5.08687,4.08329,2.58792},
{5.08631,4.08358,2.5887},
{5.08575,4.08387,2.58949},
{5.08518,4.08416,2.59028},
{5.08462,4.08445,2.59106},
{5.08406,4.08474,2.59185},
{5.08349,4.08503,2.59263},
{5.08293,4.08532,2.59342},
{5.08237,4.08561,2.5942},
{5.0818,4.0859,2.59499},
{5.08124,4.08619,2.59577},
{5.08068,4.08648,2.59656},
{5.08011,4.08677,2.59734},
{5.07955,4.08706,2.59813},
{5.07899,4.08735,2.59891},
{5.07842,4.08764,2.5997},
{5.07786,4.08793,2.60048},
{5.0773,4.08822,2.60127},
{5.07673,4.08851,2.60206},
{5.07617,4.0888,2.60284},
{5.07561,4.08909,2.60363},
{5.07504,4.08938,2.60441},
{5.07448,4.08967,2.6052},
{5.07392,4.08996,2.60598},
{5.07335,4.09025,2.60677},
{5.07279,4.09054,2.60755},
{5.07223,4.09083,2.60834},
{5.07166,4.09112,2.60912},
{5.0711,4.09141,2.60991},
{5.07054,4.0917,2.61069},
{5.06997,4.09199,2.61148},
{5.06941,4.09228,2.61226},
{5.06885,4.09257,2.61305},
{5.06828,4.09286,2.61383},
{5.06772,4.09315,2.61462},
{5.06716,4.09344,2.61541},
{5.06659,4.09373,2.61619},
{5.06603,4.09402,2.61698},
{5.06547,4.09431,2.61776},
{5.0649,4.0946,2.61855},
{5.06434,4.09489,2.61933},
{5.06378,4.09518,2.62012},
{5.06321,4.09547,2.6209},
{5.06265,4.09576,2.62169},
{5.06209,4.09605,2.62247},
{5.06152,4.09634,2.62326},
{5.06096,4.09663,2.62404},
{5.0604,4.09692,2.62483},
{5.05983,4.09721,2.62561},
{5.05927,4.0975,2.6264},
{5.05871,4.09779,2.62719},
{5.05814,4.09808,2.62797},
{5.05758,4.09837,2.62876},
{5.05701,4.09866,2.62954},
{5.05645,4.09895,2.63033},
{5.05589,4.09924,2.63111},
{5.05532,4.09953,2.6319},
{5.05476,4.09982,2.63268},
{5.0542,4.10011,2.63347},
{5.05363,4.1004,2.63425},
{5.05307,4.10069,2.63504},
{5.05251,4.10098,2.63582},
{5.05194,4.10127,2.63661},
{5.05138,4.10156,2.63739},
{5.05082,4.10185,2.63818},
{5.05025,4.10214,2.63896},
{5.05084,4.10182,2.63815},
{5.05029,4.10207,2.63893},
{5.04974,4.10232,2.63972},
{5.04919,4.10256,2.6405},
{5.04864,4.10281,2.64129},
{5.04809,4.10306,2.64207},
{5.04754,4.1033,2.64286},
{5.04699,4.10355,2.64365},
{5.04644,4.1038,2.64443},
{5.04589,4.10404,2.64522},
{5.04534,4.10429,2.646},
{5.04479,4.10454,2.64679},
{5.04424,4.10478,2.64757},
{5.04369,4.10503,2.64836},
{5.04314,4.10528,2.64914},
{5.04259,4.10552,2.64993},
{5.04203,4.10577,2.65071},
{5.04148,4.10602,2.6515},
{5.04093,4.10626,2.65229},
{5.04038,4.10651,2.65307},
{5.03983,4.10676,2.65386},
{5.03928,4.107,2.65464},
{5.03873,4.10725,2.65543},
{5.03818,4.1075,2.65621},
{5.03763,4.10774,2.657},
{5.03708,4.10799,2.65778},
{5.03653,4.10824,2.65857},
{5.03598,4.10848,2.65936},
{5.03543,4.10873,2.66014},
{5.03488,4.10898,2.66093},
{5.03433,4.10922,2.66171},
{5.03378,4.10947,2.6625},
{5.03322,4.10972,2.66328},
{5.03267,4.10997,2.66407},
{5.03212,4.11021,2.66485},
{5.03157,4.11046,2.66564},
{5.03102,4.11071,2.66642},
{5.03047,4.11095,2.66721},
{5.02992,4.1112,2.668},
{5.02937,4.11145,2.66878},
{5.02882,4.11169,2.66957},
{5.02827,4.11194,2.67035},
{5.02772,4.11219,2.67114},
{5.02717,4.11243,2.67192},
{5.02662,4.11268,2.67271},
{5.02607,4.11293,2.67349},
{5.02552,4.11317,2.67428},
{5.02497,4.11342,2.67506},
{5.02441,4.11367,2.67585},
{5.02386,4.11391,2.67664},
{5.02331,4.11416,2.67742},
{5.02276,4.11441,2.67821},
{5.02221,4.11465,2.67899},
{5.02166,4.1149,2.67978},
{5.02111,4.11515,2.68056},
{5.02056,4.11539,2.68135},
{5.02001,4.11564,2.68213},
{5.01946,4.11589,2.68292},
{5.01891,4.11613,2.6837},
{5.01836,4.11638,2.68449},
{5.01781,4.11663,2.68528},
{5.01726,4.11687,2.68606},
{5.01671,4.11712,2.68685},
{5.01616,4.11737,2.68763},
{5.0156,4.11761,2.68842},
{5.01505,4.11786,2.6892},
{5.0145,4.11811,2.68999},
{5.01395,4.11835,2.69077},
{5.0134,4.1186,2.69156},
{5.01285,4.11885,2.69235},
{5.0123,4.11909,2.69313},
{5.01175,4.11934,2.69392},
{5.0112,4.11959,2.6947},
{5.01065,4.11983,2.69549},
{5.0101,4.12008,2.69627},
{5.00955,4.12033,2.69706},
{5.009,4.12057,2.69784},
{5.00845,4.12082,2.69863},
{5.0079,4.12107,2.69941},
{5.00735,4.12131,2.7002},
{5.00679,4.12156,2.70099},
{5.00624,4.12181,2.70177},
{5.00569,4.12206,2.70256},
{5.00514,4.1223,2.70334},
{5.00459,4.12255,2.70413},
{5.00404,4.1228,2.70491},
{5.00349,4.12304,2.7057},
{5.00294,4.12329,2.70648},
{5.00239,4.12354,2.70727},
{5.00184,4.12378,2.70805},
{5.00129,4.12403,2.70884},
{5.00074,4.12428,2.70963},
{5.00019,4.12452,2.71041},
{4.99964,4.12477,2.7112},
{4.99909,4.12502,2.71198},
{4.99854,4.12526,2.71277},
{4.99798,4.12551,2.71355},
{4.99743,4.12576,2.71434},
{4.99688,4.126,2.71512},
{4.99633,4.12625,2.71591},
{4.99578,4.1265,2.71669},
{4.99523,4.12674,2.71748},
{4.99468,4.12699,2.71827},
{4.99413,4.12724,2.71905},
{4.99358,4.12748,2.71984},
{4.99303,4.12773,2.72062},
{4.99248,4.12798,2.72141},
{4.99193,4.12822,2.72219},
{4.99138,4.12847,2.72298},
{4.99221,4.12807,2.72182},
{4.99168,4.12828,2.7226},
{4.99115,4.12848,2.72339},
{4.99062,4.12869,2.72417},
{4.99009,4.12889,2.72496},
{4.98955,4.1291,2.72574},
{4.98902,4.1293,2.72653},
{4.98849,4.12951,2.72731},
{4.98796,4.12971,2.7281},
{4.98743,4.12992,2.72889},
{4.9869,4.13012,2.72967},
{4.98637,4.13033,2.73046},
{4.98584,4.13053,2.73124},
{4.98531,4.13074,2.73203},
{4.98478,4.13094,2.73281},
{4.98425,4.13115,2.7336},
{4.98372,4.13135,2.73438},
{4.98319,4.13156,2.73517},
{4.98266,4.13176,2.73595},
{4.98213,4.13197,2.73674},
{4.9816,4.13217,2.73752},
{4.98107,4.13238,2.73831},
{4.98054,4.13258,2.73909},
{4.98001,4.13279,2.73988},
{4.97948,4.13299,2.74067},
{4.97895,4.1332,2.74145},
{4.97842,4.1334,2.74224},
{4.97789,4.13361,2.74302},
{4.97736,4.13381,2.74381},
{4.97682,4.13402,2.74459},
{4.97629,4.13423,2.74538},
{4.97576,4.13443,2.74616},
{4.97523,4.13464,2.74695},
{4.9747,4.13484,2.74773},
{4.97417,4.13505,2.74852},
{4.97364,4.13525,2.7493},
{4.97311,4.13546,2.75009},
{4.97258,4.13566,2.75087},
{4.97205,4.13587,2.75166},
{4.97152,4.13607,2.75244},
{4.97099,4.13628,2.75323},
{4.97046,4.13648,2.75402},
{4.96993,4.13669,2.7548},
{4.9694,4.13689,2.75559},
{4.96887,4.1371,2.75637},
{4.96834,4.1373,2.75716},
{4.96781,4.13751,2.75794},
{4.96728,4.13771,2.75873},
{4.96675,4.13792,2.75951},
{4.96622,4.13812,2.7603},
{4.96569,4.13833,2.76108},
{4.96516,4.13853,2.76187},
{4.96463,4.13874,2.76265},
{4.96409,4.13894,2.76344},
{4.96356,4.13915,2.76422},
{4.96303,4.13935,2.76501},
{4.9625,4.13956,2.76579},
{4.96197,4.13976,2.76658},
{4.96144,4.13997,2.76737},
{4.96091,4.14017,2.76815},
{4.96038,4.14038,2.76894},
{4.95985,4.14058,2.76972},
{4.95932,4.14079,2.77051},
{4.95879,4.14099,2.77129},
{4.95826,4.1412,2.77208},
{4.95773,4.1414,2.77286},
{4.9572,4.14161,2.77365},
{4.95667,4.14181,2.77443},
{4.95614,4.14202,2.77522},
{4.95561,4.14222,2.776},
{4.95508,4.14243,2.77679},
{4.95455,4.14263,2.77757},
{4.95402,4.14284,2.77836},
{4.95349,4.14304,2.77914},
{4.95296,4.14325,2.77993},
{4.95243,4.14345,2.78072},
{4.9519,4.14366,2.7815},
{4.95136,4.14386,2.78229},
{4.95083,4.14407,2.78307},
{4.9503,4.14428,2.78386},
{4.94977,4.14448,2.78464},
{4.94924,4.14469,2.78543},
{4.94871,4.14489,2.78621},
{4.94818,4.1451,2.787},
{4.94765,4.1453,2.78778},
{4.94712,4.14551,2.78857},
{4.94659,4.14571,2.78935},
{4.94606,4.14592,2.79014},
{4.94553,4.14612,2.79092},
{4.945,4.14633,2.79171},
{4.94447,4.14653,2.79249},
{4.94394,4.14674,2.79328},
{4.94341,4.14694,2.79407},
{4.94288,4.14715,2.79485},
{4.94235,4.14735,2.79564},
{4.94182,4.14756,2.79642},
{4.94129,4.14776,2.79721},
{4.94076,4.14797,2.79799},
{4.94023,4.14817,2.79878},
{4.9397,4.14838,2.79956},
{4.93917,4.14858,2.80035},
{4.93863,4.14879,2.80113},
{4.9381,4.14899,2.80192},
{4.93757,4.1492,2.8027},
{4.93704,4.1494,2.80349},
{4.93651,4.14961,2.80427},
{4.93754,4.14919,2.80278},
{4.93704,4.14935,2.80356},
{4.93654,4.14952,2.80435},
{4.93603,4.14968,2.80514},
{4.93553,4.14985,2.80592},
{4.93502,4.15001,2.80671},
{4.93452,4.15018,2.80749},
{4.93402,4.15035,2.80828},
{4.93351,4.15051,2.80906},
{4.93301,4.15068,2.80985},
{4.9325,4.15084,2.81063},
{4.932,4.15101,2.81142},
{4.9315,4.15118,2.8122},
{4.93099,4.15134,2.81299},
{4.93049,4.15151,2.81378},
{4.92998,4.15167,2.81456},
{4.92948,4.15184,2.81535},
{4.92898,4.15201,2.81613},
{4.92847,4.15217,2.81692},
{4.92797,4.15234,2.8177},
{4.92746,4.1525,2.81849},
{4.92696,4.15267,2.81927},
{4.92646,4.15284,2.82006},
{4.92595,4.153,2.82085},
{4.92545,4.15317,2.82163},
{4.92494,4.15333,2.82242},
{4.92444,4.1535,2.8232},
{4.92393,4.15366,2.82399},
{4.92343,4.15383,2.82477},
{4.92293,4.154,2.82556},
{4.92242,4.15416,2.82634},
{4.92192,4.15433,2.82713},
{4.92141,4.15449,2.82791},
{4.92091,4.15466,2.8287},
{4.92041,4.15483,2.82949},
{4.9199,4.15499,2.83027},
{4.9194,4.15516,2.83106},
{4.91889,4.15532,2.83184},
{4.91839,4.15549,2.83263},
{4.91789,4.15566,2.83341},
{4.91738,4.15582,2.8342},
{4.91688,4.15599,2.83498},
{4.91637,4.15615,2.83577},
{4.91587,4.15632,2.83656},
{4.91537,4.15649,2.83734},
{4.91486,4.15665,2.83813},
{4.91436,4.15682,2.83891},
{4.91385,4.15698,2.8397},
{4.91335,4.15715,2.84048},
{4.91285,4.15732,2.84127},
{4.91234,4.15748,2.84205},
{4.91184,4.15765,2.84284},
{4.91133,4.15781,2.84362},
{4.91083,4.15798,2.84441},
{4.91033,4.15814,2.8452},
{4.90982,4.15831,2.84598},
{4.90932,4.15848,2.84677},
{4.90881,4.15864,2.84755},
{4.90831,4.15881,2.84834},
{4.9078,4.15897,2.84912},
{4.9073,4.15914,2.84991},
{4.9068,4.15931,2.85069},
{4.90629,4.15947,2.85148},
{4.90579,4.15964,2.85226},
{4.90528,4.1598,2.85305},
{4.90478,4.15997,2.85384},
{4.90428,4.16014,2.85462},
{4.90377,4.1603,2.85541},
{4.90327,4.16047,2.85619},
{4.90276,4.16063,2.85698},
{4.90226,4.1608,2.85776},
{4.90176,4.16097,2.85855},
{4.90125,4.16113,2.85933},
{4.90075,4.1613,2.86012},
{4.90024,4.16146,2.86091},
{4.89974,4.16163,2.86169},
{4.89924,4.1618,2.86248},
{4.89873,4.16196,2.86326},
{4.89823,4.16213,2.86405},
{4.89772,4.16229,2.86483},
{4.89722,4.16246,2.86562},
{4.89672,4.16262,2.8664},
{4.89621,4.16279,2.86719},
{4.89571,4.16296,2.86797},
{4.8952,4.16312,2.86876},
{4.8947,4.16329,2.86955},
{4.89419,4.16345,2.87033},
{4.89369,4.16362,2.87112},
{4.89319,4.16379,2.8719},
{4.89268,4.16395,2.87269},
{4.89218,4.16412,2.87347},
{4.89167,4.16428,2.87426},
{4.89117,4.16445,2.87504},
{4.89067,4.16462,2.87583},
{4.89016,4.16478,2.87662},
{4.88966,4.16495,2.8774},
{4.88915,4.16511,2.87819},
{4.88865,4.16528,2.87897},
{4.88815,4.16545,2.87976},
{4.88764,4.16561,2.88054},
{4.88714,4.16578,2.88133},
{4.88663,4.16594,2.88211},
{4.88613,4.16611,2.8829},
{4.88732,4.1657,2.88108},
{4.88685,4.16583,2.88186},
{4.88638,4.16596,2.88265},
{4.88591,4.16609,2.88343},
{4.88543,4.16622,2.88422},
{4.88496,4.16635,2.885},
{4.88449,4.16648,2.88579},
{4.88402,4.16661,2.88657},
{4.88355,4.16674,2.88736},
{4.88307,4.16687,2.88814},
{4.8826,4.167,2.88893},
{4.88213,4.16713,2.88972},
{4.88166,4.16726,2.8905},
{4.88119,4.16739,2.89129},
{4.88072,4.16752,2.89207},
{4.88024,4.16765,2.89286},
{4.87977,4.16778,2.89364},
{4.8793,4.16791,2.89443},
{4.87883,4.16804,2.89521},
{4.87836,4.16817,2.896},
{4.87788,4.1683,2.89678},
{4.87741,4.16843,2.89757},
{4.87694,4.16856,2.89835},
{4.87647,4.16869,2.89914},
{4.876,4.16882,2.89992},
{4.87552,4.16895,2.90071},
{4.87505,4.16908,2.90149},
{4.87458,4.16921,2.90228},
{4.87411,4.16934,2.90306},
{4.87364,4.16947,2.90385},
{4.87316,4.1696,2.90464},
{4.87269,4.16973,2.90542},
{4.87222,4.16986,2.90621},
{4.87175,4.16999,2.90699},
{4.87128,4.17012,2.90778},
{4.8708,4.17025,2.90856},
{4.87033,4.17038,2.90935},
{4.86986,4.17052,2.91013},
{4.86939,4.17065,2.91092},
{4.86892,4.17078,2.9117},
{4.86845,4.17091,2.91249},
{4.86797,4.17104,2.91327},
{4.8675,4.17117,2.91406},
{4.86703,4.1713,2.91484},
{4.86656,4.17143,2.91563},
{4.86609,4.17156,2.91641},
{4.86561,4.17169,2.9172},
{4.86514,4.17182,2.91799},
{4.86467,4.17195,2.91877},
{4.8642,4.17208,2.91956},
{4.86373,4.17221,2.92034},
{4.86325,4.17234,2.92113},
{4.86278,4.17247,2.92191},
{4.86231,4.1726,2.9227},
{4.86184,4.17273,2.92348},
{4.86137,4.17286,2.92427},
{4.86089,4.17299,2.92505},
{4.86042,4.17312,2.92584},
{4.85995,4.17325,2.92662},
{4.85948,4.17338,2.92741},
{4.85901,4.17351,2.92819},
{4.85853,4.17364,2.92898},
{4.85806,4.17377,2.92976},
{4.85759,4.1739,2.93055},
{4.85712,4.17403,2.93133},
{4.85665,4.17416,2.93212},
{4.85617,4.17429,2.93291},
{4.8557,4.17442,2.93369},
{4.85523,4.17455,2.93448},
{4.85476,4.17468,2.93526},
{4.85429,4.17481,2.93605},
{4.85382,4.17494,2.93683},
{4.85334,4.17507,2.93762},
{4.85287,4.1752,2.9384},
{4.8524,4.17533,2.93919},
{4.85193,4.17546,2.93997},
{4.85146,4.17559,2.94076},
{4.85098,4.17572,2.94154},
{4.85051,4.17585,2.94233},
{4.85004,4.17598,2.94311},
{4.84957,4.17611,2.9439},
{4.8491,4.17624,2.94468},
{4.84862,4.17637,2.94547},
{4.84815,4.1765,2.94626},
{4.84768,4.17663,2.94704},
{4.84721,4.17676,2.94783},
{4.84674,4.17689,2.94861},
{4.84626,4.17702,2.9494},
{4.84579,4.17715,2.95018},
{4.84532,4.17728,2.95097},
{4.84485,4.17741,2.95175},
{4.84438,4.17755,2.95254},
{4.8439,4.17768,2.95332},
{4.84343,4.17781,2.95411},
{4.84296,4.17794,2.95489},
{4.84249,4.17807,2.95568},
{4.84202,4.1782,2.95646},
{4.84155,4.17833,2.95725},
{4.84107,4.17846,2.95803},
{4.8406,4.17859,2.95882},
{4.84192,4.1782,2.95668},
{4.84149,4.1783,2.95747},
{4.84105,4.1784,2.95825},
{4.84061,4.1785,2.95904},
{4.84018,4.17859,2.95983},
{4.83974,4.17869,2.96061},
{4.83931,4.17879,2.9614},
{4.83887,4.17889,2.96218},
{4.83844,4.17899,2.96297},
{4.838,4.17909,2.96375},
{4.83756,4.17918,2.96454},
{4.83713,4.17928,2.96532},
{4.83669,4.17938,2.96611},
{4.83626,4.17948,2.96689},
{4.83582,4.17958,2.96768},
{4.83539,4.17968,2.96847},
{4.83495,4.17977,2.96925},
{4.83452,4.17987,2.97004},
{4.83408,4.17997,2.97082},
{4.83364,4.18007,2.97161},
{4.83321,4.18017,2.97239},
{4.83277,4.18027,2.97318},
{4.83234,4.18036,2.97396},
{4.8319,4.18046,2.97475},
{4.83147,4.18056,2.97554},
{4.83103,4.18066,2.97632},
{4.8306,4.18076,2.97711},
{4.83016,4.18086,2.97789},
{4.82972,4.18095,2.97868},
{4.82929,4.18105,2.97946},
{4.82885,4.18115,2.98025},
{4.82842,4.18125,2.98103},
{4.82798,4.18135,2.98182},
{4.82755,4.18144,2.98261},
{4.82711,4.18154,2.98339},
{4.82667,4.18164,2.98418},
{4.82624,4.18174,2.98496},
{4.8258,4.18184,2.98575},
{4.82537,4.18194,2.98653},
{4.82493,4.18203,2.98732},
{4.8245,4.18213,2.9881},
{4.82406,4.18223,2.98889},
{4.82363,4.18233,2.98967},
{4.82319,4.18243,2.99046},
{4.82275,4.18253,2.99125},
{4.82232,4.18262,2.99203},
{4.82188,4.18272,2.99282},
{4.82145,4.18282,2.9936},
{4.82101,4.18292,2.99439},
{4.82058,4.18302,2.99517},
{4.82014,4.18312,2.99596},
{4.81971,4.18321,2.99674},
{4.81927,4.18331,2.99753},
{4.81883,4.18341,2.99832},
{4.8184,4.18351,2.9991},
{4.81796,4.18361,2.99989},
{4.81753,4.18371,3.00067},
{4.81709,4.1838,3.00146},
{4.81666,4.1839,3.00224},
{4.81622,4.184,3.00303},
{4.81579,4.1841,3.00381},
{4.81535,4.1842,3.0046},
{4.81491,4.1843,3.00539},
{4.81448,4.18439,3.00617},
{4.81404,4.18449,3.00696},
{4.81361,4.18459,3.00774},
{4.81317,4.18469,3.00853},
{4.81274,4.18479,3.00931},
{4.8123,4.18488,3.0101},
{4.81186,4.18498,3.01088},
{4.81143,4.18508,3.01167},
{4.81099,4.18518,3.01245},
{4.81056,4.18528,3.01324},
{4.81012,4.18538,3.01403},
{4.80969,4.18547,3.01481},
{4.80925,4.18557,3.0156},
{4.80882,4.18567,3.01638},
{4.80838,4.18577,3.01717},
{4.80794,4.18587,3.01795},
{4.80751,4.18597,3.01874},
{4.80707,4.18606,3.01952},
{4.80664,4.18616,3.02031},
{4.8062,4.18626,3.0211},
{4.80577,4.18636,3.02188},
{4.80533,4.18646,3.02267},
{4.8049,4.18656,3.02345},
{4.80446,4.18665,3.02424},
{4.80402,4.18675,3.02502},
{4.80359,4.18685,3.02581},
{4.80315,4.18695,3.02659},
{4.80272,4.18705,3.02738},
{4.80228,4.18715,3.02817},
{4.80185,4.18724,3.02895},
{4.80141,4.18734,3.02974},
{4.80097,4.18744,3.03052},
{4.80054,4.18754,3.03131},
{4.80193,4.18721,3.02887},
{4.80153,4.18728,3.02965},
{4.80114,4.18735,3.03044},
{4.80074,4.18742,3.03122},
{4.80035,4.18749,3.03201},
{4.79995,4.18756,3.03279},
{4.79956,4.18763,3.03358},
{4.79916,4.1877,3.03436},
{4.79877,4.18777,3.03515},
{4.79837,4.18784,3.03593},
{4.79798,4.18792,3.03672},
{4.79758,4.18799,3.0375},
{4.79718,4.18806,3.03829},
{4.79679,4.18813,3.03907},
{4.79639,4.1882,3.03986},
{4.796,4.18827,3.04064},
{4.7956,4.18834,3.04143},
{4.79521,4.18841,3.04221},
{4.79481,4.18848,3.043},
{4.79442,4.18855,3.04379},
{4.79402,4.18862,3.04457},
{4.79362,4.18869,3.04536},
{4.79323,4.18877,3.04614},
{4.79283,4.18884,3.04693},
{4.79244,4.18891,3.04771},
{4.79204,4.18898,3.0485},
{4.79165,4.18905,3.04928},
{4.79125,4.18912,3.05007},
{4.79086,4.18919,3.05085},
{4.79046,4.18926,3.05164},
{4.79006,4.18933,3.05242},
{4.78967,4.1894,3.05321},
{4.78927,4.18947,3.05399},
{4.78888,4.18954,3.05478},
{4.78848,4.18962,3.05556},
{4.78809,4.18969,3.05635},
{4.78769,4.18976,3.05713},
{4.7873,4.18983,3.05792},
{4.7869,4.1899,3.0587},
{4.7865,4.18997,3.05949},
{4.78611,4.19004,3.06028},
{4.78571,4.19011,3.06106},
{4.78532,4.19018,3.06185},
{4.78492,4.19025,3.06263},
{4.78453,4.19032,3.06342},
{4.78413,4.19039,3.0642},
{4.78374,4.19046,3.06499},
{4.78334,4.19054,3.06577},
{4.78295,4.19061,3.06656},
{4.78255,4.19068,3.06734},
{4.78215,4.19075,3.06813},
{4.78176,4.19082,3.06891},
{4.78136,4.19089,3.0697},
{4.78097,4.19096,3.07048},
{4.78057,4.19103,3.07127},
{4.78018,4.1911,3.07205},
{4.77978,4.19117,3.07284},
{4.77939,4.19124,3.07362},
{4.77899,4.19131,3.07441},
{4.77859,4.19139,3.07519},
{4.7782,4.19146,3.07598},
{4.7778,4.19153,3.07677},
{4.77741,4.1916,3.07755},
{4.77701,4.19167,3.07834},
{4.77662,4.19174,3.07912},
{4.77622,4.19181,3.07991},
{4.77583,4.19188,3.08069},
{4.77543,4.19195,3.08148},
{4.77503,4.19202,3.08226},
{4.77464,4.19209,3.08305},
{4.77424,4.19216,3.08383},
{4.77385,4.19223,3.08462},
{4.77345,4.19231,3.0854},
{4.77306,4.19238,3.08619},
{4.77266,4.19245,3.08697},
{4.77227,4.19252,3.08776},
{4.77187,4.19259,3.08854},
{4.77148,4.19266,3.08933},
{4.77108,4.19273,3.09011},
{4.77068,4.1928,3.0909},
{4.77029,4.19287,3.09169},
{4.76989,4.19294,3.09247},
{4.7695,4.19301,3.09326},
{4.7691,4.19308,3.09404},
{4.76871,4.19316,3.09483},
{4.76831,4.19323,3.09561},
{4.76792,4.1933,3.0964},
{4.76752,4.19337,3.09718},
{4.76712,4.19344,3.09797},
{4.76673,4.19351,3.09875},
{4.76633,4.19358,3.09954},
{4.76594,4.19365,3.10032},
{4.76736,4.19338,3.09759},
{4.767,4.19343,3.09838},
{4.76665,4.19348,3.09916},
{4.76629,4.19353,3.09995},
{4.76594,4.19357,3.10073},
{4.76559,4.19362,3.10152},
{4.76523,4.19367,3.10231},
{4.76488,4.19372,3.10309},
{4.76453,4.19376,3.10388},
{4.76417,4.19381,3.10466},
{4.76382,4.19386,3.10545},
{4.76347,4.19391,3.10623},
{4.76311,4.19396,3.10702},
{4.76276,4.194,3.1078},
{4.76241,4.19405,3.10859},
{4.76205,4.1941,3.10938},
{4.7617,4.19415,3.11016},
{4.76135,4.19419,3.11095},
{4.76099,4.19424,3.11173},
{4.76064,4.19429,3.11252},
{4.76029,4.19434,3.1133},
{4.75993,4.19439,3.11409},
{4.75958,4.19443,3.11487},
{4.75922,4.19448,3.11566},
{4.75887,4.19453,3.11645},
{4.75852,4.19458,3.11723},
{4.75816,4.19463,3.11802},
{4.75781,4.19467,3.1188},
{4.75746,4.19472,3.11959},
{4.7571,4.19477,3.12037},
{4.75675,4.19482,3.12116},
{4.7564,4.19486,3.12194},
{4.75604,4.19491,3.12273},
{4.75569,4.19496,3.12352},
{4.75534,4.19501,3.1243},
{4.75498,4.19506,3.12509},
{4.75463,4.1951,3.12587},
{4.75428,4.19515,3.12666},
{4.75392,4.1952,3.12744},
{4.75357,4.19525,3.12823},
{4.75322,4.19529,3.12901},
{4.75286,4.19534,3.1298},
{4.75251,4.19539,3.13059},
{4.75215,4.19544,3.13137},
{4.7518,4.19549,3.13216},
{4.75145,4.19553,3.13294},
{4.75109,4.19558,3.13373},
{4.75074,4.19563,3.13451},
{4.75039,4.19568,3.1353},
{4.75003,4.19573,3.13608},
{4.74968,4.19577,3.13687},
{4.74933,4.19582,3.13766},
{4.74897,4.19587,3.13844},
{4.74862,4.19592,3.13923},
{4.74827,4.19596,3.14001},
{4.74791,4.19601,3.1408},
{4.74756,4.19606,3.14158},
{4.74721,4.19611,-3.14082},
{4.74685,4.19616,-3.14003},
{4.7465,4.1962,-3.13925},
{4.74615,4.19625,-3.13846},
{4.74579,4.1963,-3.13767},
{4.74544,4.19635,-3.13689},
{4.74508,4.19639,-3.1361},
{4.74473,4.19644,-3.13532},
{4.74438,4.19649,-3.13453},
{4.74402,4.19654,-3.13375},
{4.74367,4.19659,-3.13296},
{4.74332,4.19663,-3.13217},
{4.74296,4.19668,-3.13139},
{4.74261,4.19673,-3.1306},
{4.74226,4.19678,-3.12982},
{4.7419,4.19683,-3.12903},
{4.74155,4.19687,-3.12825},
{4.7412,4.19692,-3.12746},
{4.74084,4.19697,-3.12668},
{4.74049,4.19702,-3.12589},
{4.74014,4.19706,-3.1251},
{4.73978,4.19711,-3.12432},
{4.73943,4.19716,-3.12353},
{4.73908,4.19721,-3.12275},
{4.73872,4.19726,-3.12196},
{4.73837,4.1973,-3.12118},
{4.73801,4.19735,-3.12039},
{4.73766,4.1974,-3.11961},
{4.73731,4.19745,-3.11882},
{4.73695,4.19749,-3.11803},
{4.73833,4.1973,-3.12104},
{4.73802,4.19733,-3.12026},
{4.73771,4.19736,-3.11947},
{4.7374,4.19739,-3.11869},
{4.73709,4.19742,-3.1179},
{4.73678,4.19745,-3.11712},
{4.73647,4.19748,-3.11633},
{4.73616,4.19751,-3.11555},
{4.73585,4.19754,-3.11476},
{4.73554,4.19757,-3.11398},
{4.73523,4.1976,-3.11319},
{4.73492,4.19763,-3.11241},
{4.73461,4.19766,-3.11162},
{4.7343,4.19769,-3.11084},
{4.73399,4.19771,-3.11005},
{4.73368,4.19774,-3.10927},
{4.73337,4.19777,-3.10848},
{4.73306,4.1978,-3.1077},
{4.73275,4.19783,-3.10691},
{4.73244,4.19786,-3.10613},
{4.73213,4.19789,-3.10534},
{4.73182,4.19792,-3.10456},
{4.73151,4.19795,-3.10377},
{4.7312,4.19798,-3.10299},
{4.73089,4.19801,-3.1022},
{4.73058,4.19804,-3.10141},
{4.73027,4.19807,-3.10063},
{4.72996,4.1981,-3.09984},
{4.72965,4.19813,-3.09906},
{4.72934,4.19816,-3.09827},
{4.72903,4.19819,-3.09749},
{4.72872,4.19822,-3.0967},
{4.72841,4.19825,-3.09592},
{4.7281,4.19828,-3.09513},
{4.72779,4.1983,-3.09435},
{4.72748,4.19833,-3.09356},
{4.72717,4.19836,-3.09278},
{4.72686,4.19839,-3.09199},
{4.72655,4.19842,-3.09121},
{4.72624,4.19845,-3.09042},
{4.72593,4.19848,-3.08964},
{4.72562,4.19851,-3.08885},
{4.72531,4.19854,-3.08807},
{4.725,4.19857,-3.08728},
{4.72469,4.1986,-3.0865},
{4.72438,4.19863,-3.08571},
{4.72407,4.19866,-3.08493},
{4.72376,4.19869,-3.08414},
{4.72345,4.19872,-3.08336},
{4.72314,4.19875,-3.08257},
{4.72283,4.19878,-3.08179},
{4.72252,4.19881,-3.081},
{4.72221,4.19884,-3.08021},
{4.7219,4.19887,-3.07943},
{4.72159,4.19889,-3.07864},
{4.72128,4.19892,-3.07786},
{4.72097,4.19895,-3.07707},
{4.72066,4.19898,-3.07629},
{4.72035,4.19901,-3.0755},
{4.72004,4.19904,-3.07472},
{4.71973,4.19907,-3.07393},
{4.71942,4.1991,-3.07315},
{4.71911,4.19913,-3.07236},
{4.7188,4.19916,-3.07158},
{4.71849,4.19919,-3.07079},
{4.71818,4.19922,-3.07001},
{4.71787,4.19925,-3.06922},
{4.71756,4.19928,-3.06844},
{4.71725,4.19931,-3.06765},
{4.71694,4.19934,-3.06687},
{4.71663,4.19937,-3.06608},
{4.71632,4.1994,-3.0653},
{4.71601,4.19943,-3.06451},
{4.7157,4.19946,-3.06373},
{4.71539,4.19949,-3.06294},
{4.71508,4.19951,-3.06216},
{4.71477,4.19954,-3.06137},
{4.71446,4.19957,-3.06059},
{4.71415,4.1996,-3.0598},
{4.71384,4.19963,-3.05902},
{4.71353,4.19966,-3.05823},
{4.71322,4.19969,-3.05744},
{4.71291,4.19972,-3.05666},
{4.71424,4.19959,-3.05993},
{4.71397,4.1996,-3.05914},
{4.71371,4.19962,-3.05836},
{4.71344,4.19963,-3.05757},
{4.71317,4.19965,-3.05679},
{4.71291,4.19966,-3.056},
{4.71264,4.19968,-3.05521},
{4.71237,4.19969,-3.05443},
{4.71211,4.19971,-3.05364},
{4.71184,4.19972,-3.05286},
{4.71157,4.19974,-3.05207},
{4.71131,4.19976,-3.05129},
{4.71104,4.19977,-3.0505},
{4.71077,4.19979,-3.04971},
{4.71051,4.1998,-3.04893},
{4.71024,4.19982,-3.04814},
{4.70997,4.19983,-3.04736},
{4.70971,4.19985,-3.04657},
{4.70944,4.19986,-3.04579},
{4.70917,4.19988,-3.045},
{4.70891,4.19989,-3.04421},
{4.70864,4.19991,-3.04343},
{4.70837,4.19993,-3.04264},
{4.70811,4.19994,-3.04186},
{4.70784,4.19996,-3.04107},
{4.70757,4.19997,-3.04029},
{4.70731,4.19999,-3.0395},
{4.70704,4.2,-3.03871},
{4.70677,4.20002,-3.03793},
{4.70651,4.20003,-3.03714},
{4.70624,4.20005,-3.03636},
{4.70597,4.20007,-3.03557},
{4.70571,4.20008,-3.03479},
{4.70544,4.2001,-3.034},
{4.70517,4.20011,-3.03322},
{4.70491,4.20013,-3.03243},
{4.70464,4.20014,-3.03164},
{4.70437,4.20016,-3.03086},
{4.70411,4.20017,-3.03007},
{4.70384,4.20019,-3.02929},
{4.70357,4.2002,-3.0285},
{4.70331,4.20022,-3.02772},
{4.70304,4.20024,-3.02693},
{4.70277,4.20025,-3.02614},
{4.70251,4.20027,-3.02536},
{4.70224,4.20028,-3.02457},
{4.70197,4.2003,-3.02379},
{4.70171,4.20031,-3.023},
{4.70144,4.20033,-3.02222},
{4.70117,4.20034,-3.02143},
{4.70091,4.20036,-3.02064},
{4.70064,4.20037,-3.01986},
{4.70037,4.20039,-3.01907},
{4.70011,4.20041,-3.01829},
{4.69984,4.20042,-3.0175},
{4.69957,4.20044,-3.01672},
{4.69931,4.20045,-3.01593},
{4.69904,4.20047,-3.01514},
{4.69877,4.20048,-3.01436},
{4.69851,4.2005,-3.01357},
{4.69824,4.20051,-3.01279},
{4.69797,4.20053,-3.012},
{4.69771,4.20054,-3.01122},
{4.69744,4.20056,-3.01043},
{4.69717,4.20058,-3.00964},
{4.69691,4.20059,-3.00886},
{4.69664,4.20061,-3.00807},
{4.69637,4.20062,-3.00729},
{4.69611,4.20064,-3.0065},
{4.69584,4.20065,-3.00572},
{4.69557,4.20067,-3.00493},
{4.69531,4.20068,-3.00414},
{4.69504,4.2007,-3.00336},
{4.69477,4.20071,-3.00257},
{4.69451,4.20073,-3.00179},
{4.69424,4.20075,-3.001},
{4.69397,4.20076,-3.00022},
{4.69519,4.20069,-3.00373},
{4.69496,4.20069,-3.00295},
{4.69474,4.2007,-3.00216},
{4.69451,4.2007,-3.00138},
{4.69429,4.20071,-3.00059},
{4.69407,4.20071,-2.99981},
{4.69384,4.20072,-2.99902},
{4.69362,4.20073,-2.99824},
{4.69339,4.20073,-2.99745},
{4.69317,4.20074,-2.99667},
{4.69295,4.20074,-2.99588},
{4.69272,4.20075,-2.9951},
{4.6925,4.20075,-2.99431},
{4.69227,4.20076,-2.99353},
{4.69205,4.20076,-2.99274},
{4.69183,4.20077,-2.99196},
{4.6916,4.20078,-2.99117},
{4.69138,4.20078,-2.99039},
{4.69115,4.20079,-2.9896},
{4.69093,4.20079,-2.98882},
{4.69071,4.2008,-2.98803},
{4.69048,4.2008,-2.98725},
{4.69026,4.20081,-2.98646},
{4.69003,4.20081,-2.98568},
{4.68981,4.20082,-2.98489},
{4.68959,4.20082,-2.98411},
{4.68936,4.20083,-2.98332},
{4.68914,4.20084,-2.98254},
{4.68891,4.20084,-2.98175},
{4.68869,4.20085,-2.98097},
{4.68847,4.20085,-2.98018},
{4.68824,4.20086,-2.9794},
{4.68802,4.20086,-2.97861},
{4.68779,4.20087,-2.97783},
{4.68757,4.20087,-2.97704},
{4.68735,4.20088,-2.97626},
{4.68712,4.20088,-2.97547},
{4.6869,4.20089,-2.97469},
{4.68668,4.2009,-2.9739},
{4.68645,4.2009,-2.97312},
{4.68623,4.20091,-2.97233},
{4.686,4.20091,-2.97155},
{4.68578,4.20092,-2.97076},
{4.68556,4.20092,-2.96998},
{4.68533,4.20093,-2.96919},
{4.68511,4.20093,-2.96841},
{4.68488,4.20094,-2.96762},
{4.68466,4.20094,-2.96684},
{4.68444,4.20095,-2.96605},
{4.68421,4.20096,-2.96527},
{4.68399,4.20096,-2.96448},
{4.68376,4.20097,-2.9637},
{4.68354,4.20097,-2.96291},
{4.68332,4.20098,-2.96213},
{4.68309,4.20098,-2.96134},
{4.68287,4.20099,-2.96056},
{4.68264,4.20099,-2.95977},
{4.68242,4.201,-2.95899},
{4.6822,4.20101,-2.9582},
{4.68197,4.20101,-2.95742},
{4.68175,4.20102,-2.95663},
{4.68152,4.20102,-2.95585},
{4.6813,4.20103,-2.95506},
{4.68108,4.20103,-2.95428},
{4.68085,4.20104,-2.95349},
{4.68063,4.20104,-2.95271},
{4.6804,4.20105,-2.95192},
{4.68018,4.20105,-2.95114},
{4.67996,4.20106,-2.95035},
{4.67973,4.20107,-2.94957},
{4.67951,4.20107,-2.94878},
{4.67928,4.20108,-2.948},
{4.68037,4.20105,-2.95174},
{4.68019,4.20105,-2.95095},
{4.68,4.20104,-2.95017},
{4.67982,4.20104,-2.94938},
{4.67964,4.20104,-2.94859},
{4.67945,4.20104,-2.94781},
{4.67927,4.20104,-2.94702},
{4.67909,4.20104,-2.94624},
{4.6789,4.20104,-2.94545},
{4.67872,4.20104,-2.94466},
{4.67854,4.20104,-2.94388},
{4.67835,4.20103,-2.94309},
{4.67817,4.20103,-2.94231},
{4.67799,4.20103,-2.94152},
{4.6778,4.20103,-2.94073},
{4.67762,4.20103,-2.93995},
{4.67744,4.20103,-2.93916},
{4.67725,4.20103,-2.93838},
{4.67707,4.20103,-2.93759},
{4.67689,4.20103,-2.9368},
{4.6767,4.20102,-2.93602},
{4.67652,4.20102,-2.93523},
{4.67634,4.20102,-2.93445},
{4.67615,4.20102,-2.93366},
{4.67597,4.20102,-2.93287},
{4.67579,4.20102,-2.93209},
{4.6756,4.20102,-2.9313},
{4.67542,4.20102,-2.93052},
{4.67524,4.20102,-2.92973},
{4.67505,4.20101,-2.92894},
{4.67487,4.20101,-2.92816},
{4.67469,4.20101,-2.92737},
{4.6745,4.20101,-2.92659},
{4.67432,4.20101,-2.9258},
{4.67414,4.20101,-2.92501},
{4.67395,4.20101,-2.92423},
{4.67377,4.20101,-2.92344},
{4.67359,4.20101,-2.92266},
{4.6734,4.201,-2.92187},
{4.67322,4.201,-2.92108},
{4.67304,4.201,-2.9203},
{4.67285,4.201,-2.91951},
{4.67267,4.201,-2.91873},
{4.67249,4.201,-2.91794},
{4.6723,4.201,-2.91715},
{4.67212,4.201,-2.91637},
{4.67194,4.201,-2.91558},
{4.67175,4.20099,-2.9148},
{4.67157,4.20099,-2.91401},
{4.67139,4.20099,-2.91322},
{4.6712,4.20099,-2.91244},
{4.67102,4.20099,-2.91165},
{4.67083,4.20099,-2.91086},
{4.67065,4.20099,-2.91008},
{4.67047,4.20099,-2.90929},
{4.67028,4.20099,-2.90851},
{4.6701,4.20098,-2.90772},
{4.66992,4.20098,-2.90693},
{4.66973,4.20098,-2.90615},
{4.66955,4.20098,-2.90536},
{4.66937,4.20098,-2.90458},
{4.66918,4.20098,-2.90379},
{4.669,4.20098,-2.903},
{4.66882,4.20098,-2.90222},
{4.66863,4.20098,-2.90143},
{4.66845,4.20097,-2.90065},
{4.66938,4.20098,-2.9046},
{4.66924,4.20097,-2.90382},
{4.66909,4.20097,-2.90303},
{4.66895,4.20097,-2.90225},
{4.6688,4.20096,-2.90147},
{4.66866,4.20096,-2.90068},
{4.66851,4.20095,-2.8999},
{4.66837,4.20095,-2.89911},
{4.66822,4.20094,-2.89833},
{4.66808,4.20094,-2.89754},
{4.66793,4.20093,-2.89676},
{4.66779,4.20093,-2.89598},
{4.66764,4.20092,-2.89519},
{4.6675,4.20092,-2.89441},
{4.66735,4.20091,-2.89362},
{4.66721,4.20091,-2.89284},
{4.66706,4.20091,-2.89206},
{4.66692,4.2009,-2.89127},
{4.66677,4.2009,-2.89049},
{4.66663,4.20089,-2.8897},
{4.66648,4.20089,-2.88892},
{4.66634,4.20088,-2.88813},
{4.66619,4.20088,-2.88735},
{4.66605,4.20087,-2.88657},
{4.6659,4.20087,-2.88578},
{4.66576,4.20086,-2.885},
{4.66561,4.20086,-2.88421},
{4.66547,4.20085,-2.88343},
{4.66532,4.20085,-2.88264},
{4.66518,4.20084,-2.88186},
{4.66503,4.20084,-2.88108},
{4.66488,4.20084,-2.88029},
{4.66474,4.20083,-2.87951},
{4.66459,4.20083,-2.87872},
{4.66445,4.20082,-2.87794},
{4.6643,4.20082,-2.87716},
{4.66416,4.20081,-2.87637},
{4.66401,4.20081,-2.87559},
{4.66387,4.2008,-2.8748},
{4.66372,4.2008,-2.87402},
{4.66358,4.20079,-2.87323},
{4.66343,4.20079,-2.87245},
{4.66329,4.20078,-2.87167},
{4.66314,4.20078,-2.87088},
{4.663,4.20077,-2.8701},
{4.66285,4.20077,-2.86931},
{4.66271,4.20077,-2.86853},
{4.66256,4.20076,-2.86775},
{4.66242,4.20076,-2.86696},
{4.66227,4.20075,-2.86618},
{4.66213,4.20075,-2.86539},
{4.66198,4.20074,-2.86461},
{4.66184,4.20074,-2.86382},
{4.66169,4.20073,-2.86304},
{4.66155,4.20073,-2.86226},
{4.6614,4.20072,-2.86147},
{4.66126,4.20072,-2.86069},
{4.66111,4.20071,-2.8599},
{4.66097,4.20071,-2.85912},
{4.66082,4.2007,-2.85834},
{4.66159,4.20073,-2.86247},
{4.66148,4.20072,-2.86168},
{4.66137,4.20072,-2.86089},
{4.66126,4.20071,-2.8601},
{4.66115,4.20071,-2.85932},
{4.66104,4.2007,-2.85853},
{4.66093,4.20069,-2.85774},
{4.66082,4.20069,-2.85695},
{4.66071,4.20068,-2.85616},
{4.6606,4.20068,-2.85537},
{4.66049,4.20067,-2.85458},
{4.66037,4.20066,-2.85379},
{4.66026,4.20066,-2.85301},
{4.66015,4.20065,-2.85222},
{4.66004,4.20065,-2.85143},
{4.65993,4.20064,-2.85064},
{4.65982,4.20063,-2.84985},
{4.65971,4.20063,-2.84906},
{4.6596,4.20062,-2.84827},
{4.65949,4.20062,-2.84748},
{4.65938,4.20061,-2.8467},
{4.65927,4.2006,-2.84591},
{4.65916,4.2006,-2.84512},
{4.65905,4.20059,-2.84433},
{4.65894,4.20059,-2.84354},
{4.65883,4.20058,-2.84275},
{4.65872,4.20057,-2.84196},
{4.65861,4.20057,-2.84117},
{4.6585,4.20056,-2.84039},
{4.65839,4.20056,-2.8396},
{4.65828,4.20055,-2.83881},
{4.65817,4.20054,-2.83802},
{4.65806,4.20054,-2.83723},
{4.65795,4.20053,-2.83644},
{4.65784,4.20053,-2.83565},
{4.65773,4.20052,-2.83486},
{4.65762,4.20051,-2.83408},
{4.6575,4.20051,-2.83329},
{4.65739,4.2005,-2.8325},
{4.65728,4.2005,-2.83171},
{4.65717,4.20049,-2.83092},
{4.65706,4.20048,-2.83013},
{4.65695,4.20048,-2.82934},
{4.65684,4.20047,-2.82855},
{4.65673,4.20047,-2.82777},
{4.65662,4.20046,-2.82698},
{4.65651,4.20046,-2.82619},
{4.6564,4.20045,-2.8254},
{4.65629,4.20044,-2.82461},
{4.65618,4.20044,-2.82382},
{4.65607,4.20043,-2.82303},
{4.65596,4.20043,-2.82224},
{4.65585,4.20042,-2.82146},
{4.65574,4.20041,-2.82067},
{4.65635,4.20045,-2.825},
{4.65627,4.20044,-2.82426},
{4.65619,4.20044,-2.82351},
{4.65611,4.20043,-2.82277},
{4.65603,4.20042,-2.82202},
{4.65595,4.20042,-2.82127},
{4.65587,4.20041,-2.82053},
{4.65579,4.20041,-2.81978},
{4.65571,4.2004,-2.81904},
{4.65564,4.2004,-2.81829},
{4.65556,4.20039,-2.81754},
{4.65548,4.20039,-2.8168},
{4.6554,4.20038,-2.81605},
{4.65532,4.20038,-2.81531},
{4.65524,4.20037,-2.81456},
{4.65516,4.20036,-2.81381},
{4.65508,4.20036,-2.81307},
{4.655,4.20035,-2.81232},
{4.65492,4.20035,-2.81157},
{4.65484,4.20034,-2.81083},
{4.65476,4.20034,-2.81008},
{4.65468,4.20033,-2.80934},
{4.6546,4.20033,-2.80859},
{4.65453,4.20032,-2.80784},
{4.65445,4.20032,-2.8071},
{4.65437,4.20031,-2.80635},
{4.65429,4.2003,-2.80561},
{4.65421,4.2003,-2.80486},
{4.65413,4.20029,-2.80411},
{4.65405,4.20029,-2.80337},
{4.65397,4.20028,-2.80262},
{4.65389,4.20028,-2.80188},
{4.65381,4.20027,-2.80113},
{4.65373,4.20027,-2.80038},
{4.65365,4.20026,-2.79964},
{4.65357,4.20026,-2.79889},
{4.6535,4.20025,-2.79815},
{4.65342,4.20024,-2.7974},
{4.65334,4.20024,-2.79665},
{4.65326,4.20023,-2.79591},
{4.65318,4.20023,-2.79516},
{4.6531,4.20022,-2.79442},
{4.65302,4.20022,-2.79367},
{4.65294,4.20021,-2.79292},
{4.65286,4.20021,-2.79218},
{4.65278,4.2002,-2.79143},
{4.6527,4.2002,-2.79069},
{4.65262,4.20019,-2.78994},
{4.65309,4.20022,-2.7943},
{4.65304,4.20022,-2.79372},
{4.65299,4.20021,-2.79314},
{4.65293,4.20021,-2.79256},
{4.65288,4.20021,-2.79198},
{4.65283,4.2002,-2.7914},
{4.65277,4.2002,-2.79082},
{4.65272,4.20019,-2.79025},
{4.65267,4.20019,-2.78967},
{4.65262,4.20019,-2.78909},
{4.65256,4.20018,-2.78851},
{4.65251,4.20018,-2.78793},
{4.65246,4.20018,-2.78735},
{4.6524,4.20017,-2.78677},
{4.65235,4.20017,-2.78619},
{4.6523,4.20016,-2.78562},
{4.65224,4.20016,-2.78504},
{4.65219,4.20016,-2.78446},
{4.65214,4.20015,-2.78388},
{4.65209,4.20015,-2.7833},
{4.65203,4.20014,-2.78272},
{4.65198,4.20014,-2.78214},
{4.65193,4.20014,-2.78156},
{4.65187,4.20013,-2.78099},
{4.65182,4.20013,-2.78041},
{4.65177,4.20012,-2.77983},
{4.65171,4.20012,-2.77925},
{4.65166,4.20012,-2.77867},
{4.65161,4.20011,-2.77809},
{4.65156,4.20011,-2.77751},
{4.6515,4.20011,-2.77693},
{4.65145,4.2001,-2.77636},
{4.6514,4.2001,-2.77578},
{4.65134,4.20009,-2.7752},
{4.65129,4.20009,-2.77462},
{4.65124,4.20009,-2.77404},
{4.65118,4.20008,-2.77346},
{4.65113,4.20008,-2.77288},
{4.65108,4.20007,-2.7723},
{4.65103,4.20007,-2.77173},
{4.65097,4.20007,-2.77115},
{4.6513,4.20009,-2.77473},
{4.65127,4.20009,-2.77436},
{4.65124,4.20009,-2.77399},
{4.6512,4.20008,-2.77363},
{4.65117,4.20008,-2.77326},
{4.65114,4.20008,-2.77289},
{4.6511,4.20008,-2.77252},
{4.65107,4.20007,-2.77215},
{4.65104,4.20007,-2.77178},
{4.65101,4.20007,-2.77141},
{4.65097,4.20007,-2.77104},
{4.65094,4.20006,-2.77067},
{4.65091,4.20006,-2.77031},
{4.65087,4.20006,-2.76994},
{4.65084,4.20006,-2.76957},
{4.65081,4.20005,-2.7692},
{4.65078,4.20005,-2.76883},
{4.65074,4.20005,-2.76846},
{4.65071,4.20005,-2.76809},
{4.65068,4.20005,-2.76772},
{4.65064,4.20004,-2.76735},
{4.65061,4.20004,-2.76699},
{4.65058,4.20004,-2.76662},
{4.65055,4.20004,-2.76625},
{4.65051,4.20003,-2.76588},
{4.65048,4.20003,-2.76551},
{4.65045,4.20003,-2.76514},
{4.65041,4.20003,-2.76477},
{4.65038,4.20002,-2.7644},
{4.65035,4.20002,-2.76404},
{4.65032,4.20002,-2.76367},
{4.65028,4.20002,-2.7633},
{4.65025,4.20001,-2.76293},
{4.65045,4.20003,-2.76515},
{4.65043,4.20003,-2.76494},
{4.65041,4.20003,-2.76474},
{4.6504,4.20003,-2.76454},
{4.65038,4.20002,-2.76434},
{4.65036,4.20002,-2.76414},
{4.65034,4.20002,-2.76394},
{4.65033,4.20002,-2.76374},
{4.65031,4.20002,-2.76354},
{4.65029,4.20002,-2.76333},
{4.65027,4.20002,-2.76313},
{4.65026,4.20002,-2.76293},
{4.65024,4.20002,-2.76273},
{4.65022,4.20001,-2.76253},
{4.6502,4.20001,-2.76233},
{4.65019,4.20001,-2.76213},
{4.65017,4.20001,-2.76193},
{4.65015,4.20001,-2.76173},
{4.65013,4.20001,-2.76152},
{4.65012,4.20001,-2.76132},
{4.6501,4.20001,-2.76112},
{4.65008,4.20001,-2.76092},
{4.65006,4.2,-2.76072},
{4.65005,4.2,-2.76052},
{4.65003,4.2,-2.76032},
{4.65001,4.2,-2.76012},
{4.64999,4.2,-2.75991},
{4.6501,4.20001,-2.76116},
{4.65009,4.20001,-2.76107},
{4.65009,4.20001,-2.76099},
{4.65008,4.20001,-2.7609},
{4.65007,4.2,-2.76082},
{4.65007,4.2,-2.76074},
{4.65006,4.2,-2.76065},
{4.65005,4.2,-2.76057},
{4.65004,4.2,-2.76048},
{4.65004,4.2,-2.7604},
{4.65003,4.2,-2.76032},
{4.65002,4.2,-2.76023},
{4.65001,4.2,-2.76015},
{4.65001,4.2,-2.76006},
{4.65,4.2,-2.75998},
{4.64999,4.2,-2.75989},
{4.64998,4.2,-2.75981},
{4.64998,4.2,-2.75973},
{4.64997,4.2,-2.75964},
{4.64996,4.2,-2.75956},
{4.65001,4.2,-2.7601},
{4.65001,4.2,-2.76008},
{4.65001,4.2,-2.76006},
{4.65,4.2,-2.76004},
{4.65,4.2,-2.76002},
{4.65,4.2,-2.76},
{4.65,4.2,-2.75998},
{4.65,4.2,-2.75996},
{4.65,4.2,-2.75994},
{4.64999,4.2,-2.75992},
{4.64999,4.2,-2.7599},
{4.64999,4.2,-2.75988},
{4.64999,4.2,-2.75987},
{4.65,4.2,-2.76}